video_name,event,start_time,end_time
v_ApplyEyeMakeup_g01_c01.avi,ApplyEyeMakeup,17:43:20,17:43:39
v_ApplyEyeMakeup_g01_c03.avi,ApplyEyeMakeup,18:33:02,18:33:26
v_ApplyEyeMakeup_g01_c04.avi,ApplyEyeMakeup,19:42:58,19:44:41
v_ApplyEyeMakeup_g01_c05.avi,ApplyEyeMakeup,16:17:09,16:18:21
v_ApplyEyeMakeup_g02_c01.avi,ApplyEyeMakeup,07:40:50,07:41:18
v_ApplyEyeMakeup_g02_c02.avi,ApplyEyeMakeup,21:08:22,21:09:15
v_ApplyEyeMakeup_g02_c03.avi,ApplyEyeMakeup,10:20:54,10:21:29
v_ApplyEyeMakeup_g02_c04.avi,ApplyEyeMakeup,19:06:29,19:07:34
v_ApplyEyeMakeup_g03_c01.avi,ApplyEyeMakeup,11:26:50,11:27:36
v_ApplyEyeMakeup_g03_c03.avi,ApplyEyeMakeup,13:47:05,13:47:22
v_ApplyEyeMakeup_g03_c04.avi,ApplyEyeMakeup,08:35:45,08:37:41
v_ApplyEyeMakeup_g03_c05.avi,ApplyEyeMakeup,16:26:14,16:26:51
v_ApplyEyeMakeup_g03_c06.avi,ApplyEyeMakeup,21:59:00,22:00:56
v_ApplyEyeMakeup_g04_c01.avi,ApplyEyeMakeup,19:55:17,19:56:04
v_ApplyEyeMakeup_g04_c03.avi,ApplyEyeMakeup,20:14:32,20:15:47
v_ApplyEyeMakeup_g04_c04.avi,ApplyEyeMakeup,14:05:01,14:05:46
v_ApplyEyeMakeup_g04_c06.avi,ApplyEyeMakeup,07:41:52,07:42:41
v_ApplyEyeMakeup_g04_c07.avi,ApplyEyeMakeup,06:23:40,06:24:08
v_ApplyEyeMakeup_g05_c01.avi,ApplyEyeMakeup,14:38:22,14:39:08
v_ApplyEyeMakeup_g05_c03.avi,ApplyEyeMakeup,14:42:00,14:43:21
v_ApplyEyeMakeup_g05_c04.avi,ApplyEyeMakeup,17:00:44,17:02:35
v_ApplyEyeMakeup_g05_c05.avi,ApplyEyeMakeup,08:14:02,08:14:25
v_ApplyEyeMakeup_g05_c07.avi,ApplyEyeMakeup,08:39:56,08:41:25
v_ApplyEyeMakeup_g06_c01.avi,ApplyEyeMakeup,10:36:30,10:38:06
v_ApplyEyeMakeup_g06_c02.avi,ApplyEyeMakeup,18:57:58,18:59:09
v_ApplyEyeMakeup_g06_c04.avi,ApplyEyeMakeup,16:13:25,16:14:19
v_ApplyEyeMakeup_g06_c07.avi,ApplyEyeMakeup,08:45:06,08:45:57
v_ApplyEyeMakeup_g07_c01.avi,ApplyEyeMakeup,07:32:25,07:33:47
v_ApplyEyeMakeup_g07_c02.avi,ApplyEyeMakeup,16:47:57,16:49:43
v_ApplyEyeMakeup_g07_c03.avi,ApplyEyeMakeup,16:46:01,16:47:42
v_ApplyEyeMakeup_g07_c04.avi,ApplyEyeMakeup,10:01:20,10:02:58
v_ApplyEyeMakeup_g07_c05.avi,ApplyEyeMakeup,12:41:58,12:43:42
v_ApplyEyeMakeup_g07_c06.avi,ApplyEyeMakeup,09:51:07,09:52:00
v_ApplyEyeMakeup_g07_c07.avi,ApplyEyeMakeup,15:34:28,15:35:17
v_ApplyEyeMakeup_g08_c01.avi,ApplyEyeMakeup,15:14:35,15:15:42
v_ApplyEyeMakeup_g08_c02.avi,ApplyEyeMakeup,18:45:34,18:47:25
v_ApplyEyeMakeup_g08_c03.avi,ApplyEyeMakeup,14:38:11,14:39:20
v_ApplyEyeMakeup_g08_c04.avi,ApplyEyeMakeup,09:28:13,09:29:14
v_ApplyEyeMakeup_g09_c01.avi,ApplyEyeMakeup,16:34:22,16:35:02
v_ApplyEyeMakeup_g09_c03.avi,ApplyEyeMakeup,17:01:40,17:03:16
v_ApplyEyeMakeup_g09_c04.avi,ApplyEyeMakeup,20:29:07,20:30:10
v_ApplyEyeMakeup_g09_c06.avi,ApplyEyeMakeup,15:31:55,15:33:06
v_ApplyEyeMakeup_g09_c07.avi,ApplyEyeMakeup,19:01:54,19:02:15
v_ApplyEyeMakeup_g10_c04.avi,ApplyEyeMakeup,14:08:26,14:09:39
v_ApplyEyeMakeup_g11_c01.avi,ApplyEyeMakeup,13:31:34,13:32:41
v_ApplyEyeMakeup_g11_c02.avi,ApplyEyeMakeup,22:32:11,22:34:03
v_ApplyEyeMakeup_g11_c05.avi,ApplyEyeMakeup,12:00:23,12:01:20
v_ApplyEyeMakeup_g12_c01.avi,ApplyEyeMakeup,19:07:16,19:07:48
v_ApplyEyeMakeup_g12_c02.avi,ApplyEyeMakeup,11:18:10,11:19:33
v_ApplyEyeMakeup_g12_c05.avi,ApplyEyeMakeup,06:00:10,06:00:32
v_ApplyEyeMakeup_g12_c06.avi,ApplyEyeMakeup,10:34:54,10:36:45
v_ApplyEyeMakeup_g13_c01.avi,ApplyEyeMakeup,16:05:26,16:07:25
v_ApplyEyeMakeup_g13_c03.avi,ApplyEyeMakeup,21:46:08,21:47:24
v_ApplyEyeMakeup_g13_c04.avi,ApplyEyeMakeup,22:37:50,22:39:17
v_ApplyEyeMakeup_g13_c05.avi,ApplyEyeMakeup,20:43:59,20:44:34
v_ApplyEyeMakeup_g14_c01.avi,ApplyEyeMakeup,07:29:32,07:30:37
v_ApplyEyeMakeup_g14_c04.avi,ApplyEyeMakeup,15:35:50,15:36:22
v_ApplyEyeMakeup_g14_c05.avi,ApplyEyeMakeup,19:09:11,19:09:32
v_ApplyEyeMakeup_g15_c01.avi,ApplyEyeMakeup,13:57:12,13:59:03
v_ApplyEyeMakeup_g15_c02.avi,ApplyEyeMakeup,16:30:52,16:31:07
v_ApplyEyeMakeup_g15_c03.avi,ApplyEyeMakeup,19:25:07,19:25:52
v_ApplyEyeMakeup_g15_c04.avi,ApplyEyeMakeup,20:08:50,20:09:41
v_ApplyEyeMakeup_g15_c05.avi,ApplyEyeMakeup,10:48:29,10:48:39
v_ApplyEyeMakeup_g15_c06.avi,ApplyEyeMakeup,22:58:35,22:58:59
v_ApplyEyeMakeup_g16_c01.avi,ApplyEyeMakeup,10:18:50,10:20:15
v_ApplyEyeMakeup_g16_c03.avi,ApplyEyeMakeup,15:11:50,15:12:53
v_ApplyEyeMakeup_g16_c04.avi,ApplyEyeMakeup,06:20:56,06:22:56
v_ApplyEyeMakeup_g17_c01.avi,ApplyEyeMakeup,18:52:50,18:53:41
v_ApplyEyeMakeup_g17_c02.avi,ApplyEyeMakeup,17:30:14,17:31:16
v_ApplyEyeMakeup_g17_c04.avi,ApplyEyeMakeup,10:01:22,10:01:55
v_ApplyEyeMakeup_g17_c05.avi,ApplyEyeMakeup,08:36:17,08:37:42
v_ApplyEyeMakeup_g18_c01.avi,ApplyEyeMakeup,06:26:43,06:27:01
v_ApplyEyeMakeup_g18_c02.avi,ApplyEyeMakeup,11:01:11,11:02:02
v_ApplyEyeMakeup_g18_c03.avi,ApplyEyeMakeup,08:27:19,08:28:19
v_ApplyEyeMakeup_g18_c04.avi,ApplyEyeMakeup,22:22:31,22:24:14
v_ApplyEyeMakeup_g18_c05.avi,ApplyEyeMakeup,18:08:09,18:09:12
v_ApplyEyeMakeup_g19_c01.avi,ApplyEyeMakeup,18:24:24,18:25:46
v_ApplyEyeMakeup_g19_c02.avi,ApplyEyeMakeup,09:18:01,09:18:13
v_ApplyEyeMakeup_g19_c03.avi,ApplyEyeMakeup,22:54:02,22:55:50
v_ApplyEyeMakeup_g19_c04.avi,ApplyEyeMakeup,19:58:58,19:59:48
v_ApplyEyeMakeup_g20_c02.avi,ApplyEyeMakeup,17:11:24,17:12:58
v_ApplyEyeMakeup_g20_c04.avi,ApplyEyeMakeup,12:57:17,12:57:51
v_ApplyEyeMakeup_g21_c01.avi,ApplyEyeMakeup,17:54:17,17:54:59
v_ApplyEyeMakeup_g21_c02.avi,ApplyEyeMakeup,16:46:15,16:46:28
v_ApplyEyeMakeup_g21_c04.avi,ApplyEyeMakeup,20:27:00,20:27:32
v_ApplyEyeMakeup_g21_c05.avi,ApplyEyeMakeup,12:12:18,12:12:55
v_ApplyEyeMakeup_g22_c01.avi,ApplyEyeMakeup,16:31:18,16:32:41
v_ApplyEyeMakeup_g22_c03.avi,ApplyEyeMakeup,06:26:43,06:27:32
v_ApplyEyeMakeup_g23_c02.avi,ApplyEyeMakeup,16:24:10,16:25:01
v_ApplyEyeMakeup_g23_c04.avi,ApplyEyeMakeup,11:29:37,11:30:31
v_ApplyEyeMakeup_g24_c02.avi,ApplyEyeMakeup,17:09:26,17:09:40
v_ApplyEyeMakeup_g24_c03.avi,ApplyEyeMakeup,06:49:32,06:50:10
v_ApplyEyeMakeup_g24_c04.avi,ApplyEyeMakeup,09:21:57,09:23:34
v_ApplyEyeMakeup_g24_c05.avi,ApplyEyeMakeup,15:55:14,15:55:40
v_ApplyEyeMakeup_g24_c06.avi,ApplyEyeMakeup,13:53:09,13:54:00
v_ApplyEyeMakeup_g24_c07.avi,ApplyEyeMakeup,12:21:03,12:22:48
v_ApplyEyeMakeup_g25_c01.avi,ApplyEyeMakeup,14:52:18,14:54:07
v_ApplyEyeMakeup_g25_c02.avi,ApplyEyeMakeup,21:22:08,21:23:03
v_ApplyEyeMakeup_g25_c03.avi,ApplyEyeMakeup,22:14:18,22:15:39
v_ApplyEyeMakeup_g25_c06.avi,ApplyEyeMakeup,13:25:40,13:27:07
v_ApplyLipstick_g01_c01.avi,ApplyLipstick,09:06:22,09:06:34
v_ApplyLipstick_g01_c03.avi,ApplyLipstick,11:12:53,11:13:07
v_ApplyLipstick_g01_c05.avi,ApplyLipstick,12:14:48,12:15:47
v_ApplyLipstick_g02_c01.avi,ApplyLipstick,17:54:50,17:55:27
v_ApplyLipstick_g02_c03.avi,ApplyLipstick,11:28:29,11:30:09
v_ApplyLipstick_g02_c04.avi,ApplyLipstick,17:58:03,17:59:58
v_ApplyLipstick_g03_c01.avi,ApplyLipstick,22:06:46,22:07:52
v_ApplyLipstick_g03_c02.avi,ApplyLipstick,19:46:16,19:48:08
v_ApplyLipstick_g03_c03.avi,ApplyLipstick,16:17:11,16:17:43
v_ApplyLipstick_g03_c04.avi,ApplyLipstick,22:13:19,22:13:58
v_ApplyLipstick_g04_c01.avi,ApplyLipstick,14:54:16,14:54:44
v_ApplyLipstick_g04_c03.avi,ApplyLipstick,17:50:09,17:51:02
v_ApplyLipstick_g04_c04.avi,ApplyLipstick,07:59:52,08:00:40
v_ApplyLipstick_g04_c05.avi,ApplyLipstick,10:44:39,10:44:59
v_ApplyLipstick_g05_c01.avi,ApplyLipstick,19:52:14,19:54:11
v_ApplyLipstick_g05_c03.avi,ApplyLipstick,19:42:18,19:44:05
v_ApplyLipstick_g05_c04.avi,ApplyLipstick,17:48:30,17:50:09
v_ApplyLipstick_g05_c05.avi,ApplyLipstick,13:25:57,13:27:38
v_ApplyLipstick_g06_c03.avi,ApplyLipstick,19:35:04,19:36:22
v_ApplyLipstick_g06_c04.avi,ApplyLipstick,12:25:18,12:25:56
v_ApplyLipstick_g06_c05.avi,ApplyLipstick,16:05:29,16:05:47
v_ApplyLipstick_g07_c01.avi,ApplyLipstick,06:50:15,06:51:30
v_ApplyLipstick_g07_c03.avi,ApplyLipstick,13:21:03,13:21:27
v_ApplyLipstick_g07_c04.avi,ApplyLipstick,08:12:50,08:14:39
v_ApplyLipstick_g08_c02.avi,ApplyLipstick,15:18:16,15:18:55
v_ApplyLipstick_g08_c03.avi,ApplyLipstick,20:52:25,20:53:45
v_ApplyLipstick_g09_c01.avi,ApplyLipstick,08:41:16,08:42:01
v_ApplyLipstick_g09_c02.avi,ApplyLipstick,16:17:17,16:17:42
v_ApplyLipstick_g09_c03.avi,ApplyLipstick,14:58:20,14:58:38
v_ApplyLipstick_g09_c04.avi,ApplyLipstick,14:00:35,14:01:02
v_ApplyLipstick_g10_c02.avi,ApplyLipstick,21:38:46,21:39:34
v_ApplyLipstick_g10_c04.avi,ApplyLipstick,10:40:01,10:40:17
v_ApplyLipstick_g11_c02.avi,ApplyLipstick,16:07:16,16:08:04
v_ApplyLipstick_g11_c03.avi,ApplyLipstick,18:04:08,18:05:13
v_ApplyLipstick_g11_c04.avi,ApplyLipstick,17:07:52,17:08:12
v_ApplyLipstick_g12_c01.avi,ApplyLipstick,09:44:13,09:45:37
v_ApplyLipstick_g12_c02.avi,ApplyLipstick,16:33:28,16:34:06
v_ApplyLipstick_g12_c03.avi,ApplyLipstick,11:33:24,11:33:46
v_ApplyLipstick_g12_c04.avi,ApplyLipstick,08:59:35,09:01:18
v_ApplyLipstick_g12_c05.avi,ApplyLipstick,15:50:03,15:51:23
v_ApplyLipstick_g13_c01.avi,ApplyLipstick,08:41:54,08:42:24
v_ApplyLipstick_g13_c02.avi,ApplyLipstick,08:22:46,08:24:24
v_ApplyLipstick_g13_c03.avi,ApplyLipstick,09:16:40,09:18:30
v_ApplyLipstick_g13_c04.avi,ApplyLipstick,11:26:01,11:26:24
v_ApplyLipstick_g14_c01.avi,ApplyLipstick,06:54:51,06:55:49
v_ApplyLipstick_g14_c02.avi,ApplyLipstick,10:23:13,10:25:13
v_ApplyLipstick_g14_c03.avi,ApplyLipstick,06:30:34,06:32:20
v_ApplyLipstick_g14_c04.avi,ApplyLipstick,12:28:12,12:30:09
v_ApplyLipstick_g15_c01.avi,ApplyLipstick,11:26:58,11:28:18
v_ApplyLipstick_g15_c02.avi,ApplyLipstick,08:37:15,08:38:49
v_ApplyLipstick_g15_c03.avi,ApplyLipstick,22:38:36,22:39:32
v_ApplyLipstick_g15_c04.avi,ApplyLipstick,07:34:57,07:36:51
v_ApplyLipstick_g15_c05.avi,ApplyLipstick,19:20:55,19:22:24
v_ApplyLipstick_g16_c01.avi,ApplyLipstick,08:53:50,08:54:14
v_ApplyLipstick_g16_c02.avi,ApplyLipstick,09:27:58,09:28:42
v_ApplyLipstick_g16_c04.avi,ApplyLipstick,09:15:22,09:15:53
v_ApplyLipstick_g16_c05.avi,ApplyLipstick,19:25:35,19:26:53
v_ApplyLipstick_g17_c01.avi,ApplyLipstick,17:29:38,17:30:44
v_ApplyLipstick_g17_c02.avi,ApplyLipstick,16:30:49,16:32:03
v_ApplyLipstick_g17_c03.avi,ApplyLipstick,10:46:16,10:48:04
v_ApplyLipstick_g17_c04.avi,ApplyLipstick,07:31:30,07:32:27
v_ApplyLipstick_g17_c05.avi,ApplyLipstick,22:44:38,22:46:24
v_ApplyLipstick_g18_c01.avi,ApplyLipstick,11:43:08,11:43:50
v_ApplyLipstick_g18_c02.avi,ApplyLipstick,17:55:34,17:56:37
v_ApplyLipstick_g18_c03.avi,ApplyLipstick,07:12:55,07:14:16
v_ApplyLipstick_g18_c04.avi,ApplyLipstick,07:38:06,07:39:36
v_ApplyLipstick_g19_c01.avi,ApplyLipstick,12:31:04,12:31:17
v_ApplyLipstick_g19_c02.avi,ApplyLipstick,09:29:14,09:30:44
v_ApplyLipstick_g19_c03.avi,ApplyLipstick,10:39:26,10:40:17
v_ApplyLipstick_g19_c04.avi,ApplyLipstick,14:13:17,14:13:40
v_ApplyLipstick_g20_c01.avi,ApplyLipstick,19:10:41,19:10:56
v_ApplyLipstick_g20_c02.avi,ApplyLipstick,11:04:50,11:05:52
v_ApplyLipstick_g20_c03.avi,ApplyLipstick,09:58:16,09:58:36
v_ApplyLipstick_g20_c04.avi,ApplyLipstick,16:41:26,16:42:13
v_ApplyLipstick_g20_c05.avi,ApplyLipstick,12:25:49,12:27:48
v_ApplyLipstick_g21_c01.avi,ApplyLipstick,20:06:54,20:08:33
v_ApplyLipstick_g21_c02.avi,ApplyLipstick,21:51:19,21:53:12
v_ApplyLipstick_g21_c03.avi,ApplyLipstick,20:06:44,20:08:12
v_ApplyLipstick_g21_c04.avi,ApplyLipstick,17:03:35,17:04:49
v_ApplyLipstick_g21_c05.avi,ApplyLipstick,13:42:55,13:44:20
v_ApplyLipstick_g22_c01.avi,ApplyLipstick,12:13:36,12:14:23
v_ApplyLipstick_g22_c02.avi,ApplyLipstick,17:10:11,17:11:56
v_ApplyLipstick_g22_c03.avi,ApplyLipstick,12:24:05,12:24:50
v_ApplyLipstick_g22_c04.avi,ApplyLipstick,06:32:33,06:34:03
v_ApplyLipstick_g22_c05.avi,ApplyLipstick,14:04:14,14:05:29
v_ApplyLipstick_g22_c06.avi,ApplyLipstick,14:17:07,14:18:45
v_ApplyLipstick_g22_c07.avi,ApplyLipstick,12:48:06,12:49:46
v_ApplyLipstick_g23_c01.avi,ApplyLipstick,06:59:27,07:00:38
v_ApplyLipstick_g23_c02.avi,ApplyLipstick,09:49:29,09:50:40
v_ApplyLipstick_g23_c03.avi,ApplyLipstick,12:54:56,12:55:38
v_ApplyLipstick_g23_c04.avi,ApplyLipstick,13:16:48,13:17:59
v_ApplyLipstick_g24_c01.avi,ApplyLipstick,12:00:09,12:01:13
v_ApplyLipstick_g24_c02.avi,ApplyLipstick,16:35:14,16:36:51
v_ApplyLipstick_g24_c03.avi,ApplyLipstick,10:13:03,10:13:55
v_ApplyLipstick_g24_c04.avi,ApplyLipstick,10:02:31,10:03:04
v_ApplyLipstick_g24_c05.avi,ApplyLipstick,15:16:03,15:16:32
v_ApplyLipstick_g25_c01.avi,ApplyLipstick,21:50:25,21:51:53
v_ApplyLipstick_g25_c02.avi,ApplyLipstick,06:00:18,06:02:13
v_ApplyLipstick_g25_c03.avi,ApplyLipstick,19:27:08,19:27:26
v_ApplyLipstick_g25_c04.avi,ApplyLipstick,12:59:35,13:00:56
v_BabyCrawling_g01_c01.avi,BabyCrawling,18:49:48,18:50:20
v_BabyCrawling_g01_c03.avi,BabyCrawling,18:30:32,18:31:44
v_BabyCrawling_g01_c04.avi,BabyCrawling,18:55:23,18:55:40
v_BabyCrawling_g02_c01.avi,BabyCrawling,17:54:37,17:55:22
v_BabyCrawling_g02_c02.avi,BabyCrawling,13:19:56,13:21:51
v_BabyCrawling_g02_c04.avi,BabyCrawling,10:26:07,10:26:54
v_BabyCrawling_g02_c05.avi,BabyCrawling,15:27:34,15:29:10
v_BabyCrawling_g02_c06.avi,BabyCrawling,09:20:25,09:21:16
v_BabyCrawling_g03_c01.avi,BabyCrawling,12:08:56,12:10:40
v_BabyCrawling_g03_c02.avi,BabyCrawling,06:10:44,06:11:35
v_BabyCrawling_g03_c03.avi,BabyCrawling,13:49:50,13:51:26
v_BabyCrawling_g03_c04.avi,BabyCrawling,11:08:06,11:10:01
v_BabyCrawling_g04_c01.avi,BabyCrawling,20:35:56,20:37:34
v_BabyCrawling_g04_c02.avi,BabyCrawling,16:26:06,16:27:15
v_BabyCrawling_g04_c03.avi,BabyCrawling,13:20:05,13:20:32
v_BabyCrawling_g04_c04.avi,BabyCrawling,12:12:36,12:14:03
v_BabyCrawling_g05_c02.avi,BabyCrawling,12:40:38,12:41:11
v_BabyCrawling_g05_c04.avi,BabyCrawling,21:38:33,21:39:02
v_BabyCrawling_g06_c03.avi,BabyCrawling,11:32:20,11:33:44
v_BabyCrawling_g06_c05.avi,BabyCrawling,06:42:26,06:44:26
v_BabyCrawling_g06_c06.avi,BabyCrawling,17:25:33,17:27:02
v_BabyCrawling_g07_c01.avi,BabyCrawling,10:04:31,10:06:22
v_BabyCrawling_g07_c03.avi,BabyCrawling,20:30:22,20:30:42
v_BabyCrawling_g07_c05.avi,BabyCrawling,09:55:57,09:57:35
v_BabyCrawling_g08_c01.avi,BabyCrawling,13:24:15,13:25:38
v_BabyCrawling_g08_c04.avi,BabyCrawling,18:46:13,18:47:18
v_BabyCrawling_g09_c01.avi,BabyCrawling,08:50:58,08:51:12
v_BabyCrawling_g09_c05.avi,BabyCrawling,21:46:02,21:47:41
v_BabyCrawling_g09_c06.avi,BabyCrawling,12:44:20,12:46:11
v_BabyCrawling_g10_c01.avi,BabyCrawling,22:32:37,22:34:25
v_BabyCrawling_g10_c03.avi,BabyCrawling,08:23:58,08:24:57
v_BabyCrawling_g10_c04.avi,BabyCrawling,16:37:08,16:39:00
v_BabyCrawling_g10_c05.avi,BabyCrawling,15:18:07,15:19:48
v_BabyCrawling_g11_c01.avi,BabyCrawling,08:53:41,08:55:26
v_BabyCrawling_g11_c02.avi,BabyCrawling,20:02:35,20:03:03
v_BabyCrawling_g11_c03.avi,BabyCrawling,17:13:00,17:14:27
v_BabyCrawling_g11_c04.avi,BabyCrawling,12:43:08,12:45:03
v_BabyCrawling_g12_c01.avi,BabyCrawling,14:02:20,14:02:33
v_BabyCrawling_g12_c02.avi,BabyCrawling,18:11:41,18:12:34
v_BabyCrawling_g12_c03.avi,BabyCrawling,10:04:53,10:05:34
v_BabyCrawling_g12_c04.avi,BabyCrawling,06:52:28,06:53:13
v_BabyCrawling_g12_c05.avi,BabyCrawling,16:22:26,16:24:01
v_BabyCrawling_g12_c06.avi,BabyCrawling,16:37:49,16:38:32
v_BabyCrawling_g13_c01.avi,BabyCrawling,17:54:51,17:55:33
v_BabyCrawling_g13_c02.avi,BabyCrawling,19:26:46,19:28:44
v_BabyCrawling_g13_c04.avi,BabyCrawling,10:32:41,10:33:17
v_BabyCrawling_g13_c05.avi,BabyCrawling,12:13:29,12:14:35
v_BabyCrawling_g13_c06.avi,BabyCrawling,15:28:15,15:29:53
v_BabyCrawling_g14_c02.avi,BabyCrawling,10:56:54,10:58:18
v_BabyCrawling_g14_c03.avi,BabyCrawling,11:57:19,11:57:35
v_BabyCrawling_g14_c04.avi,BabyCrawling,07:15:36,07:17:15
v_BabyCrawling_g15_c03.avi,BabyCrawling,20:09:22,20:11:09
v_BabyCrawling_g15_c04.avi,BabyCrawling,14:32:50,14:34:23
v_BabyCrawling_g15_c06.avi,BabyCrawling,07:51:29,07:52:07
v_BabyCrawling_g16_c01.avi,BabyCrawling,17:05:34,17:07:09
v_BabyCrawling_g16_c02.avi,BabyCrawling,18:03:22,18:03:38
v_BabyCrawling_g16_c04.avi,BabyCrawling,12:35:40,12:36:58
v_BabyCrawling_g16_c05.avi,BabyCrawling,08:12:37,08:13:09
v_BabyCrawling_g16_c06.avi,BabyCrawling,12:20:32,12:21:36
v_BabyCrawling_g17_c03.avi,BabyCrawling,09:42:28,09:43:55
v_BabyCrawling_g17_c04.avi,BabyCrawling,08:31:51,08:32:30
v_BabyCrawling_g18_c01.avi,BabyCrawling,06:22:45,06:23:38
v_BabyCrawling_g18_c03.avi,BabyCrawling,11:15:31,11:15:42
v_BabyCrawling_g18_c05.avi,BabyCrawling,06:51:57,06:52:39
v_BabyCrawling_g18_c06.avi,BabyCrawling,16:59:01,16:59:20
v_BabyCrawling_g19_c01.avi,BabyCrawling,16:52:33,16:53:10
v_BabyCrawling_g19_c04.avi,BabyCrawling,12:24:15,12:25:12
v_BabyCrawling_g20_c01.avi,BabyCrawling,08:48:12,08:48:33
v_BabyCrawling_g20_c02.avi,BabyCrawling,14:30:53,14:31:51
v_BabyCrawling_g20_c04.avi,BabyCrawling,17:53:10,17:54:47
v_BabyCrawling_g20_c05.avi,BabyCrawling,17:30:26,17:30:46
v_BabyCrawling_g20_c06.avi,BabyCrawling,20:22:17,20:24:15
v_BabyCrawling_g20_c07.avi,BabyCrawling,20:04:47,20:06:13
v_BabyCrawling_g21_c01.avi,BabyCrawling,06:14:35,06:16:29
v_BabyCrawling_g21_c02.avi,BabyCrawling,20:36:29,20:38:01
v_BabyCrawling_g21_c03.avi,BabyCrawling,10:39:14,10:39:28
v_BabyCrawling_g21_c04.avi,BabyCrawling,12:48:31,12:49:32
v_BabyCrawling_g22_c01.avi,BabyCrawling,17:07:23,17:08:27
v_BabyCrawling_g22_c02.avi,BabyCrawling,13:09:44,13:11:28
v_BabyCrawling_g22_c03.avi,BabyCrawling,15:58:52,16:00:09
v_BabyCrawling_g22_c04.avi,BabyCrawling,16:25:37,16:26:00
v_BabyCrawling_g22_c05.avi,BabyCrawling,16:31:21,16:32:58
v_BabyCrawling_g22_c06.avi,BabyCrawling,16:56:51,16:57:43
v_BabyCrawling_g22_c07.avi,BabyCrawling,12:30:34,12:32:11
v_BabyCrawling_g23_c01.avi,BabyCrawling,19:15:24,19:16:11
v_BabyCrawling_g23_c02.avi,BabyCrawling,13:25:50,13:27:13
v_BabyCrawling_g23_c03.avi,BabyCrawling,22:02:41,22:04:35
v_BabyCrawling_g23_c04.avi,BabyCrawling,07:18:07,07:19:38
v_BabyCrawling_g24_c01.avi,BabyCrawling,13:22:39,13:24:02
v_BabyCrawling_g24_c02.avi,BabyCrawling,17:01:01,17:01:59
v_BabyCrawling_g24_c03.avi,BabyCrawling,17:44:08,17:44:55
v_BabyCrawling_g24_c04.avi,BabyCrawling,16:14:38,16:16:24
v_BabyCrawling_g24_c05.avi,BabyCrawling,07:23:57,07:25:42
v_BabyCrawling_g24_c06.avi,BabyCrawling,09:31:52,09:33:48
v_BabyCrawling_g25_c01.avi,BabyCrawling,11:44:53,11:45:30
v_BabyCrawling_g25_c02.avi,BabyCrawling,20:30:23,20:32:07
v_BabyCrawling_g25_c03.avi,BabyCrawling,10:36:58,10:37:17
v_BabyCrawling_g25_c04.avi,BabyCrawling,11:42:09,11:42:48
v_BabyCrawling_g25_c05.avi,BabyCrawling,16:11:34,16:13:09
v_BabyCrawling_g25_c06.avi,BabyCrawling,17:47:34,17:48:21
v_BalanceBeam_g01_c01.avi,BalanceBeam,07:12:37,07:14:09
v_BalanceBeam_g01_c02.avi,BalanceBeam,12:07:13,12:07:44
v_BalanceBeam_g01_c03.avi,BalanceBeam,21:18:39,21:19:36
v_BalanceBeam_g01_c04.avi,BalanceBeam,08:37:08,08:37:28
v_BalanceBeam_g02_c01.avi,BalanceBeam,20:01:21,20:02:07
v_BalanceBeam_g02_c02.avi,BalanceBeam,06:02:51,06:04:36
v_BalanceBeam_g02_c03.avi,BalanceBeam,16:10:14,16:11:24
v_BalanceBeam_g02_c04.avi,BalanceBeam,17:48:15,17:48:56
v_BalanceBeam_g03_c01.avi,BalanceBeam,06:37:32,06:38:26
v_BalanceBeam_g03_c02.avi,BalanceBeam,16:11:15,16:12:59
v_BalanceBeam_g03_c04.avi,BalanceBeam,15:29:16,15:30:30
v_BalanceBeam_g04_c01.avi,BalanceBeam,11:52:21,11:53:34
v_BalanceBeam_g04_c02.avi,BalanceBeam,13:09:43,13:11:27
v_BalanceBeam_g04_c04.avi,BalanceBeam,13:03:11,13:05:11
v_BalanceBeam_g05_c01.avi,BalanceBeam,22:21:55,22:22:08
v_BalanceBeam_g05_c02.avi,BalanceBeam,15:01:31,15:02:38
v_BalanceBeam_g05_c03.avi,BalanceBeam,10:06:55,10:07:05
v_BalanceBeam_g05_c04.avi,BalanceBeam,08:28:06,08:28:31
v_BalanceBeam_g06_c01.avi,BalanceBeam,19:49:18,19:50:40
v_BalanceBeam_g06_c02.avi,BalanceBeam,20:51:22,20:51:46
v_BalanceBeam_g06_c03.avi,BalanceBeam,22:42:33,22:44:06
v_BalanceBeam_g06_c05.avi,BalanceBeam,13:09:53,13:10:20
v_BalanceBeam_g06_c06.avi,BalanceBeam,22:55:36,22:56:58
v_BalanceBeam_g07_c01.avi,BalanceBeam,12:56:42,12:57:48
v_BalanceBeam_g07_c03.avi,BalanceBeam,13:35:56,13:37:07
v_BalanceBeam_g07_c04.avi,BalanceBeam,21:33:15,21:35:01
v_BalanceBeam_g08_c02.avi,BalanceBeam,13:41:44,13:43:42
v_BalanceBeam_g08_c04.avi,BalanceBeam,22:44:35,22:46:32
v_BalanceBeam_g09_c01.avi,BalanceBeam,09:02:10,09:02:47
v_BalanceBeam_g09_c02.avi,BalanceBeam,06:38:14,06:39:39
v_BalanceBeam_g09_c03.avi,BalanceBeam,18:32:12,18:32:30
v_BalanceBeam_g09_c04.avi,BalanceBeam,14:36:54,14:37:27
v_BalanceBeam_g10_c01.avi,BalanceBeam,07:36:21,07:37:29
v_BalanceBeam_g10_c03.avi,BalanceBeam,14:10:19,14:10:50
v_BalanceBeam_g10_c04.avi,BalanceBeam,09:03:09,09:04:43
v_BalanceBeam_g11_c01.avi,BalanceBeam,16:01:49,16:02:26
v_BalanceBeam_g11_c02.avi,BalanceBeam,21:23:25,21:25:19
v_BalanceBeam_g11_c03.avi,BalanceBeam,11:43:23,11:44:44
v_BalanceBeam_g11_c04.avi,BalanceBeam,06:28:42,06:29:51
v_BalanceBeam_g12_c01.avi,BalanceBeam,14:35:32,14:35:55
v_BalanceBeam_g12_c02.avi,BalanceBeam,06:17:35,06:18:28
v_BalanceBeam_g12_c03.avi,BalanceBeam,06:19:39,06:20:51
v_BalanceBeam_g12_c04.avi,BalanceBeam,06:45:13,06:46:59
v_BalanceBeam_g13_c01.avi,BalanceBeam,10:48:25,10:49:13
v_BalanceBeam_g13_c02.avi,BalanceBeam,14:59:46,15:00:55
v_BalanceBeam_g13_c03.avi,BalanceBeam,13:06:16,13:06:26
v_BalanceBeam_g13_c04.avi,BalanceBeam,18:25:18,18:25:58
v_BalanceBeam_g13_c05.avi,BalanceBeam,12:50:10,12:50:58
v_BalanceBeam_g14_c01.avi,BalanceBeam,19:39:03,19:40:57
v_BalanceBeam_g14_c02.avi,BalanceBeam,22:19:52,22:20:11
v_BalanceBeam_g14_c03.avi,BalanceBeam,18:43:25,18:43:42
v_BalanceBeam_g14_c04.avi,BalanceBeam,21:05:38,21:06:18
v_BalanceBeam_g15_c01.avi,BalanceBeam,15:25:30,15:25:57
v_BalanceBeam_g15_c02.avi,BalanceBeam,11:28:59,11:29:47
v_BalanceBeam_g15_c03.avi,BalanceBeam,16:01:27,16:02:43
v_BalanceBeam_g15_c04.avi,BalanceBeam,10:52:56,10:53:48
v_BalanceBeam_g16_c01.avi,BalanceBeam,12:11:20,12:13:14
v_BalanceBeam_g16_c02.avi,BalanceBeam,13:14:42,13:15:39
v_BalanceBeam_g16_c03.avi,BalanceBeam,20:23:42,20:25:08
v_BalanceBeam_g16_c04.avi,BalanceBeam,19:27:32,19:29:32
v_BalanceBeam_g17_c01.avi,BalanceBeam,17:47:34,17:48:38
v_BalanceBeam_g17_c02.avi,BalanceBeam,12:16:12,12:17:39
v_BalanceBeam_g17_c03.avi,BalanceBeam,09:31:42,09:31:52
v_BalanceBeam_g17_c04.avi,BalanceBeam,20:45:44,20:46:19
v_BalanceBeam_g17_c05.avi,BalanceBeam,09:26:16,09:26:39
v_BalanceBeam_g17_c06.avi,BalanceBeam,12:22:56,12:23:44
v_BalanceBeam_g18_c01.avi,BalanceBeam,09:55:30,09:56:00
v_BalanceBeam_g18_c02.avi,BalanceBeam,14:21:06,14:23:00
v_BalanceBeam_g18_c03.avi,BalanceBeam,18:45:05,18:46:42
v_BalanceBeam_g18_c04.avi,BalanceBeam,18:21:34,18:23:01
v_BalanceBeam_g19_c01.avi,BalanceBeam,17:01:58,17:03:11
v_BalanceBeam_g19_c02.avi,BalanceBeam,16:19:13,16:19:59
v_BalanceBeam_g19_c03.avi,BalanceBeam,15:14:08,15:15:52
v_BalanceBeam_g19_c04.avi,BalanceBeam,10:58:33,11:00:10
v_BalanceBeam_g20_c01.avi,BalanceBeam,18:01:31,18:03:13
v_BalanceBeam_g20_c02.avi,BalanceBeam,08:59:16,09:00:37
v_BalanceBeam_g20_c03.avi,BalanceBeam,08:51:16,08:53:07
v_BalanceBeam_g20_c04.avi,BalanceBeam,20:13:48,20:14:31
v_BalanceBeam_g21_c01.avi,BalanceBeam,16:19:56,16:21:04
v_BalanceBeam_g21_c02.avi,BalanceBeam,07:14:23,07:15:30
v_BalanceBeam_g21_c03.avi,BalanceBeam,20:54:47,20:55:22
v_BalanceBeam_g21_c04.avi,BalanceBeam,12:47:29,12:48:36
v_BalanceBeam_g21_c05.avi,BalanceBeam,21:53:38,21:54:10
v_BalanceBeam_g22_c01.avi,BalanceBeam,21:33:49,21:34:19
v_BalanceBeam_g22_c02.avi,BalanceBeam,20:18:40,20:20:18
v_BalanceBeam_g22_c03.avi,BalanceBeam,21:57:52,21:58:34
v_BalanceBeam_g22_c04.avi,BalanceBeam,06:21:20,06:22:48
v_BalanceBeam_g23_c01.avi,BalanceBeam,20:52:08,20:53:10
v_BalanceBeam_g23_c02.avi,BalanceBeam,20:31:24,20:32:56
v_BalanceBeam_g23_c03.avi,BalanceBeam,10:19:49,10:21:03
v_BalanceBeam_g23_c04.avi,BalanceBeam,14:06:20,14:06:57
v_BalanceBeam_g23_c05.avi,BalanceBeam,22:29:29,22:30:16
v_BalanceBeam_g24_c01.avi,BalanceBeam,20:43:20,20:43:48
v_BalanceBeam_g24_c02.avi,BalanceBeam,07:40:00,07:40:53
v_BalanceBeam_g24_c03.avi,BalanceBeam,13:41:12,13:42:36
v_BalanceBeam_g24_c04.avi,BalanceBeam,11:22:44,11:24:04
v_BalanceBeam_g25_c01.avi,BalanceBeam,13:02:48,13:03:31
v_BalanceBeam_g25_c02.avi,BalanceBeam,20:47:53,20:49:14
v_BalanceBeam_g25_c03.avi,BalanceBeam,13:29:58,13:30:38
v_BalanceBeam_g25_c04.avi,BalanceBeam,10:41:02,10:42:47
v_BaseballPitch_g01_c02.avi,BaseballPitch,15:42:52,15:43:14
v_BaseballPitch_g01_c03.avi,BaseballPitch,15:01:18,15:01:38
v_BaseballPitch_g01_c04.avi,BaseballPitch,19:44:14,19:45:22
v_BaseballPitch_g01_c05.avi,BaseballPitch,13:34:04,13:35:36
v_BaseballPitch_g01_c06.avi,BaseballPitch,11:04:18,11:05:30
v_BaseballPitch_g02_c01.avi,BaseballPitch,06:20:30,06:21:31
v_BaseballPitch_g02_c02.avi,BaseballPitch,17:59:01,18:00:49
v_BaseballPitch_g02_c03.avi,BaseballPitch,09:01:22,09:01:53
v_BaseballPitch_g02_c04.avi,BaseballPitch,21:09:10,21:10:08
v_BaseballPitch_g03_c03.avi,BaseballPitch,17:48:27,17:50:21
v_BaseballPitch_g03_c04.avi,BaseballPitch,20:03:48,20:04:50
v_BaseballPitch_g03_c06.avi,BaseballPitch,06:02:37,06:03:41
v_BaseballPitch_g03_c07.avi,BaseballPitch,21:48:44,21:48:57
v_BaseballPitch_g04_c02.avi,BaseballPitch,16:18:57,16:20:22
v_BaseballPitch_g04_c04.avi,BaseballPitch,22:32:58,22:33:36
v_BaseballPitch_g04_c05.avi,BaseballPitch,17:54:14,17:56:11
v_BaseballPitch_g05_c01.avi,BaseballPitch,20:22:52,20:23:15
v_BaseballPitch_g05_c02.avi,BaseballPitch,22:52:12,22:53:14
v_BaseballPitch_g05_c03.avi,BaseballPitch,14:42:38,14:43:35
v_BaseballPitch_g05_c05.avi,BaseballPitch,10:30:01,10:31:15
v_BaseballPitch_g06_c01.avi,BaseballPitch,09:03:13,09:03:53
v_BaseballPitch_g06_c02.avi,BaseballPitch,06:36:30,06:38:11
v_BaseballPitch_g06_c03.avi,BaseballPitch,07:51:07,07:52:53
v_BaseballPitch_g06_c04.avi,BaseballPitch,15:46:57,15:47:39
v_BaseballPitch_g06_c05.avi,BaseballPitch,20:44:59,20:46:32
v_BaseballPitch_g06_c06.avi,BaseballPitch,19:08:55,19:09:12
v_BaseballPitch_g06_c07.avi,BaseballPitch,10:05:10,10:05:28
v_BaseballPitch_g07_c02.avi,BaseballPitch,14:51:32,14:53:28
v_BaseballPitch_g07_c05.avi,BaseballPitch,07:57:43,07:59:10
v_BaseballPitch_g07_c06.avi,BaseballPitch,16:57:09,16:58:07
v_BaseballPitch_g08_c02.avi,BaseballPitch,10:24:40,10:25:14
v_BaseballPitch_g08_c03.avi,BaseballPitch,15:46:10,15:46:52
v_BaseballPitch_g08_c04.avi,BaseballPitch,17:07:23,17:07:48
v_BaseballPitch_g08_c05.avi,BaseballPitch,07:17:03,07:17:13
v_BaseballPitch_g08_c06.avi,BaseballPitch,18:32:27,18:33:10
v_BaseballPitch_g08_c07.avi,BaseballPitch,11:42:15,11:42:26
v_BaseballPitch_g09_c01.avi,BaseballPitch,13:06:07,13:07:44
v_BaseballPitch_g09_c03.avi,BaseballPitch,17:32:46,17:33:41
v_BaseballPitch_g09_c04.avi,BaseballPitch,22:17:00,22:17:29
v_BaseballPitch_g09_c05.avi,BaseballPitch,17:20:52,17:21:49
v_BaseballPitch_g09_c06.avi,BaseballPitch,21:07:31,21:09:26
v_BaseballPitch_g09_c07.avi,BaseballPitch,11:10:22,11:11:36
v_BaseballPitch_g10_c02.avi,BaseballPitch,10:47:14,10:48:19
v_BaseballPitch_g10_c04.avi,BaseballPitch,12:00:53,12:02:14
v_BaseballPitch_g10_c05.avi,BaseballPitch,19:02:57,19:04:06
v_BaseballPitch_g11_c01.avi,BaseballPitch,12:13:14,12:14:49
v_BaseballPitch_g11_c02.avi,BaseballPitch,08:08:02,08:09:48
v_BaseballPitch_g11_c04.avi,BaseballPitch,17:21:57,17:23:56
v_BaseballPitch_g12_c01.avi,BaseballPitch,19:23:57,19:25:44
v_BaseballPitch_g12_c02.avi,BaseballPitch,12:52:40,12:53:25
v_BaseballPitch_g12_c04.avi,BaseballPitch,22:52:59,22:53:45
v_BaseballPitch_g13_c01.avi,BaseballPitch,21:53:22,21:54:49
v_BaseballPitch_g13_c02.avi,BaseballPitch,06:28:05,06:29:00
v_BaseballPitch_g13_c04.avi,BaseballPitch,17:40:00,17:41:41
v_BaseballPitch_g13_c05.avi,BaseballPitch,06:28:21,06:30:14
v_BaseballPitch_g13_c07.avi,BaseballPitch,20:02:00,20:03:24
v_BaseballPitch_g14_c02.avi,BaseballPitch,20:26:24,20:27:41
v_BaseballPitch_g14_c03.avi,BaseballPitch,22:14:32,22:14:58
v_BaseballPitch_g14_c04.avi,BaseballPitch,19:22:46,19:22:58
v_BaseballPitch_g15_c03.avi,BaseballPitch,12:37:17,12:38:14
v_BaseballPitch_g15_c04.avi,BaseballPitch,08:33:17,08:34:06
v_BaseballPitch_g15_c05.avi,BaseballPitch,13:39:33,13:40:49
v_BaseballPitch_g15_c06.avi,BaseballPitch,16:16:22,16:17:42
v_BaseballPitch_g16_c04.avi,BaseballPitch,16:16:14,16:17:58
v_BaseballPitch_g16_c06.avi,BaseballPitch,08:44:19,08:44:47
v_BaseballPitch_g17_c01.avi,BaseballPitch,14:41:15,14:43:03
v_BaseballPitch_g17_c03.avi,BaseballPitch,06:13:42,06:15:14
v_BaseballPitch_g17_c07.avi,BaseballPitch,08:18:39,08:19:55
v_BaseballPitch_g18_c01.avi,BaseballPitch,17:33:06,17:33:44
v_BaseballPitch_g18_c03.avi,BaseballPitch,08:12:13,08:12:54
v_BaseballPitch_g18_c04.avi,BaseballPitch,13:29:32,13:30:40
v_BaseballPitch_g18_c05.avi,BaseballPitch,20:40:26,20:41:53
v_BaseballPitch_g18_c06.avi,BaseballPitch,15:38:39,15:40:31
v_BaseballPitch_g19_c01.avi,BaseballPitch,16:23:37,16:24:00
v_BaseballPitch_g19_c02.avi,BaseballPitch,20:28:13,20:28:56
v_BaseballPitch_g19_c03.avi,BaseballPitch,17:53:59,17:55:38
v_BaseballPitch_g19_c04.avi,BaseballPitch,13:46:18,13:46:46
v_BaseballPitch_g20_c01.avi,BaseballPitch,18:49:30,18:50:00
v_BaseballPitch_g20_c02.avi,BaseballPitch,21:31:14,21:31:35
v_BaseballPitch_g20_c03.avi,BaseballPitch,12:18:00,12:18:34
v_BaseballPitch_g20_c04.avi,BaseballPitch,21:42:56,21:43:26
v_BaseballPitch_g21_c02.avi,BaseballPitch,07:14:43,07:16:26
v_BaseballPitch_g21_c03.avi,BaseballPitch,09:09:47,09:10:06
v_BaseballPitch_g22_c01.avi,BaseballPitch,10:38:38,10:39:48
v_BaseballPitch_g22_c02.avi,BaseballPitch,16:02:53,16:04:38
v_BaseballPitch_g22_c03.avi,BaseballPitch,14:27:28,14:28:14
v_BaseballPitch_g22_c04.avi,BaseballPitch,10:40:40,10:41:42
v_BaseballPitch_g22_c05.avi,BaseballPitch,21:37:07,21:37:31
v_BaseballPitch_g22_c06.avi,BaseballPitch,11:13:22,11:14:03
v_BaseballPitch_g22_c07.avi,BaseballPitch,22:46:42,22:46:55
v_BaseballPitch_g23_c03.avi,BaseballPitch,16:00:53,16:02:18
v_BaseballPitch_g23_c06.avi,BaseballPitch,18:45:44,18:47:24
v_BaseballPitch_g23_c07.avi,BaseballPitch,07:45:01,07:46:46
v_BaseballPitch_g24_c01.avi,BaseballPitch,21:08:46,21:10:02
v_BaseballPitch_g24_c03.avi,BaseballPitch,06:20:57,06:21:28
v_BaseballPitch_g24_c05.avi,BaseballPitch,07:10:11,07:10:24
v_BaseballPitch_g25_c01.avi,BaseballPitch,20:38:05,20:38:43
v_BaseballPitch_g25_c03.avi,BaseballPitch,06:38:33,06:40:22
v_BaseballPitch_g25_c05.avi,BaseballPitch,18:33:36,18:35:02
v_BaseballPitch_g25_c07.avi,BaseballPitch,16:39:54,16:41:42
v_Basketball_g01_c01.avi,Basketball,17:20:30,17:21:22
v_Basketball_g01_c04.avi,Basketball,20:18:52,20:19:36
v_Basketball_g01_c05.avi,Basketball,07:34:45,07:36:26
v_Basketball_g01_c06.avi,Basketball,08:08:26,08:09:08
v_Basketball_g01_c07.avi,Basketball,15:21:44,15:23:32
v_Basketball_g02_c01.avi,Basketball,07:09:23,07:10:10
v_Basketball_g02_c02.avi,Basketball,20:07:28,20:08:23
v_Basketball_g02_c04.avi,Basketball,07:45:12,07:46:42
v_Basketball_g02_c05.avi,Basketball,21:57:29,21:58:05
v_Basketball_g02_c06.avi,Basketball,06:31:16,06:33:12
v_Basketball_g03_c03.avi,Basketball,09:56:22,09:57:49
v_Basketball_g03_c04.avi,Basketball,14:42:44,14:44:15
v_Basketball_g03_c05.avi,Basketball,19:27:59,19:29:50
v_Basketball_g03_c06.avi,Basketball,12:04:16,12:06:13
v_Basketball_g04_c01.avi,Basketball,20:30:41,20:31:56
v_Basketball_g04_c02.avi,Basketball,10:23:13,10:23:30
v_Basketball_g04_c04.avi,Basketball,13:02:07,13:02:22
v_Basketball_g05_c01.avi,Basketball,14:51:22,14:52:49
v_Basketball_g05_c02.avi,Basketball,12:01:44,12:02:47
v_Basketball_g05_c03.avi,Basketball,06:22:28,06:23:01
v_Basketball_g05_c04.avi,Basketball,16:22:10,16:23:38
v_Basketball_g06_c02.avi,Basketball,16:12:39,16:12:59
v_Basketball_g06_c03.avi,Basketball,18:46:29,18:47:28
v_Basketball_g06_c04.avi,Basketball,12:51:40,12:52:33
v_Basketball_g07_c01.avi,Basketball,16:54:33,16:55:32
v_Basketball_g07_c03.avi,Basketball,21:44:55,21:46:30
v_Basketball_g07_c04.avi,Basketball,09:49:08,09:49:41
v_Basketball_g08_c01.avi,Basketball,19:48:03,19:49:34
v_Basketball_g08_c02.avi,Basketball,07:24:11,07:25:37
v_Basketball_g08_c03.avi,Basketball,13:59:27,14:01:10
v_Basketball_g08_c04.avi,Basketball,09:56:35,09:58:08
v_Basketball_g09_c03.avi,Basketball,09:24:11,09:24:30
v_Basketball_g09_c04.avi,Basketball,09:21:43,09:22:57
v_Basketball_g09_c05.avi,Basketball,06:56:40,06:57:31
v_Basketball_g10_c01.avi,Basketball,11:52:55,11:54:48
v_Basketball_g10_c02.avi,Basketball,13:24:21,13:25:53
v_Basketball_g10_c04.avi,Basketball,15:43:43,15:43:53
v_Basketball_g10_c05.avi,Basketball,06:31:09,06:33:02
v_Basketball_g11_c01.avi,Basketball,06:16:38,06:18:31
v_Basketball_g11_c02.avi,Basketball,10:48:15,10:49:18
v_Basketball_g11_c03.avi,Basketball,13:45:30,13:46:29
v_Basketball_g11_c05.avi,Basketball,18:59:38,19:00:48
v_Basketball_g12_c01.avi,Basketball,17:45:11,17:46:49
v_Basketball_g12_c05.avi,Basketball,20:07:56,20:08:45
v_Basketball_g13_c01.avi,Basketball,17:08:15,17:08:26
v_Basketball_g13_c03.avi,Basketball,11:08:22,11:09:19
v_Basketball_g13_c04.avi,Basketball,15:12:03,15:13:34
v_Basketball_g14_c02.avi,Basketball,16:06:26,16:08:05
v_Basketball_g14_c03.avi,Basketball,17:32:02,17:32:30
v_Basketball_g14_c05.avi,Basketball,14:22:49,14:23:34
v_Basketball_g15_c02.avi,Basketball,10:12:57,10:14:48
v_Basketball_g15_c06.avi,Basketball,10:05:30,10:06:38
v_Basketball_g15_c07.avi,Basketball,22:17:18,22:17:51
v_Basketball_g16_c01.avi,Basketball,08:44:04,08:44:54
v_Basketball_g16_c02.avi,Basketball,15:14:54,15:16:41
v_Basketball_g16_c03.avi,Basketball,16:04:59,16:06:04
v_Basketball_g16_c04.avi,Basketball,09:22:14,09:23:41
v_Basketball_g16_c05.avi,Basketball,07:13:53,07:14:31
v_Basketball_g16_c06.avi,Basketball,18:58:48,18:59:04
v_Basketball_g17_c01.avi,Basketball,10:50:14,10:51:58
v_Basketball_g17_c04.avi,Basketball,10:05:42,10:06:47
v_Basketball_g18_c01.avi,Basketball,07:56:57,07:57:37
v_Basketball_g18_c02.avi,Basketball,09:23:02,09:24:47
v_Basketball_g18_c03.avi,Basketball,18:26:01,18:27:17
v_Basketball_g18_c04.avi,Basketball,10:00:28,10:01:31
v_Basketball_g18_c05.avi,Basketball,16:04:40,16:04:59
v_Basketball_g19_c01.avi,Basketball,14:24:25,14:25:51
v_Basketball_g19_c02.avi,Basketball,11:02:01,11:02:49
v_Basketball_g19_c03.avi,Basketball,22:21:50,22:22:32
v_Basketball_g19_c04.avi,Basketball,14:14:03,14:15:36
v_Basketball_g19_c06.avi,Basketball,16:31:20,16:31:55
v_Basketball_g19_c07.avi,Basketball,06:47:13,06:47:23
v_Basketball_g20_c01.avi,Basketball,10:02:12,10:02:51
v_Basketball_g20_c03.avi,Basketball,18:11:20,18:12:42
v_Basketball_g20_c05.avi,Basketball,21:05:41,21:06:12
v_Basketball_g20_c06.avi,Basketball,07:21:11,07:22:01
v_Basketball_g20_c07.avi,Basketball,19:07:11,19:08:09
v_Basketball_g21_c01.avi,Basketball,14:06:54,14:08:43
v_Basketball_g21_c02.avi,Basketball,11:53:57,11:54:10
v_Basketball_g21_c04.avi,Basketball,07:13:04,07:13:46
v_Basketball_g21_c05.avi,Basketball,13:17:20,13:17:37
v_Basketball_g21_c06.avi,Basketball,22:36:49,22:37:24
v_Basketball_g22_c02.avi,Basketball,18:12:13,18:13:27
v_Basketball_g22_c03.avi,Basketball,18:38:29,18:39:22
v_Basketball_g22_c06.avi,Basketball,22:36:57,22:37:38
v_Basketball_g22_c07.avi,Basketball,17:48:31,17:49:34
v_Basketball_g23_c01.avi,Basketball,22:40:06,22:40:27
v_Basketball_g23_c02.avi,Basketball,19:55:02,19:55:19
v_Basketball_g23_c03.avi,Basketball,09:09:35,09:10:16
v_Basketball_g23_c06.avi,Basketball,21:46:08,21:46:33
v_Basketball_g24_c01.avi,Basketball,19:54:10,19:55:46
v_Basketball_g24_c02.avi,Basketball,07:22:05,07:23:45
v_Basketball_g24_c03.avi,Basketball,18:12:43,18:13:59
v_Basketball_g24_c04.avi,Basketball,20:55:14,20:55:26
v_Basketball_g25_c01.avi,Basketball,08:22:26,08:23:32
v_Basketball_g25_c02.avi,Basketball,10:06:08,10:06:49
v_Basketball_g25_c03.avi,Basketball,17:23:17,17:24:47
v_Basketball_g25_c04.avi,Basketball,11:31:53,11:33:27
v_Basketball_g25_c05.avi,Basketball,16:08:28,16:09:45
v_Basketball_g25_c07.avi,Basketball,15:00:13,15:02:13
v_BasketballDunk_g01_c01.avi,BasketballDunk,18:24:20,18:25:06
v_BasketballDunk_g01_c03.avi,BasketballDunk,21:17:33,21:18:45
v_BasketballDunk_g01_c04.avi,BasketballDunk,13:00:08,13:01:09
v_BasketballDunk_g01_c05.avi,BasketballDunk,09:58:17,09:59:37
v_BasketballDunk_g01_c06.avi,BasketballDunk,20:17:32,20:17:50
v_BasketballDunk_g01_c07.avi,BasketballDunk,12:51:54,12:53:23
v_BasketballDunk_g02_c01.avi,BasketballDunk,10:16:27,10:16:57
v_BasketballDunk_g02_c02.avi,BasketballDunk,15:18:38,15:19:46
v_BasketballDunk_g02_c03.avi,BasketballDunk,22:19:41,22:21:35
v_BasketballDunk_g02_c04.avi,BasketballDunk,15:56:17,15:56:49
v_BasketballDunk_g03_c01.avi,BasketballDunk,10:09:56,10:11:07
v_BasketballDunk_g03_c02.avi,BasketballDunk,09:33:05,09:33:32
v_BasketballDunk_g03_c03.avi,BasketballDunk,11:06:21,11:06:35
v_BasketballDunk_g03_c05.avi,BasketballDunk,10:04:27,10:05:43
v_BasketballDunk_g03_c06.avi,BasketballDunk,12:48:17,12:48:42
v_BasketballDunk_g04_c01.avi,BasketballDunk,15:11:18,15:11:52
v_BasketballDunk_g04_c02.avi,BasketballDunk,20:06:45,20:07:27
v_BasketballDunk_g05_c02.avi,BasketballDunk,19:48:48,19:50:23
v_BasketballDunk_g05_c03.avi,BasketballDunk,21:27:31,21:28:26
v_BasketballDunk_g05_c04.avi,BasketballDunk,06:37:18,06:39:17
v_BasketballDunk_g05_c05.avi,BasketballDunk,20:27:07,20:28:12
v_BasketballDunk_g05_c06.avi,BasketballDunk,14:16:09,14:17:57
v_BasketballDunk_g06_c02.avi,BasketballDunk,21:34:08,21:35:25
v_BasketballDunk_g06_c04.avi,BasketballDunk,13:19:38,13:20:11
v_BasketballDunk_g07_c01.avi,BasketballDunk,16:04:44,16:05:39
v_BasketballDunk_g07_c03.avi,BasketballDunk,07:54:28,07:56:09
v_BasketballDunk_g07_c04.avi,BasketballDunk,17:05:07,17:06:10
v_BasketballDunk_g07_c06.avi,BasketballDunk,16:34:49,16:35:14
v_BasketballDunk_g08_c01.avi,BasketballDunk,19:19:13,19:21:07
v_BasketballDunk_g08_c02.avi,BasketballDunk,10:14:45,10:15:44
v_BasketballDunk_g08_c03.avi,BasketballDunk,06:21:11,06:22:39
v_BasketballDunk_g08_c04.avi,BasketballDunk,07:30:52,07:31:55
v_BasketballDunk_g08_c05.avi,BasketballDunk,07:30:47,07:32:35
v_BasketballDunk_g09_c01.avi,BasketballDunk,19:17:37,19:19:22
v_BasketballDunk_g09_c02.avi,BasketballDunk,19:39:48,19:40:26
v_BasketballDunk_g09_c03.avi,BasketballDunk,21:22:50,21:24:45
v_BasketballDunk_g09_c04.avi,BasketballDunk,12:01:03,12:01:13
v_BasketballDunk_g09_c05.avi,BasketballDunk,20:04:27,20:05:47
v_BasketballDunk_g10_c03.avi,BasketballDunk,15:00:05,15:01:42
v_BasketballDunk_g10_c04.avi,BasketballDunk,19:13:53,19:15:52
v_BasketballDunk_g10_c05.avi,BasketballDunk,16:39:52,16:40:25
v_BasketballDunk_g11_c01.avi,BasketballDunk,11:44:45,11:45:14
v_BasketballDunk_g11_c02.avi,BasketballDunk,19:17:44,19:19:06
v_BasketballDunk_g11_c04.avi,BasketballDunk,11:54:53,11:56:44
v_BasketballDunk_g11_c05.avi,BasketballDunk,18:38:15,18:39:02
v_BasketballDunk_g12_c02.avi,BasketballDunk,21:14:59,21:15:28
v_BasketballDunk_g12_c03.avi,BasketballDunk,15:09:51,15:11:06
v_BasketballDunk_g13_c01.avi,BasketballDunk,14:09:45,14:11:18
v_BasketballDunk_g13_c02.avi,BasketballDunk,21:47:36,21:47:51
v_BasketballDunk_g13_c03.avi,BasketballDunk,13:41:54,13:43:09
v_BasketballDunk_g13_c04.avi,BasketballDunk,19:18:23,19:19:43
v_BasketballDunk_g14_c01.avi,BasketballDunk,12:20:05,12:20:47
v_BasketballDunk_g14_c02.avi,BasketballDunk,06:51:41,06:52:30
v_BasketballDunk_g14_c03.avi,BasketballDunk,15:50:16,15:50:50
v_BasketballDunk_g14_c04.avi,BasketballDunk,13:49:42,13:51:02
v_BasketballDunk_g14_c05.avi,BasketballDunk,15:14:29,15:15:52
v_BasketballDunk_g14_c07.avi,BasketballDunk,20:04:14,20:04:32
v_BasketballDunk_g15_c01.avi,BasketballDunk,13:07:57,13:09:03
v_BasketballDunk_g15_c02.avi,BasketballDunk,11:50:12,11:52:02
v_BasketballDunk_g15_c03.avi,BasketballDunk,21:58:21,21:59:12
v_BasketballDunk_g15_c05.avi,BasketballDunk,19:43:24,19:44:15
v_BasketballDunk_g15_c06.avi,BasketballDunk,21:39:35,21:40:22
v_BasketballDunk_g15_c07.avi,BasketballDunk,09:27:06,09:28:52
v_BasketballDunk_g16_c02.avi,BasketballDunk,07:28:01,07:29:04
v_BasketballDunk_g16_c03.avi,BasketballDunk,22:28:29,22:29:37
v_BasketballDunk_g16_c04.avi,BasketballDunk,13:20:50,13:21:51
v_BasketballDunk_g16_c05.avi,BasketballDunk,13:36:27,13:38:01
v_BasketballDunk_g17_c01.avi,BasketballDunk,10:35:54,10:36:34
v_BasketballDunk_g17_c02.avi,BasketballDunk,06:30:44,06:32:20
v_BasketballDunk_g17_c03.avi,BasketballDunk,07:24:23,07:26:11
v_BasketballDunk_g17_c04.avi,BasketballDunk,14:31:49,14:32:25
v_BasketballDunk_g17_c07.avi,BasketballDunk,14:41:54,14:43:01
v_BasketballDunk_g18_c01.avi,BasketballDunk,18:07:22,18:08:42
v_BasketballDunk_g18_c02.avi,BasketballDunk,10:55:19,10:55:37
v_BasketballDunk_g18_c03.avi,BasketballDunk,16:52:18,16:52:41
v_BasketballDunk_g18_c04.avi,BasketballDunk,13:12:29,13:13:11
v_BasketballDunk_g18_c05.avi,BasketballDunk,08:13:11,08:14:52
v_BasketballDunk_g18_c06.avi,BasketballDunk,14:05:12,14:07:08
v_BasketballDunk_g19_c02.avi,BasketballDunk,06:23:47,06:25:12
v_BasketballDunk_g19_c03.avi,BasketballDunk,18:55:32,18:56:56
v_BasketballDunk_g19_c04.avi,BasketballDunk,20:35:42,20:36:35
v_BasketballDunk_g20_c01.avi,BasketballDunk,08:23:33,08:25:16
v_BasketballDunk_g20_c03.avi,BasketballDunk,21:08:39,21:08:55
v_BasketballDunk_g20_c04.avi,BasketballDunk,20:32:55,20:33:41
v_BasketballDunk_g20_c05.avi,BasketballDunk,22:13:30,22:14:13
v_BasketballDunk_g20_c06.avi,BasketballDunk,19:10:04,19:10:21
v_BasketballDunk_g21_c01.avi,BasketballDunk,07:21:54,07:22:48
v_BasketballDunk_g21_c02.avi,BasketballDunk,20:25:41,20:26:53
v_BasketballDunk_g21_c03.avi,BasketballDunk,10:44:51,10:46:14
v_BasketballDunk_g21_c04.avi,BasketballDunk,11:26:27,11:26:55
v_BasketballDunk_g22_c02.avi,BasketballDunk,11:40:57,11:42:18
v_BasketballDunk_g23_c01.avi,BasketballDunk,20:32:08,20:33:17
v_BasketballDunk_g23_c02.avi,BasketballDunk,22:20:56,22:21:53
v_BasketballDunk_g23_c03.avi,BasketballDunk,22:05:42,22:06:37
v_BasketballDunk_g23_c04.avi,BasketballDunk,11:35:52,11:36:57
v_BasketballDunk_g23_c05.avi,BasketballDunk,06:02:43,06:03:45
v_BasketballDunk_g24_c01.avi,BasketballDunk,20:18:21,20:19:26
v_BasketballDunk_g24_c04.avi,BasketballDunk,14:40:38,14:41:11
v_BasketballDunk_g25_c02.avi,BasketballDunk,07:46:06,07:46:18
v_BasketballDunk_g25_c04.avi,BasketballDunk,18:58:19,18:59:48
v_BenchPress_g01_c02.avi,BenchPress,18:34:07,18:34:32
v_BenchPress_g01_c03.avi,BenchPress,15:12:46,15:13:42
v_BenchPress_g01_c04.avi,BenchPress,06:41:35,06:43:19
v_BenchPress_g01_c06.avi,BenchPress,06:57:21,06:59:01
v_BenchPress_g02_c01.avi,BenchPress,10:20:43,10:22:03
v_BenchPress_g02_c04.avi,BenchPress,19:04:46,19:05:34
v_BenchPress_g02_c06.avi,BenchPress,18:11:42,18:12:06
v_BenchPress_g03_c02.avi,BenchPress,07:50:59,07:51:56
v_BenchPress_g03_c04.avi,BenchPress,20:39:30,20:40:35
v_BenchPress_g03_c06.avi,BenchPress,15:30:33,15:31:14
v_BenchPress_g03_c07.avi,BenchPress,18:48:20,18:49:47
v_BenchPress_g04_c01.avi,BenchPress,19:21:41,19:21:54
v_BenchPress_g04_c02.avi,BenchPress,15:20:27,15:20:48
v_BenchPress_g04_c06.avi,BenchPress,20:59:06,21:00:29
v_BenchPress_g04_c07.avi,BenchPress,21:05:15,21:07:00
v_BenchPress_g05_c01.avi,BenchPress,13:20:03,13:21:13
v_BenchPress_g05_c04.avi,BenchPress,11:18:34,11:19:02
v_BenchPress_g05_c05.avi,BenchPress,14:30:08,14:31:13
v_BenchPress_g05_c07.avi,BenchPress,20:33:32,20:34:01
v_BenchPress_g06_c01.avi,BenchPress,17:51:24,17:52:46
v_BenchPress_g06_c02.avi,BenchPress,12:24:53,12:26:46
v_BenchPress_g06_c05.avi,BenchPress,07:57:34,07:58:48
v_BenchPress_g06_c06.avi,BenchPress,18:07:05,18:08:23
v_BenchPress_g07_c01.avi,BenchPress,13:15:38,13:16:32
v_BenchPress_g07_c02.avi,BenchPress,10:26:05,10:27:13
v_BenchPress_g07_c04.avi,BenchPress,06:07:40,06:08:36
v_BenchPress_g07_c07.avi,BenchPress,17:44:10,17:45:15
v_BenchPress_g08_c01.avi,BenchPress,17:13:05,17:13:37
v_BenchPress_g08_c03.avi,BenchPress,09:25:41,09:26:41
v_BenchPress_g08_c06.avi,BenchPress,17:14:20,17:14:59
v_BenchPress_g08_c07.avi,BenchPress,10:37:51,10:38:14
v_BenchPress_g09_c01.avi,BenchPress,10:53:47,10:54:35
v_BenchPress_g09_c02.avi,BenchPress,07:30:43,07:32:42
v_BenchPress_g09_c04.avi,BenchPress,07:52:35,07:53:10
v_BenchPress_g09_c06.avi,BenchPress,12:02:03,12:03:20
v_BenchPress_g09_c07.avi,BenchPress,15:17:03,15:18:29
v_BenchPress_g10_c03.avi,BenchPress,10:16:18,10:17:34
v_BenchPress_g10_c04.avi,BenchPress,06:34:16,06:35:09
v_BenchPress_g11_c01.avi,BenchPress,22:04:52,22:06:41
v_BenchPress_g11_c02.avi,BenchPress,22:31:12,22:33:05
v_BenchPress_g11_c03.avi,BenchPress,12:10:45,12:12:28
v_BenchPress_g11_c04.avi,BenchPress,13:02:17,13:02:28
v_BenchPress_g11_c05.avi,BenchPress,22:05:52,22:07:41
v_BenchPress_g12_c01.avi,BenchPress,19:32:40,19:34:14
v_BenchPress_g12_c02.avi,BenchPress,08:29:35,08:31:34
v_BenchPress_g12_c03.avi,BenchPress,18:11:25,18:11:49
v_BenchPress_g12_c06.avi,BenchPress,11:18:40,11:19:14
v_BenchPress_g12_c07.avi,BenchPress,12:08:35,12:09:55
v_BenchPress_g13_c01.avi,BenchPress,08:31:24,08:32:39
v_BenchPress_g13_c03.avi,BenchPress,10:00:57,10:02:55
v_BenchPress_g13_c04.avi,BenchPress,10:19:41,10:21:03
v_BenchPress_g13_c06.avi,BenchPress,07:42:13,07:43:08
v_BenchPress_g13_c07.avi,BenchPress,14:58:54,15:00:54
v_BenchPress_g14_c03.avi,BenchPress,07:45:23,07:45:47
v_BenchPress_g14_c04.avi,BenchPress,11:22:12,11:24:04
v_BenchPress_g14_c05.avi,BenchPress,21:56:32,21:57:06
v_BenchPress_g14_c06.avi,BenchPress,18:54:22,18:54:41
v_BenchPress_g14_c07.avi,BenchPress,10:51:34,10:53:13
v_BenchPress_g15_c01.avi,BenchPress,07:33:04,07:33:54
v_BenchPress_g15_c02.avi,BenchPress,16:22:07,16:24:00
v_BenchPress_g15_c04.avi,BenchPress,19:44:27,19:45:02
v_BenchPress_g15_c06.avi,BenchPress,18:19:32,18:20:27
v_BenchPress_g16_c01.avi,BenchPress,10:54:45,10:55:47
v_BenchPress_g16_c02.avi,BenchPress,13:59:58,14:01:16
v_BenchPress_g16_c04.avi,BenchPress,21:09:50,21:10:19
v_BenchPress_g16_c05.avi,BenchPress,14:17:42,14:18:32
v_BenchPress_g17_c01.avi,BenchPress,17:57:31,17:57:48
v_BenchPress_g17_c02.avi,BenchPress,13:48:21,13:50:09
v_BenchPress_g17_c05.avi,BenchPress,07:14:17,07:14:53
v_BenchPress_g17_c06.avi,BenchPress,15:01:27,15:03:16
v_BenchPress_g18_c01.avi,BenchPress,20:02:06,20:03:52
v_BenchPress_g18_c02.avi,BenchPress,10:06:00,10:07:21
v_BenchPress_g18_c05.avi,BenchPress,19:15:24,19:16:27
v_BenchPress_g18_c06.avi,BenchPress,07:01:12,07:01:47
v_BenchPress_g18_c07.avi,BenchPress,11:38:20,11:39:19
v_BenchPress_g19_c01.avi,BenchPress,15:55:12,15:55:37
v_BenchPress_g19_c04.avi,BenchPress,06:17:44,06:19:22
v_BenchPress_g19_c06.avi,BenchPress,09:47:22,09:48:49
v_BenchPress_g20_c02.avi,BenchPress,22:34:40,22:35:51
v_BenchPress_g20_c03.avi,BenchPress,07:53:02,07:54:55
v_BenchPress_g20_c06.avi,BenchPress,16:01:00,16:02:51
v_BenchPress_g20_c07.avi,BenchPress,16:38:59,16:40:43
v_BenchPress_g21_c02.avi,BenchPress,17:43:15,17:43:42
v_BenchPress_g21_c03.avi,BenchPress,17:02:16,17:02:51
v_BenchPress_g21_c04.avi,BenchPress,13:49:01,13:49:34
v_BenchPress_g22_c01.avi,BenchPress,13:05:50,13:07:27
v_BenchPress_g22_c03.avi,BenchPress,11:59:11,12:00:31
v_BenchPress_g22_c05.avi,BenchPress,07:24:53,07:26:02
v_BenchPress_g22_c07.avi,BenchPress,22:24:41,22:26:27
v_BenchPress_g23_c01.avi,BenchPress,06:35:21,06:36:26
v_BenchPress_g23_c03.avi,BenchPress,21:42:01,21:43:29
v_BenchPress_g23_c05.avi,BenchPress,13:52:33,13:53:48
v_BenchPress_g24_c01.avi,BenchPress,12:41:39,12:42:56
v_BenchPress_g24_c03.avi,BenchPress,13:34:50,13:35:35
v_BenchPress_g24_c06.avi,BenchPress,22:39:32,22:41:09
v_BenchPress_g24_c07.avi,BenchPress,09:23:36,09:24:49
v_BenchPress_g25_c01.avi,BenchPress,18:14:51,18:15:21
v_BenchPress_g25_c04.avi,BenchPress,09:47:15,09:49:03
v_BenchPress_g25_c06.avi,BenchPress,19:16:03,19:17:08
v_BenchPress_g25_c07.avi,BenchPress,11:39:48,11:41:38
v_Biking_g01_c01.avi,Biking,15:32:58,15:34:22
v_Biking_g01_c02.avi,Biking,10:27:23,10:27:53
v_Biking_g01_c03.avi,Biking,17:12:53,17:14:33
v_Biking_g01_c04.avi,Biking,09:13:45,09:14:20
v_Biking_g02_c02.avi,Biking,09:43:21,09:43:36
v_Biking_g02_c03.avi,Biking,07:15:43,07:17:35
v_Biking_g02_c04.avi,Biking,07:34:25,07:35:27
v_Biking_g02_c05.avi,Biking,20:23:35,20:25:01
v_Biking_g02_c07.avi,Biking,22:42:29,22:43:32
v_Biking_g03_c01.avi,Biking,13:42:34,13:44:25
v_Biking_g03_c02.avi,Biking,15:08:36,15:09:00
v_Biking_g03_c03.avi,Biking,12:31:10,12:31:20
v_Biking_g03_c04.avi,Biking,11:51:38,11:52:06
v_Biking_g04_c01.avi,Biking,09:28:30,09:30:03
v_Biking_g04_c02.avi,Biking,12:32:37,12:33:26
v_Biking_g04_c04.avi,Biking,18:18:28,18:20:15
v_Biking_g04_c05.avi,Biking,14:08:23,14:09:21
v_Biking_g05_c02.avi,Biking,10:15:58,10:17:01
v_Biking_g05_c03.avi,Biking,13:30:40,13:31:44
v_Biking_g05_c04.avi,Biking,16:51:10,16:52:18
v_Biking_g05_c05.avi,Biking,17:51:19,17:52:48
v_Biking_g05_c06.avi,Biking,15:57:36,15:58:43
v_Biking_g05_c07.avi,Biking,06:48:46,06:50:05
v_Biking_g06_c02.avi,Biking,10:37:10,10:37:26
v_Biking_g06_c03.avi,Biking,21:05:03,21:06:23
v_Biking_g06_c04.avi,Biking,09:02:32,09:04:11
v_Biking_g06_c05.avi,Biking,13:27:45,13:28:56
v_Biking_g07_c02.avi,Biking,19:58:58,20:00:33
v_Biking_g07_c03.avi,Biking,21:13:56,21:14:29
v_Biking_g07_c04.avi,Biking,18:28:29,18:29:13
v_Biking_g07_c06.avi,Biking,12:23:41,12:24:37
v_Biking_g08_c01.avi,Biking,09:30:21,09:31:21
v_Biking_g08_c02.avi,Biking,13:42:08,13:42:20
v_Biking_g08_c03.avi,Biking,07:56:12,07:57:25
v_Biking_g08_c05.avi,Biking,08:41:15,08:42:33
v_Biking_g08_c06.avi,Biking,22:50:56,22:52:46
v_Biking_g09_c01.avi,Biking,17:59:52,18:01:18
v_Biking_g09_c04.avi,Biking,09:22:28,09:22:54
v_Biking_g10_c01.avi,Biking,21:55:14,21:55:46
v_Biking_g10_c02.avi,Biking,15:03:41,15:04:58
v_Biking_g10_c03.avi,Biking,08:29:14,08:30:03
v_Biking_g10_c05.avi,Biking,18:23:09,18:24:15
v_Biking_g11_c01.avi,Biking,10:25:58,10:27:57
v_Biking_g11_c02.avi,Biking,17:16:53,17:17:27
v_Biking_g11_c04.avi,Biking,20:19:14,20:20:38
v_Biking_g11_c05.avi,Biking,08:04:18,08:04:58
v_Biking_g11_c06.avi,Biking,08:02:44,08:03:17
v_Biking_g12_c01.avi,Biking,14:56:42,14:57:26
v_Biking_g12_c03.avi,Biking,22:56:28,22:57:04
v_Biking_g12_c04.avi,Biking,18:59:35,19:01:00
v_Biking_g13_c01.avi,Biking,11:17:42,11:18:18
v_Biking_g13_c03.avi,Biking,22:48:18,22:49:48
v_Biking_g13_c04.avi,Biking,06:14:19,06:14:46
v_Biking_g13_c05.avi,Biking,22:52:02,22:53:36
v_Biking_g13_c06.avi,Biking,09:21:05,09:22:15
v_Biking_g14_c01.avi,Biking,08:00:53,08:02:04
v_Biking_g14_c03.avi,Biking,18:21:54,18:22:31
v_Biking_g14_c04.avi,Biking,22:50:02,22:51:59
v_Biking_g15_c02.avi,Biking,22:08:42,22:09:47
v_Biking_g15_c04.avi,Biking,14:43:21,14:43:57
v_Biking_g16_c01.avi,Biking,12:03:40,12:03:51
v_Biking_g16_c02.avi,Biking,06:43:53,06:45:09
v_Biking_g16_c03.avi,Biking,06:03:48,06:04:05
v_Biking_g16_c04.avi,Biking,09:20:49,09:22:20
v_Biking_g17_c01.avi,Biking,22:30:00,22:31:47
v_Biking_g17_c02.avi,Biking,06:42:10,06:42:23
v_Biking_g17_c06.avi,Biking,12:37:18,12:38:52
v_Biking_g18_c01.avi,Biking,06:40:22,06:40:45
v_Biking_g18_c02.avi,Biking,20:26:31,20:27:24
v_Biking_g18_c04.avi,Biking,17:20:36,17:22:36
v_Biking_g18_c05.avi,Biking,10:42:18,10:42:31
v_Biking_g18_c06.avi,Biking,16:01:00,16:02:26
v_Biking_g19_c01.avi,Biking,16:30:11,16:32:02
v_Biking_g19_c02.avi,Biking,08:30:50,08:31:28
v_Biking_g20_c01.avi,Biking,10:06:59,10:08:49
v_Biking_g20_c02.avi,Biking,10:18:47,10:19:54
v_Biking_g20_c03.avi,Biking,14:49:14,14:50:28
v_Biking_g20_c05.avi,Biking,15:37:15,15:37:48
v_Biking_g20_c07.avi,Biking,19:35:33,19:35:50
v_Biking_g21_c02.avi,Biking,19:59:54,20:00:58
v_Biking_g21_c05.avi,Biking,16:23:41,16:24:27
v_Biking_g21_c06.avi,Biking,17:23:13,17:24:12
v_Biking_g21_c07.avi,Biking,09:03:05,09:04:23
v_Biking_g22_c01.avi,Biking,22:06:39,22:07:03
v_Biking_g22_c02.avi,Biking,19:55:10,19:56:36
v_Biking_g22_c03.avi,Biking,12:17:45,12:19:43
v_Biking_g22_c04.avi,Biking,21:29:26,21:30:45
v_Biking_g22_c05.avi,Biking,21:20:20,21:21:59
v_Biking_g23_c01.avi,Biking,06:45:04,06:46:19
v_Biking_g23_c02.avi,Biking,15:50:41,15:50:52
v_Biking_g23_c03.avi,Biking,18:20:54,18:21:42
v_Biking_g23_c04.avi,Biking,10:57:05,10:58:34
v_Biking_g24_c03.avi,Biking,20:10:59,20:12:11
v_Biking_g24_c04.avi,Biking,13:39:44,13:40:30
v_Biking_g24_c05.avi,Biking,11:07:51,11:09:06
v_Biking_g24_c06.avi,Biking,18:04:49,18:05:26
v_Biking_g25_c01.avi,Biking,08:58:32,08:58:54
v_Biking_g25_c02.avi,Biking,11:59:07,12:00:36
v_Biking_g25_c03.avi,Biking,22:48:04,22:50:04
v_Biking_g25_c04.avi,Biking,15:40:15,15:40:46
v_Billiards_g01_c01.avi,Billiards,09:32:45,09:33:12
v_Billiards_g01_c02.avi,Billiards,20:42:30,20:42:58
v_Billiards_g01_c03.avi,Billiards,15:30:52,15:31:55
v_Billiards_g01_c04.avi,Billiards,18:02:31,18:02:53
v_Billiards_g01_c05.avi,Billiards,09:44:19,09:45:42
v_Billiards_g01_c06.avi,Billiards,21:12:05,21:12:25
v_Billiards_g02_c01.avi,Billiards,11:16:39,11:18:14
v_Billiards_g02_c02.avi,Billiards,11:34:27,11:34:50
v_Billiards_g02_c03.avi,Billiards,12:31:04,12:32:46
v_Billiards_g02_c04.avi,Billiards,16:23:21,16:24:34
v_Billiards_g02_c05.avi,Billiards,19:42:19,19:42:37
v_Billiards_g02_c07.avi,Billiards,17:43:50,17:44:45
v_Billiards_g03_c01.avi,Billiards,16:57:29,16:58:43
v_Billiards_g03_c02.avi,Billiards,20:10:29,20:11:41
v_Billiards_g03_c03.avi,Billiards,11:57:04,11:57:15
v_Billiards_g03_c04.avi,Billiards,15:35:08,15:37:04
v_Billiards_g03_c05.avi,Billiards,22:12:35,22:13:29
v_Billiards_g04_c01.avi,Billiards,16:39:52,16:40:02
v_Billiards_g04_c02.avi,Billiards,11:26:53,11:27:57
v_Billiards_g04_c04.avi,Billiards,06:57:44,06:59:26
v_Billiards_g04_c05.avi,Billiards,18:06:48,18:07:59
v_Billiards_g04_c07.avi,Billiards,14:01:13,14:01:36
v_Billiards_g05_c02.avi,Billiards,22:47:30,22:47:50
v_Billiards_g05_c03.avi,Billiards,21:02:13,21:04:12
v_Billiards_g05_c05.avi,Billiards,16:06:28,16:08:21
v_Billiards_g05_c06.avi,Billiards,15:04:22,15:06:18
v_Billiards_g06_c01.avi,Billiards,12:58:23,13:00:09
v_Billiards_g06_c03.avi,Billiards,18:11:40,18:12:16
v_Billiards_g07_c01.avi,Billiards,12:20:46,12:22:21
v_Billiards_g07_c02.avi,Billiards,09:20:13,09:22:04
v_Billiards_g07_c03.avi,Billiards,12:18:09,12:18:43
v_Billiards_g08_c01.avi,Billiards,20:22:17,20:23:18
v_Billiards_g08_c03.avi,Billiards,12:07:20,12:08:55
v_Billiards_g08_c05.avi,Billiards,21:56:25,21:57:49
v_Billiards_g08_c06.avi,Billiards,13:01:20,13:01:52
v_Billiards_g09_c01.avi,Billiards,09:43:59,09:44:44
v_Billiards_g09_c02.avi,Billiards,17:47:35,17:49:02
v_Billiards_g09_c03.avi,Billiards,20:43:40,20:45:20
v_Billiards_g09_c04.avi,Billiards,15:20:06,15:22:04
v_Billiards_g09_c05.avi,Billiards,20:52:41,20:53:04
v_Billiards_g09_c06.avi,Billiards,19:33:53,19:34:43
v_Billiards_g09_c07.avi,Billiards,13:44:43,13:46:38
v_Billiards_g10_c01.avi,Billiards,21:53:57,21:54:32
v_Billiards_g10_c02.avi,Billiards,19:25:09,19:26:59
v_Billiards_g10_c03.avi,Billiards,10:38:25,10:40:12
v_Billiards_g10_c04.avi,Billiards,13:52:16,13:52:38
v_Billiards_g10_c05.avi,Billiards,21:36:38,21:37:03
v_Billiards_g11_c01.avi,Billiards,09:24:17,09:26:06
v_Billiards_g11_c02.avi,Billiards,17:30:44,17:31:52
v_Billiards_g11_c03.avi,Billiards,17:09:54,17:11:47
v_Billiards_g11_c04.avi,Billiards,08:00:38,08:02:22
v_Billiards_g11_c05.avi,Billiards,07:31:54,07:33:25
v_Billiards_g11_c06.avi,Billiards,15:47:02,15:48:52
v_Billiards_g11_c07.avi,Billiards,09:42:08,09:42:26
v_Billiards_g12_c01.avi,Billiards,13:50:28,13:51:39
v_Billiards_g12_c02.avi,Billiards,14:49:54,14:50:46
v_Billiards_g12_c05.avi,Billiards,10:20:02,10:21:13
v_Billiards_g12_c07.avi,Billiards,12:16:49,12:17:40
v_Billiards_g13_c01.avi,Billiards,22:25:00,22:25:30
v_Billiards_g13_c02.avi,Billiards,06:14:35,06:15:25
v_Billiards_g13_c03.avi,Billiards,17:10:11,17:11:43
v_Billiards_g13_c04.avi,Billiards,10:35:22,10:36:29
v_Billiards_g13_c06.avi,Billiards,13:07:50,13:08:12
v_Billiards_g14_c03.avi,Billiards,20:27:28,20:29:28
v_Billiards_g14_c06.avi,Billiards,21:32:10,21:32:24
v_Billiards_g15_c02.avi,Billiards,19:11:29,19:12:10
v_Billiards_g15_c03.avi,Billiards,21:58:34,21:58:47
v_Billiards_g15_c06.avi,Billiards,14:31:33,14:32:33
v_Billiards_g16_c01.avi,Billiards,16:11:40,16:12:04
v_Billiards_g16_c02.avi,Billiards,17:34:02,17:34:29
v_Billiards_g16_c03.avi,Billiards,18:58:17,19:00:02
v_Billiards_g17_c01.avi,Billiards,06:34:13,06:36:12
v_Billiards_g17_c03.avi,Billiards,21:25:23,21:25:45
v_Billiards_g18_c02.avi,Billiards,13:21:19,13:21:49
v_Billiards_g18_c03.avi,Billiards,22:15:49,22:16:18
v_Billiards_g18_c04.avi,Billiards,16:45:47,16:47:26
v_Billiards_g18_c05.avi,Billiards,12:12:53,12:13:37
v_Billiards_g18_c07.avi,Billiards,14:21:14,14:21:41
v_Billiards_g19_c01.avi,Billiards,14:47:49,14:49:18
v_Billiards_g19_c03.avi,Billiards,06:42:44,06:43:32
v_Billiards_g19_c05.avi,Billiards,18:34:29,18:36:11
v_Billiards_g19_c06.avi,Billiards,21:44:36,21:46:17
v_Billiards_g19_c07.avi,Billiards,22:32:44,22:33:44
v_Billiards_g20_c01.avi,Billiards,22:19:42,22:20:44
v_Billiards_g20_c04.avi,Billiards,15:18:44,15:19:56
v_Billiards_g21_c01.avi,Billiards,13:58:03,13:59:18
v_Billiards_g21_c02.avi,Billiards,12:29:41,12:29:58
v_Billiards_g21_c04.avi,Billiards,21:45:04,21:46:23
v_Billiards_g22_c01.avi,Billiards,19:15:34,19:16:19
v_Billiards_g22_c02.avi,Billiards,06:17:17,06:19:15
v_Billiards_g22_c05.avi,Billiards,21:37:44,21:38:39
v_Billiards_g23_c02.avi,Billiards,12:25:40,12:27:00
v_Billiards_g24_c02.avi,Billiards,22:09:02,22:10:02
v_Billiards_g24_c05.avi,Billiards,08:30:10,08:30:47
v_Billiards_g24_c06.avi,Billiards,06:33:16,06:34:38
v_Billiards_g25_c01.avi,Billiards,19:07:16,19:07:31
v_Billiards_g25_c02.avi,Billiards,06:14:32,06:15:07
v_Billiards_g25_c03.avi,Billiards,22:22:00,22:22:33
v_Billiards_g25_c04.avi,Billiards,21:10:29,21:11:40
v_Billiards_g25_c07.avi,Billiards,07:26:43,07:27:51
v_BodyWeightSquats_g01_c01.avi,BodyWeightSquats,19:22:58,19:23:43
v_BodyWeightSquats_g01_c02.avi,BodyWeightSquats,14:54:27,14:55:36
v_BodyWeightSquats_g01_c03.avi,BodyWeightSquats,19:20:06,19:22:00
v_BodyWeightSquats_g01_c04.avi,BodyWeightSquats,08:12:31,08:13:03
v_BodyWeightSquats_g02_c02.avi,BodyWeightSquats,19:21:57,19:23:50
v_BodyWeightSquats_g02_c03.avi,BodyWeightSquats,17:13:53,17:15:38
v_BodyWeightSquats_g02_c04.avi,BodyWeightSquats,09:13:32,09:13:58
v_BodyWeightSquats_g03_c01.avi,BodyWeightSquats,06:39:21,06:41:03
v_BodyWeightSquats_g03_c03.avi,BodyWeightSquats,17:05:10,17:06:14
v_BodyWeightSquats_g03_c04.avi,BodyWeightSquats,21:02:04,21:02:17
v_BodyWeightSquats_g04_c01.avi,BodyWeightSquats,08:34:09,08:35:23
v_BodyWeightSquats_g04_c02.avi,BodyWeightSquats,21:54:51,21:56:18
v_BodyWeightSquats_g04_c03.avi,BodyWeightSquats,21:08:57,21:10:43
v_BodyWeightSquats_g04_c04.avi,BodyWeightSquats,09:44:22,09:45:25
v_BodyWeightSquats_g05_c01.avi,BodyWeightSquats,14:46:59,14:48:34
v_BodyWeightSquats_g05_c02.avi,BodyWeightSquats,20:33:32,20:34:43
v_BodyWeightSquats_g05_c03.avi,BodyWeightSquats,15:11:21,15:12:37
v_BodyWeightSquats_g05_c04.avi,BodyWeightSquats,19:39:20,19:39:57
v_BodyWeightSquats_g06_c01.avi,BodyWeightSquats,20:55:02,20:55:56
v_BodyWeightSquats_g06_c03.avi,BodyWeightSquats,22:51:24,22:52:51
v_BodyWeightSquats_g06_c05.avi,BodyWeightSquats,17:59:16,18:01:01
v_BodyWeightSquats_g07_c01.avi,BodyWeightSquats,08:37:16,08:37:33
v_BodyWeightSquats_g07_c02.avi,BodyWeightSquats,15:48:24,15:49:43
v_BodyWeightSquats_g07_c03.avi,BodyWeightSquats,16:12:06,16:13:38
v_BodyWeightSquats_g07_c04.avi,BodyWeightSquats,08:57:59,08:58:13
v_BodyWeightSquats_g08_c01.avi,BodyWeightSquats,20:24:04,20:25:00
v_BodyWeightSquats_g08_c02.avi,BodyWeightSquats,09:57:40,09:59:26
v_BodyWeightSquats_g08_c03.avi,BodyWeightSquats,19:32:43,19:33:09
v_BodyWeightSquats_g08_c04.avi,BodyWeightSquats,18:51:19,18:52:16
v_BodyWeightSquats_g09_c01.avi,BodyWeightSquats,12:28:32,12:29:41
v_BodyWeightSquats_g09_c02.avi,BodyWeightSquats,20:42:48,20:44:08
v_BodyWeightSquats_g09_c04.avi,BodyWeightSquats,08:17:15,08:19:03
v_BodyWeightSquats_g09_c05.avi,BodyWeightSquats,16:46:17,16:47:00
v_BodyWeightSquats_g09_c06.avi,BodyWeightSquats,17:01:33,17:03:08
v_BodyWeightSquats_g09_c07.avi,BodyWeightSquats,19:28:47,19:29:25
v_BodyWeightSquats_g10_c01.avi,BodyWeightSquats,16:59:37,17:01:25
v_BodyWeightSquats_g10_c02.avi,BodyWeightSquats,12:52:09,12:53:18
v_BodyWeightSquats_g10_c03.avi,BodyWeightSquats,11:02:54,11:04:08
v_BodyWeightSquats_g10_c04.avi,BodyWeightSquats,06:45:38,06:46:45
v_BodyWeightSquats_g10_c05.avi,BodyWeightSquats,07:02:52,07:03:50
v_BodyWeightSquats_g11_c01.avi,BodyWeightSquats,19:06:48,19:08:43
v_BodyWeightSquats_g11_c02.avi,BodyWeightSquats,16:52:08,16:53:21
v_BodyWeightSquats_g11_c03.avi,BodyWeightSquats,22:32:51,22:34:11
v_BodyWeightSquats_g11_c04.avi,BodyWeightSquats,08:06:55,08:07:56
v_BodyWeightSquats_g12_c01.avi,BodyWeightSquats,20:54:43,20:55:26
v_BodyWeightSquats_g12_c02.avi,BodyWeightSquats,19:38:51,19:40:15
v_BodyWeightSquats_g12_c03.avi,BodyWeightSquats,12:04:21,12:05:30
v_BodyWeightSquats_g12_c04.avi,BodyWeightSquats,22:46:04,22:46:39
v_BodyWeightSquats_g13_c01.avi,BodyWeightSquats,17:25:34,17:27:17
v_BodyWeightSquats_g13_c02.avi,BodyWeightSquats,21:58:11,21:58:27
v_BodyWeightSquats_g13_c03.avi,BodyWeightSquats,22:40:30,22:41:27
v_BodyWeightSquats_g13_c04.avi,BodyWeightSquats,11:07:13,11:08:39
v_BodyWeightSquats_g14_c01.avi,BodyWeightSquats,11:53:42,11:55:18
v_BodyWeightSquats_g14_c02.avi,BodyWeightSquats,08:20:43,08:21:58
v_BodyWeightSquats_g14_c03.avi,BodyWeightSquats,08:42:46,08:43:03
v_BodyWeightSquats_g14_c04.avi,BodyWeightSquats,14:20:55,14:21:29
v_BodyWeightSquats_g15_c02.avi,BodyWeightSquats,22:09:55,22:10:26
v_BodyWeightSquats_g15_c03.avi,BodyWeightSquats,14:10:31,14:12:10
v_BodyWeightSquats_g15_c04.avi,BodyWeightSquats,20:13:07,20:14:17
v_BodyWeightSquats_g16_c02.avi,BodyWeightSquats,06:54:47,06:54:59
v_BodyWeightSquats_g16_c03.avi,BodyWeightSquats,22:38:32,22:38:52
v_BodyWeightSquats_g16_c04.avi,BodyWeightSquats,18:26:13,18:26:41
v_BodyWeightSquats_g17_c02.avi,BodyWeightSquats,18:28:49,18:29:19
v_BodyWeightSquats_g17_c03.avi,BodyWeightSquats,16:05:39,16:06:55
v_BodyWeightSquats_g18_c01.avi,BodyWeightSquats,14:08:38,14:09:37
v_BodyWeightSquats_g18_c02.avi,BodyWeightSquats,18:56:52,18:58:39
v_BodyWeightSquats_g18_c03.avi,BodyWeightSquats,16:59:18,16:59:32
v_BodyWeightSquats_g18_c04.avi,BodyWeightSquats,21:12:49,21:13:19
v_BodyWeightSquats_g19_c01.avi,BodyWeightSquats,08:05:52,08:07:18
v_BodyWeightSquats_g19_c02.avi,BodyWeightSquats,11:23:57,11:24:51
v_BodyWeightSquats_g19_c03.avi,BodyWeightSquats,08:30:40,08:32:22
v_BodyWeightSquats_g19_c04.avi,BodyWeightSquats,11:37:17,11:38:31
v_BodyWeightSquats_g20_c01.avi,BodyWeightSquats,16:30:32,16:32:32
v_BodyWeightSquats_g20_c03.avi,BodyWeightSquats,11:27:19,11:28:14
v_BodyWeightSquats_g20_c04.avi,BodyWeightSquats,08:57:39,08:58:47
v_BodyWeightSquats_g20_c06.avi,BodyWeightSquats,20:21:12,20:21:57
v_BodyWeightSquats_g21_c01.avi,BodyWeightSquats,21:04:13,21:05:00
v_BodyWeightSquats_g21_c02.avi,BodyWeightSquats,16:00:15,16:02:11
v_BodyWeightSquats_g21_c03.avi,BodyWeightSquats,18:09:04,18:10:11
v_BodyWeightSquats_g21_c04.avi,BodyWeightSquats,14:19:41,14:20:04
v_BodyWeightSquats_g22_c01.avi,BodyWeightSquats,06:07:17,06:07:48
v_BodyWeightSquats_g22_c02.avi,BodyWeightSquats,15:20:14,15:21:30
v_BodyWeightSquats_g22_c03.avi,BodyWeightSquats,17:12:55,17:14:34
v_BodyWeightSquats_g22_c04.avi,BodyWeightSquats,19:05:18,19:07:13
v_BodyWeightSquats_g23_c01.avi,BodyWeightSquats,18:48:03,18:49:40
v_BodyWeightSquats_g23_c02.avi,BodyWeightSquats,10:52:31,10:53:50
v_BodyWeightSquats_g23_c03.avi,BodyWeightSquats,21:20:39,21:21:34
v_BodyWeightSquats_g23_c04.avi,BodyWeightSquats,13:03:47,13:04:09
v_BodyWeightSquats_g24_c01.avi,BodyWeightSquats,16:15:09,16:16:11
v_BodyWeightSquats_g24_c02.avi,BodyWeightSquats,19:50:23,19:51:27
v_BodyWeightSquats_g24_c03.avi,BodyWeightSquats,16:48:37,16:49:58
v_BodyWeightSquats_g24_c04.avi,BodyWeightSquats,14:43:57,14:44:44
v_BodyWeightSquats_g24_c05.avi,BodyWeightSquats,14:21:53,14:23:42
v_BodyWeightSquats_g25_c01.avi,BodyWeightSquats,07:58:56,07:59:43
v_BodyWeightSquats_g25_c02.avi,BodyWeightSquats,20:33:30,20:34:50
v_BodyWeightSquats_g25_c03.avi,BodyWeightSquats,12:49:24,12:51:16
v_BodyWeightSquats_g25_c04.avi,BodyWeightSquats,15:32:46,15:34:32
v_BodyWeightSquats_g25_c05.avi,BodyWeightSquats,13:23:53,13:24:37
v_BodyWeightSquats_g25_c06.avi,BodyWeightSquats,08:33:00,08:34:42
v_BodyWeightSquats_g25_c07.avi,BodyWeightSquats,11:28:27,11:30:20
v_BoxingPunchingBag_g01_c01.avi,BoxingPunchingBag,15:51:20,15:52:42
v_BoxingPunchingBag_g01_c05.avi,BoxingPunchingBag,18:04:27,18:05:05
v_BoxingPunchingBag_g01_c06.avi,BoxingPunchingBag,13:33:43,13:35:15
v_BoxingPunchingBag_g01_c07.avi,BoxingPunchingBag,07:08:10,07:09:48
v_BoxingPunchingBag_g02_c01.avi,BoxingPunchingBag,16:47:13,16:48:52
v_BoxingPunchingBag_g02_c02.avi,BoxingPunchingBag,21:11:28,21:11:48
v_BoxingPunchingBag_g02_c03.avi,BoxingPunchingBag,10:06:45,10:07:10
v_BoxingPunchingBag_g02_c07.avi,BoxingPunchingBag,10:46:20,10:48:06
v_BoxingPunchingBag_g03_c01.avi,BoxingPunchingBag,13:34:26,13:34:57
v_BoxingPunchingBag_g03_c02.avi,BoxingPunchingBag,18:26:27,18:27:34
v_BoxingPunchingBag_g03_c03.avi,BoxingPunchingBag,07:56:12,07:56:39
v_BoxingPunchingBag_g03_c04.avi,BoxingPunchingBag,17:07:33,17:09:22
v_BoxingPunchingBag_g03_c05.avi,BoxingPunchingBag,14:33:38,14:35:16
v_BoxingPunchingBag_g04_c02.avi,BoxingPunchingBag,17:24:48,17:26:31
v_BoxingPunchingBag_g04_c03.avi,BoxingPunchingBag,10:07:15,10:07:46
v_BoxingPunchingBag_g04_c04.avi,BoxingPunchingBag,14:41:16,14:42:54
v_BoxingPunchingBag_g04_c05.avi,BoxingPunchingBag,21:52:19,21:53:07
v_BoxingPunchingBag_g04_c06.avi,BoxingPunchingBag,20:17:55,20:19:17
v_BoxingPunchingBag_g05_c04.avi,BoxingPunchingBag,21:29:29,21:29:47
v_BoxingPunchingBag_g05_c05.avi,BoxingPunchingBag,09:11:37,09:13:27
v_BoxingPunchingBag_g05_c06.avi,BoxingPunchingBag,11:39:05,11:39:55
v_BoxingPunchingBag_g05_c07.avi,BoxingPunchingBag,20:13:37,20:15:28
v_BoxingPunchingBag_g06_c01.avi,BoxingPunchingBag,09:23:25,09:25:16
v_BoxingPunchingBag_g06_c02.avi,BoxingPunchingBag,22:28:49,22:30:03
v_BoxingPunchingBag_g06_c06.avi,BoxingPunchingBag,19:24:03,19:24:16
v_BoxingPunchingBag_g06_c07.avi,BoxingPunchingBag,19:19:04,19:19:16
v_BoxingPunchingBag_g07_c01.avi,BoxingPunchingBag,08:16:37,08:17:36
v_BoxingPunchingBag_g07_c02.avi,BoxingPunchingBag,08:21:17,08:21:43
v_BoxingPunchingBag_g07_c03.avi,BoxingPunchingBag,14:53:13,14:53:24
v_BoxingPunchingBag_g07_c04.avi,BoxingPunchingBag,10:24:39,10:24:49
v_BoxingPunchingBag_g08_c01.avi,BoxingPunchingBag,18:51:26,18:53:11
v_BoxingPunchingBag_g08_c02.avi,BoxingPunchingBag,22:00:47,22:01:05
v_BoxingPunchingBag_g08_c03.avi,BoxingPunchingBag,18:09:55,18:10:07
v_BoxingPunchingBag_g08_c04.avi,BoxingPunchingBag,20:18:51,20:20:24
v_BoxingPunchingBag_g08_c05.avi,BoxingPunchingBag,21:06:04,21:07:41
v_BoxingPunchingBag_g08_c06.avi,BoxingPunchingBag,07:46:48,07:47:09
v_BoxingPunchingBag_g09_c03.avi,BoxingPunchingBag,17:18:23,17:19:29
v_BoxingPunchingBag_g09_c04.avi,BoxingPunchingBag,08:02:58,08:03:10
v_BoxingPunchingBag_g09_c05.avi,BoxingPunchingBag,22:49:07,22:50:46
v_BoxingPunchingBag_g09_c06.avi,BoxingPunchingBag,20:34:38,20:35:31
v_BoxingPunchingBag_g09_c07.avi,BoxingPunchingBag,12:40:00,12:41:24
v_BoxingPunchingBag_g10_c01.avi,BoxingPunchingBag,06:07:57,06:09:29
v_BoxingPunchingBag_g11_c01.avi,BoxingPunchingBag,11:05:45,11:07:34
v_BoxingPunchingBag_g11_c02.avi,BoxingPunchingBag,19:55:44,19:56:18
v_BoxingPunchingBag_g11_c03.avi,BoxingPunchingBag,16:57:43,16:59:22
v_BoxingPunchingBag_g11_c04.avi,BoxingPunchingBag,14:05:38,14:06:38
v_BoxingPunchingBag_g11_c05.avi,BoxingPunchingBag,22:49:16,22:50:41
v_BoxingPunchingBag_g12_c01.avi,BoxingPunchingBag,10:29:50,10:31:46
v_BoxingPunchingBag_g12_c05.avi,BoxingPunchingBag,09:06:05,09:08:01
v_BoxingPunchingBag_g12_c06.avi,BoxingPunchingBag,14:25:08,14:26:31
v_BoxingPunchingBag_g12_c07.avi,BoxingPunchingBag,14:32:18,14:33:19
v_BoxingPunchingBag_g13_c01.avi,BoxingPunchingBag,19:37:49,19:38:51
v_BoxingPunchingBag_g13_c02.avi,BoxingPunchingBag,22:44:43,22:45:40
v_BoxingPunchingBag_g13_c03.avi,BoxingPunchingBag,21:15:46,21:16:43
v_BoxingPunchingBag_g14_c03.avi,BoxingPunchingBag,22:57:38,22:58:47
v_BoxingPunchingBag_g14_c05.avi,BoxingPunchingBag,12:54:09,12:55:02
v_BoxingPunchingBag_g14_c06.avi,BoxingPunchingBag,18:35:25,18:36:34
v_BoxingPunchingBag_g14_c07.avi,BoxingPunchingBag,15:09:36,15:11:31
v_BoxingPunchingBag_g15_c01.avi,BoxingPunchingBag,10:20:40,10:22:12
v_BoxingPunchingBag_g15_c05.avi,BoxingPunchingBag,19:31:12,19:31:32
v_BoxingPunchingBag_g15_c06.avi,BoxingPunchingBag,18:50:56,18:52:35
v_BoxingPunchingBag_g15_c07.avi,BoxingPunchingBag,15:14:18,15:15:27
v_BoxingPunchingBag_g16_c01.avi,BoxingPunchingBag,18:14:15,18:15:49
v_BoxingPunchingBag_g16_c02.avi,BoxingPunchingBag,07:34:11,07:35:05
v_BoxingPunchingBag_g16_c03.avi,BoxingPunchingBag,09:47:00,09:48:07
v_BoxingPunchingBag_g16_c07.avi,BoxingPunchingBag,19:44:57,19:46:10
v_BoxingPunchingBag_g17_c01.avi,BoxingPunchingBag,08:55:54,08:57:22
v_BoxingPunchingBag_g17_c02.avi,BoxingPunchingBag,21:35:55,21:37:41
v_BoxingPunchingBag_g17_c03.avi,BoxingPunchingBag,12:00:11,12:00:33
v_BoxingPunchingBag_g17_c04.avi,BoxingPunchingBag,16:15:11,16:16:52
v_BoxingPunchingBag_g18_c01.avi,BoxingPunchingBag,09:14:44,09:15:45
v_BoxingPunchingBag_g18_c05.avi,BoxingPunchingBag,13:33:26,13:34:36
v_BoxingPunchingBag_g18_c06.avi,BoxingPunchingBag,22:17:10,22:17:38
v_BoxingPunchingBag_g19_c01.avi,BoxingPunchingBag,15:49:41,15:50:21
v_BoxingPunchingBag_g19_c02.avi,BoxingPunchingBag,16:04:12,16:05:12
v_BoxingPunchingBag_g19_c03.avi,BoxingPunchingBag,09:32:00,09:32:58
v_BoxingPunchingBag_g19_c04.avi,BoxingPunchingBag,16:28:58,16:30:09
v_BoxingPunchingBag_g20_c01.avi,BoxingPunchingBag,15:02:28,15:03:12
v_BoxingPunchingBag_g20_c02.avi,BoxingPunchingBag,16:21:45,16:22:45
v_BoxingPunchingBag_g20_c03.avi,BoxingPunchingBag,15:24:58,15:26:31
v_BoxingPunchingBag_g20_c06.avi,BoxingPunchingBag,07:21:17,07:22:35
v_BoxingPunchingBag_g21_c05.avi,BoxingPunchingBag,22:44:35,22:44:57
v_BoxingPunchingBag_g21_c06.avi,BoxingPunchingBag,10:20:52,10:21:02
v_BoxingPunchingBag_g21_c07.avi,BoxingPunchingBag,09:10:04,09:12:03
v_BoxingPunchingBag_g22_c01.avi,BoxingPunchingBag,09:53:59,09:54:54
v_BoxingPunchingBag_g22_c05.avi,BoxingPunchingBag,21:54:08,21:54:59
v_BoxingPunchingBag_g22_c06.avi,BoxingPunchingBag,13:08:22,13:09:18
v_BoxingPunchingBag_g22_c07.avi,BoxingPunchingBag,16:40:52,16:41:52
v_BoxingPunchingBag_g23_c01.avi,BoxingPunchingBag,07:29:48,07:31:39
v_BoxingPunchingBag_g23_c02.avi,BoxingPunchingBag,11:26:09,11:27:19
v_BoxingPunchingBag_g23_c03.avi,BoxingPunchingBag,22:11:33,22:13:04
v_BoxingPunchingBag_g23_c07.avi,BoxingPunchingBag,18:14:48,18:15:39
v_BoxingPunchingBag_g24_c02.avi,BoxingPunchingBag,10:19:50,10:20:41
v_BoxingPunchingBag_g24_c04.avi,BoxingPunchingBag,17:10:09,17:10:38
v_BoxingPunchingBag_g24_c05.avi,BoxingPunchingBag,22:59:13,22:59:34
v_BoxingPunchingBag_g24_c07.avi,BoxingPunchingBag,06:20:53,06:22:39
v_BoxingPunchingBag_g25_c03.avi,BoxingPunchingBag,14:40:30,14:42:23
v_BoxingPunchingBag_g25_c05.avi,BoxingPunchingBag,20:34:08,20:35:01
v_BoxingPunchingBag_g25_c06.avi,BoxingPunchingBag,06:34:18,06:35:11
v_BoxingPunchingBag_g25_c07.avi,BoxingPunchingBag,14:01:32,14:01:43
v_BreastStroke_g01_c01.avi,BreastStroke,12:06:51,12:08:46
v_BreastStroke_g01_c02.avi,BreastStroke,09:46:56,09:47:15
v_BreastStroke_g01_c03.avi,BreastStroke,16:56:56,16:58:07
v_BreastStroke_g01_c04.avi,BreastStroke,21:40:08,21:41:38
v_BreastStroke_g02_c01.avi,BreastStroke,18:26:09,18:26:47
v_BreastStroke_g02_c02.avi,BreastStroke,08:01:23,08:02:07
v_BreastStroke_g02_c03.avi,BreastStroke,22:04:56,22:06:26
v_BreastStroke_g02_c04.avi,BreastStroke,19:28:43,19:29:40
v_BreastStroke_g03_c01.avi,BreastStroke,08:36:26,08:38:13
v_BreastStroke_g03_c02.avi,BreastStroke,11:44:22,11:46:16
v_BreastStroke_g03_c04.avi,BreastStroke,19:45:20,19:46:04
v_BreastStroke_g04_c01.avi,BreastStroke,13:10:54,13:12:03
v_BreastStroke_g04_c02.avi,BreastStroke,17:48:42,17:49:17
v_BreastStroke_g04_c03.avi,BreastStroke,09:26:51,09:28:22
v_BreastStroke_g04_c04.avi,BreastStroke,08:09:35,08:11:19
v_BreastStroke_g05_c01.avi,BreastStroke,14:06:58,14:07:18
v_BreastStroke_g05_c02.avi,BreastStroke,14:31:34,14:32:40
v_BreastStroke_g05_c03.avi,BreastStroke,12:13:48,12:14:04
v_BreastStroke_g05_c04.avi,BreastStroke,14:40:15,14:41:04
v_BreastStroke_g06_c01.avi,BreastStroke,22:00:22,22:01:40
v_BreastStroke_g06_c02.avi,BreastStroke,17:22:45,17:23:48
v_BreastStroke_g06_c03.avi,BreastStroke,14:34:36,14:34:56
v_BreastStroke_g06_c04.avi,BreastStroke,17:50:55,17:51:35
v_BreastStroke_g07_c01.avi,BreastStroke,13:41:11,13:42:32
v_BreastStroke_g07_c02.avi,BreastStroke,09:04:42,09:05:38
v_BreastStroke_g07_c03.avi,BreastStroke,21:18:59,21:20:57
v_BreastStroke_g07_c04.avi,BreastStroke,19:20:44,19:21:49
v_BreastStroke_g08_c01.avi,BreastStroke,06:54:21,06:55:44
v_BreastStroke_g08_c02.avi,BreastStroke,10:17:03,10:17:47
v_BreastStroke_g08_c03.avi,BreastStroke,12:09:10,12:09:33
v_BreastStroke_g08_c04.avi,BreastStroke,12:09:16,12:10:07
v_BreastStroke_g09_c01.avi,BreastStroke,18:39:21,18:41:19
v_BreastStroke_g09_c02.avi,BreastStroke,13:10:42,13:12:27
v_BreastStroke_g09_c03.avi,BreastStroke,14:40:20,14:40:43
v_BreastStroke_g09_c04.avi,BreastStroke,18:01:32,18:02:50
v_BreastStroke_g10_c01.avi,BreastStroke,21:17:10,21:18:10
v_BreastStroke_g10_c02.avi,BreastStroke,17:27:55,17:29:10
v_BreastStroke_g10_c03.avi,BreastStroke,11:01:23,11:02:55
v_BreastStroke_g10_c04.avi,BreastStroke,18:14:57,18:15:53
v_BreastStroke_g11_c01.avi,BreastStroke,14:22:19,14:22:30
v_BreastStroke_g11_c02.avi,BreastStroke,21:35:06,21:35:40
v_BreastStroke_g11_c03.avi,BreastStroke,07:31:56,07:32:58
v_BreastStroke_g11_c04.avi,BreastStroke,07:12:31,07:13:59
v_BreastStroke_g12_c01.avi,BreastStroke,17:27:06,17:27:57
v_BreastStroke_g12_c02.avi,BreastStroke,13:17:25,13:17:38
v_BreastStroke_g12_c03.avi,BreastStroke,10:19:12,10:19:27
v_BreastStroke_g12_c04.avi,BreastStroke,16:58:09,17:00:06
v_BreastStroke_g13_c01.avi,BreastStroke,09:05:16,09:06:04
v_BreastStroke_g13_c02.avi,BreastStroke,18:53:59,18:55:31
v_BreastStroke_g13_c03.avi,BreastStroke,11:41:01,11:42:10
v_BreastStroke_g13_c04.avi,BreastStroke,22:10:38,22:11:22
v_BreastStroke_g14_c01.avi,BreastStroke,19:19:29,19:20:37
v_BreastStroke_g14_c02.avi,BreastStroke,07:15:42,07:16:47
v_BreastStroke_g14_c03.avi,BreastStroke,16:32:54,16:33:22
v_BreastStroke_g14_c04.avi,BreastStroke,09:32:02,09:33:23
v_BreastStroke_g15_c01.avi,BreastStroke,18:53:20,18:53:50
v_BreastStroke_g15_c02.avi,BreastStroke,17:21:27,17:21:46
v_BreastStroke_g15_c03.avi,BreastStroke,17:52:34,17:54:19
v_BreastStroke_g15_c04.avi,BreastStroke,11:59:04,11:59:57
v_BreastStroke_g16_c01.avi,BreastStroke,21:59:37,22:01:11
v_BreastStroke_g16_c02.avi,BreastStroke,17:06:22,17:08:14
v_BreastStroke_g16_c03.avi,BreastStroke,14:59:27,15:00:26
v_BreastStroke_g16_c04.avi,BreastStroke,18:53:58,18:54:41
v_BreastStroke_g17_c01.avi,BreastStroke,15:08:02,15:09:01
v_BreastStroke_g17_c02.avi,BreastStroke,06:50:30,06:51:46
v_BreastStroke_g17_c03.avi,BreastStroke,19:01:07,19:02:23
v_BreastStroke_g17_c04.avi,BreastStroke,08:11:13,08:11:35
v_BreastStroke_g18_c01.avi,BreastStroke,11:01:14,11:01:40
v_BreastStroke_g18_c02.avi,BreastStroke,22:07:12,22:08:35
v_BreastStroke_g18_c03.avi,BreastStroke,14:06:59,14:08:28
v_BreastStroke_g18_c04.avi,BreastStroke,08:54:14,08:56:02
v_BreastStroke_g18_c05.avi,BreastStroke,07:26:06,07:26:44
v_BreastStroke_g19_c01.avi,BreastStroke,15:14:07,15:15:07
v_BreastStroke_g19_c02.avi,BreastStroke,16:06:08,16:07:04
v_BreastStroke_g19_c03.avi,BreastStroke,08:13:39,08:14:50
v_BreastStroke_g19_c04.avi,BreastStroke,06:24:28,06:25:01
v_BreastStroke_g20_c01.avi,BreastStroke,20:50:25,20:50:38
v_BreastStroke_g20_c02.avi,BreastStroke,16:36:59,16:37:54
v_BreastStroke_g20_c03.avi,BreastStroke,17:16:08,17:17:35
v_BreastStroke_g20_c04.avi,BreastStroke,18:21:37,18:22:22
v_BreastStroke_g21_c01.avi,BreastStroke,11:50:06,11:50:52
v_BreastStroke_g21_c02.avi,BreastStroke,10:56:20,10:57:07
v_BreastStroke_g21_c03.avi,BreastStroke,15:30:53,15:32:35
v_BreastStroke_g21_c04.avi,BreastStroke,19:05:41,19:07:34
v_BreastStroke_g22_c01.avi,BreastStroke,20:29:45,20:30:37
v_BreastStroke_g22_c02.avi,BreastStroke,14:03:26,14:04:11
v_BreastStroke_g22_c03.avi,BreastStroke,07:20:52,07:21:30
v_BreastStroke_g22_c04.avi,BreastStroke,06:06:27,06:08:26
v_BreastStroke_g23_c01.avi,BreastStroke,15:44:04,15:44:17
v_BreastStroke_g23_c02.avi,BreastStroke,09:34:17,09:35:53
v_BreastStroke_g23_c03.avi,BreastStroke,07:50:21,07:51:03
v_BreastStroke_g23_c04.avi,BreastStroke,14:42:33,14:44:25
v_BreastStroke_g24_c01.avi,BreastStroke,17:19:04,17:20:01
v_BreastStroke_g24_c02.avi,BreastStroke,20:10:27,20:12:27
v_BreastStroke_g24_c03.avi,BreastStroke,13:24:57,13:26:52
v_BreastStroke_g24_c04.avi,BreastStroke,16:35:26,16:35:56
v_BreastStroke_g25_c01.avi,BreastStroke,16:46:47,16:47:12
v_BreastStroke_g25_c02.avi,BreastStroke,10:01:51,10:02:35
v_BreastStroke_g25_c03.avi,BreastStroke,06:19:52,06:20:18
v_BreastStroke_g25_c04.avi,BreastStroke,07:58:14,07:59:19
v_BrushingTeeth_g01_c01.avi,BrushingTeeth,16:40:07,16:41:23
v_BrushingTeeth_g01_c03.avi,BrushingTeeth,08:23:11,08:24:12
v_BrushingTeeth_g01_c04.avi,BrushingTeeth,09:41:41,09:42:12
v_BrushingTeeth_g02_c01.avi,BrushingTeeth,14:58:22,14:59:16
v_BrushingTeeth_g02_c02.avi,BrushingTeeth,07:47:54,07:49:34
v_BrushingTeeth_g02_c03.avi,BrushingTeeth,17:58:07,17:59:57
v_BrushingTeeth_g02_c04.avi,BrushingTeeth,14:30:14,14:31:44
v_BrushingTeeth_g02_c05.avi,BrushingTeeth,07:54:10,07:55:34
v_BrushingTeeth_g02_c06.avi,BrushingTeeth,14:11:21,14:13:11
v_BrushingTeeth_g02_c07.avi,BrushingTeeth,17:55:24,17:56:52
v_BrushingTeeth_g03_c01.avi,BrushingTeeth,12:10:46,12:11:42
v_BrushingTeeth_g03_c03.avi,BrushingTeeth,10:50:13,10:51:07
v_BrushingTeeth_g03_c04.avi,BrushingTeeth,20:03:53,20:04:09
v_BrushingTeeth_g04_c01.avi,BrushingTeeth,22:34:14,22:35:28
v_BrushingTeeth_g04_c02.avi,BrushingTeeth,08:57:16,08:58:00
v_BrushingTeeth_g04_c04.avi,BrushingTeeth,09:27:42,09:28:22
v_BrushingTeeth_g05_c01.avi,BrushingTeeth,18:34:25,18:35:32
v_BrushingTeeth_g05_c03.avi,BrushingTeeth,21:29:40,21:30:35
v_BrushingTeeth_g05_c04.avi,BrushingTeeth,14:24:14,14:26:08
v_BrushingTeeth_g05_c05.avi,BrushingTeeth,06:10:00,06:10:56
v_BrushingTeeth_g06_c01.avi,BrushingTeeth,08:36:38,08:36:58
v_BrushingTeeth_g06_c03.avi,BrushingTeeth,19:44:32,19:45:20
v_BrushingTeeth_g06_c04.avi,BrushingTeeth,14:17:49,14:18:39
v_BrushingTeeth_g06_c05.avi,BrushingTeeth,17:03:33,17:05:03
v_BrushingTeeth_g07_c02.avi,BrushingTeeth,11:01:18,11:02:21
v_BrushingTeeth_g07_c03.avi,BrushingTeeth,06:30:06,06:31:30
v_BrushingTeeth_g07_c05.avi,BrushingTeeth,14:44:45,14:45:33
v_BrushingTeeth_g07_c06.avi,BrushingTeeth,17:23:55,17:25:51
v_BrushingTeeth_g08_c01.avi,BrushingTeeth,07:20:54,07:21:04
v_BrushingTeeth_g08_c02.avi,BrushingTeeth,11:08:46,11:09:37
v_BrushingTeeth_g08_c03.avi,BrushingTeeth,07:19:59,07:20:52
v_BrushingTeeth_g08_c04.avi,BrushingTeeth,08:32:13,08:33:17
v_BrushingTeeth_g08_c05.avi,BrushingTeeth,08:29:58,08:31:29
v_BrushingTeeth_g08_c06.avi,BrushingTeeth,14:27:11,14:28:51
v_BrushingTeeth_g09_c01.avi,BrushingTeeth,06:27:23,06:27:57
v_BrushingTeeth_g09_c02.avi,BrushingTeeth,06:13:07,06:13:49
v_BrushingTeeth_g09_c03.avi,BrushingTeeth,10:42:50,10:43:37
v_BrushingTeeth_g09_c04.avi,BrushingTeeth,15:19:49,15:20:31
v_BrushingTeeth_g10_c01.avi,BrushingTeeth,17:43:29,17:44:28
v_BrushingTeeth_g10_c02.avi,BrushingTeeth,22:37:31,22:38:47
v_BrushingTeeth_g10_c03.avi,BrushingTeeth,21:19:35,21:21:24
v_BrushingTeeth_g10_c04.avi,BrushingTeeth,16:53:56,16:55:02
v_BrushingTeeth_g10_c05.avi,BrushingTeeth,09:35:19,09:36:22
v_BrushingTeeth_g11_c01.avi,BrushingTeeth,15:22:32,15:23:46
v_BrushingTeeth_g11_c02.avi,BrushingTeeth,11:47:56,11:48:12
v_BrushingTeeth_g11_c03.avi,BrushingTeeth,15:43:43,15:44:40
v_BrushingTeeth_g11_c04.avi,BrushingTeeth,11:43:32,11:45:04
v_BrushingTeeth_g12_c01.avi,BrushingTeeth,15:48:03,15:50:00
v_BrushingTeeth_g12_c02.avi,BrushingTeeth,16:53:52,16:55:24
v_BrushingTeeth_g12_c03.avi,BrushingTeeth,12:29:17,12:30:14
v_BrushingTeeth_g12_c04.avi,BrushingTeeth,21:02:02,21:02:16
v_BrushingTeeth_g12_c05.avi,BrushingTeeth,07:15:51,07:16:12
v_BrushingTeeth_g12_c06.avi,BrushingTeeth,09:10:53,09:11:14
v_BrushingTeeth_g13_c01.avi,BrushingTeeth,13:00:04,13:01:22
v_BrushingTeeth_g13_c02.avi,BrushingTeeth,13:10:47,13:11:49
v_BrushingTeeth_g13_c03.avi,BrushingTeeth,07:50:25,07:51:18
v_BrushingTeeth_g13_c04.avi,BrushingTeeth,12:18:32,12:19:04
v_BrushingTeeth_g14_c01.avi,BrushingTeeth,21:24:08,21:24:34
v_BrushingTeeth_g14_c02.avi,BrushingTeeth,06:07:34,06:08:25
v_BrushingTeeth_g14_c03.avi,BrushingTeeth,21:44:53,21:45:51
v_BrushingTeeth_g14_c04.avi,BrushingTeeth,14:01:08,14:02:30
v_BrushingTeeth_g14_c05.avi,BrushingTeeth,07:25:02,07:26:05
v_BrushingTeeth_g15_c01.avi,BrushingTeeth,22:45:34,22:46:50
v_BrushingTeeth_g15_c02.avi,BrushingTeeth,21:42:05,21:42:50
v_BrushingTeeth_g15_c04.avi,BrushingTeeth,07:25:44,07:26:54
v_BrushingTeeth_g16_c01.avi,BrushingTeeth,10:58:49,11:00:27
v_BrushingTeeth_g16_c02.avi,BrushingTeeth,13:43:13,13:45:06
v_BrushingTeeth_g16_c03.avi,BrushingTeeth,06:17:53,06:18:28
v_BrushingTeeth_g16_c04.avi,BrushingTeeth,20:39:56,20:40:41
v_BrushingTeeth_g17_c01.avi,BrushingTeeth,19:10:48,19:12:23
v_BrushingTeeth_g17_c02.avi,BrushingTeeth,12:06:26,12:07:21
v_BrushingTeeth_g17_c03.avi,BrushingTeeth,21:59:28,21:59:44
v_BrushingTeeth_g17_c05.avi,BrushingTeeth,13:33:16,13:33:42
v_BrushingTeeth_g18_c01.avi,BrushingTeeth,20:43:24,20:44:39
v_BrushingTeeth_g18_c03.avi,BrushingTeeth,11:10:21,11:10:44
v_BrushingTeeth_g18_c05.avi,BrushingTeeth,20:18:22,20:19:39
v_BrushingTeeth_g18_c06.avi,BrushingTeeth,19:38:23,19:39:57
v_BrushingTeeth_g19_c02.avi,BrushingTeeth,07:18:35,07:19:04
v_BrushingTeeth_g19_c04.avi,BrushingTeeth,19:45:29,19:47:22
v_BrushingTeeth_g19_c05.avi,BrushingTeeth,22:18:08,22:18:48
v_BrushingTeeth_g20_c02.avi,BrushingTeeth,17:28:59,17:29:53
v_BrushingTeeth_g20_c03.avi,BrushingTeeth,07:56:46,07:58:42
v_BrushingTeeth_g20_c04.avi,BrushingTeeth,13:37:41,13:38:20
v_BrushingTeeth_g21_c02.avi,BrushingTeeth,07:09:01,07:09:22
v_BrushingTeeth_g21_c03.avi,BrushingTeeth,12:35:14,12:35:38
v_BrushingTeeth_g21_c04.avi,BrushingTeeth,14:12:14,14:12:27
v_BrushingTeeth_g22_c02.avi,BrushingTeeth,12:38:27,12:39:50
v_BrushingTeeth_g22_c04.avi,BrushingTeeth,21:12:36,21:13:09
v_BrushingTeeth_g22_c05.avi,BrushingTeeth,13:06:36,13:07:44
v_BrushingTeeth_g23_c01.avi,BrushingTeeth,09:36:17,09:37:15
v_BrushingTeeth_g23_c05.avi,BrushingTeeth,11:26:33,11:28:27
v_BrushingTeeth_g24_c01.avi,BrushingTeeth,13:33:37,13:34:45
v_BrushingTeeth_g24_c02.avi,BrushingTeeth,20:13:27,20:14:01
v_BrushingTeeth_g24_c03.avi,BrushingTeeth,12:03:58,12:04:17
v_BrushingTeeth_g24_c04.avi,BrushingTeeth,21:56:51,21:57:27
v_BrushingTeeth_g25_c01.avi,BrushingTeeth,14:21:29,14:22:22
v_BrushingTeeth_g25_c02.avi,BrushingTeeth,20:20:25,20:21:18
v_BrushingTeeth_g25_c03.avi,BrushingTeeth,22:18:54,22:20:13
v_BrushingTeeth_g25_c06.avi,BrushingTeeth,07:10:36,07:12:04
v_BrushingTeeth_g25_c07.avi,BrushingTeeth,14:57:21,14:58:20
v_CliffDiving_g01_c01.avi,CliffDiving,20:24:58,20:26:32
v_CliffDiving_g01_c03.avi,CliffDiving,15:55:01,15:56:31
v_CliffDiving_g01_c04.avi,CliffDiving,12:55:49,12:56:14
v_CliffDiving_g01_c05.avi,CliffDiving,17:42:19,17:42:30
v_CliffDiving_g02_c01.avi,CliffDiving,21:16:42,21:18:16
v_CliffDiving_g02_c02.avi,CliffDiving,18:59:47,19:01:47
v_CliffDiving_g02_c03.avi,CliffDiving,06:50:23,06:51:49
v_CliffDiving_g02_c04.avi,CliffDiving,11:39:50,11:41:14
v_CliffDiving_g03_c03.avi,CliffDiving,17:58:24,17:59:51
v_CliffDiving_g03_c04.avi,CliffDiving,07:48:45,07:49:05
v_CliffDiving_g03_c05.avi,CliffDiving,12:03:19,12:05:05
v_CliffDiving_g04_c01.avi,CliffDiving,21:58:30,21:58:50
v_CliffDiving_g04_c02.avi,CliffDiving,06:12:56,06:13:50
v_CliffDiving_g04_c03.avi,CliffDiving,08:27:29,08:29:26
v_CliffDiving_g04_c04.avi,CliffDiving,12:41:58,12:42:42
v_CliffDiving_g05_c01.avi,CliffDiving,09:20:40,09:22:37
v_CliffDiving_g05_c02.avi,CliffDiving,22:07:57,22:08:08
v_CliffDiving_g05_c03.avi,CliffDiving,06:28:03,06:29:31
v_CliffDiving_g05_c04.avi,CliffDiving,21:25:22,21:25:59
v_CliffDiving_g05_c05.avi,CliffDiving,13:32:55,13:33:17
v_CliffDiving_g05_c06.avi,CliffDiving,19:56:16,19:56:38
v_CliffDiving_g06_c01.avi,CliffDiving,20:47:46,20:47:57
v_CliffDiving_g06_c04.avi,CliffDiving,15:13:58,15:14:25
v_CliffDiving_g06_c07.avi,CliffDiving,19:29:11,19:31:10
v_CliffDiving_g07_c01.avi,CliffDiving,20:12:41,20:14:13
v_CliffDiving_g07_c03.avi,CliffDiving,14:14:21,14:15:47
v_CliffDiving_g07_c04.avi,CliffDiving,08:24:00,08:24:21
v_CliffDiving_g07_c05.avi,CliffDiving,17:53:14,17:54:25
v_CliffDiving_g07_c06.avi,CliffDiving,16:00:37,16:01:07
v_CliffDiving_g08_c01.avi,CliffDiving,16:00:31,16:02:27
v_CliffDiving_g08_c02.avi,CliffDiving,21:32:38,21:33:17
v_CliffDiving_g08_c03.avi,CliffDiving,17:00:34,17:02:33
v_CliffDiving_g08_c04.avi,CliffDiving,08:16:18,08:17:07
v_CliffDiving_g09_c01.avi,CliffDiving,20:24:34,20:26:20
v_CliffDiving_g09_c02.avi,CliffDiving,17:52:57,17:53:37
v_CliffDiving_g09_c04.avi,CliffDiving,08:11:55,08:12:13
v_CliffDiving_g09_c06.avi,CliffDiving,13:43:17,13:44:12
v_CliffDiving_g10_c01.avi,CliffDiving,09:15:56,09:16:19
v_CliffDiving_g10_c02.avi,CliffDiving,12:54:16,12:55:21
v_CliffDiving_g10_c03.avi,CliffDiving,17:23:43,17:24:57
v_CliffDiving_g10_c04.avi,CliffDiving,06:50:55,06:51:54
v_CliffDiving_g10_c06.avi,CliffDiving,21:01:09,21:02:08
v_CliffDiving_g10_c07.avi,CliffDiving,10:10:27,10:11:08
v_CliffDiving_g11_c01.avi,CliffDiving,15:02:13,15:03:32
v_CliffDiving_g11_c02.avi,CliffDiving,13:48:02,13:48:53
v_CliffDiving_g11_c03.avi,CliffDiving,09:39:31,09:40:39
v_CliffDiving_g11_c05.avi,CliffDiving,08:26:42,08:26:59
v_CliffDiving_g11_c06.avi,CliffDiving,12:00:14,12:01:29
v_CliffDiving_g12_c01.avi,CliffDiving,07:43:26,07:45:05
v_CliffDiving_g12_c02.avi,CliffDiving,18:47:53,18:48:43
v_CliffDiving_g12_c05.avi,CliffDiving,15:42:59,15:43:23
v_CliffDiving_g12_c06.avi,CliffDiving,14:46:20,14:47:06
v_CliffDiving_g12_c07.avi,CliffDiving,07:44:57,07:46:48
v_CliffDiving_g13_c01.avi,CliffDiving,09:15:24,09:15:40
v_CliffDiving_g13_c02.avi,CliffDiving,16:31:01,16:31:43
v_CliffDiving_g13_c03.avi,CliffDiving,08:23:14,08:25:06
v_CliffDiving_g13_c04.avi,CliffDiving,06:00:42,06:02:23
v_CliffDiving_g14_c01.avi,CliffDiving,15:32:35,15:33:23
v_CliffDiving_g14_c02.avi,CliffDiving,13:38:14,13:40:13
v_CliffDiving_g14_c03.avi,CliffDiving,16:20:22,16:21:16
v_CliffDiving_g14_c04.avi,CliffDiving,14:40:19,14:41:10
v_CliffDiving_g14_c05.avi,CliffDiving,21:28:00,21:29:06
v_CliffDiving_g14_c06.avi,CliffDiving,06:10:27,06:10:47
v_CliffDiving_g14_c07.avi,CliffDiving,15:18:54,15:20:02
v_CliffDiving_g15_c01.avi,CliffDiving,21:06:51,21:08:50
v_CliffDiving_g15_c02.avi,CliffDiving,18:29:11,18:30:06
v_CliffDiving_g15_c03.avi,CliffDiving,20:57:20,20:57:36
v_CliffDiving_g15_c04.avi,CliffDiving,09:15:19,09:17:03
v_CliffDiving_g16_c01.avi,CliffDiving,13:26:29,13:27:56
v_CliffDiving_g16_c02.avi,CliffDiving,10:00:00,10:01:02
v_CliffDiving_g16_c03.avi,CliffDiving,16:04:07,16:05:37
v_CliffDiving_g16_c04.avi,CliffDiving,20:46:27,20:47:01
v_CliffDiving_g17_c01.avi,CliffDiving,06:29:01,06:30:20
v_CliffDiving_g17_c03.avi,CliffDiving,09:03:00,09:04:18
v_CliffDiving_g17_c04.avi,CliffDiving,08:32:18,08:33:50
v_CliffDiving_g18_c01.avi,CliffDiving,15:56:14,15:57:40
v_CliffDiving_g18_c02.avi,CliffDiving,19:32:13,19:34:12
v_CliffDiving_g18_c03.avi,CliffDiving,08:12:19,08:13:26
v_CliffDiving_g18_c04.avi,CliffDiving,08:16:25,08:17:43
v_CliffDiving_g18_c05.avi,CliffDiving,11:09:56,11:11:24
v_CliffDiving_g19_c01.avi,CliffDiving,17:21:19,17:21:52
v_CliffDiving_g19_c02.avi,CliffDiving,15:54:44,15:56:00
v_CliffDiving_g19_c07.avi,CliffDiving,21:49:30,21:49:47
v_CliffDiving_g20_c04.avi,CliffDiving,10:26:55,10:27:10
v_CliffDiving_g20_c05.avi,CliffDiving,22:27:52,22:28:08
v_CliffDiving_g20_c06.avi,CliffDiving,16:03:55,16:05:18
v_CliffDiving_g21_c01.avi,CliffDiving,07:28:15,07:30:00
v_CliffDiving_g21_c04.avi,CliffDiving,21:15:51,21:16:12
v_CliffDiving_g22_c01.avi,CliffDiving,15:53:29,15:53:59
v_CliffDiving_g22_c03.avi,CliffDiving,18:50:28,18:51:25
v_CliffDiving_g22_c04.avi,CliffDiving,13:29:16,13:31:00
v_CliffDiving_g22_c05.avi,CliffDiving,06:32:12,06:33:24
v_CliffDiving_g22_c06.avi,CliffDiving,21:25:26,21:26:40
v_CliffDiving_g23_c03.avi,CliffDiving,17:50:40,17:51:13
v_CliffDiving_g23_c05.avi,CliffDiving,12:56:05,12:57:04
v_CliffDiving_g24_c02.avi,CliffDiving,12:24:40,12:26:36
v_CliffDiving_g25_c01.avi,CliffDiving,20:31:39,20:32:42
v_CliffDiving_g25_c02.avi,CliffDiving,17:55:47,17:56:19
v_CliffDiving_g25_c03.avi,CliffDiving,13:21:39,13:22:47
v_CliffDiving_g25_c04.avi,CliffDiving,21:16:09,21:17:22
v_CricketBowling_g01_c01.avi,CricketBowling,20:22:26,20:23:35
v_CricketBowling_g01_c02.avi,CricketBowling,14:55:16,14:56:31
v_CricketBowling_g01_c03.avi,CricketBowling,18:13:13,18:14:42
v_CricketBowling_g01_c07.avi,CricketBowling,12:36:22,12:37:01
v_CricketBowling_g02_c01.avi,CricketBowling,06:06:01,06:06:29
v_CricketBowling_g02_c02.avi,CricketBowling,06:35:20,06:35:44
v_CricketBowling_g02_c03.avi,CricketBowling,06:31:05,06:32:58
v_CricketBowling_g02_c04.avi,CricketBowling,22:16:40,22:18:02
v_CricketBowling_g02_c05.avi,CricketBowling,13:50:33,13:51:17
v_CricketBowling_g02_c06.avi,CricketBowling,21:39:28,21:41:20
v_CricketBowling_g02_c07.avi,CricketBowling,21:54:56,21:56:39
v_CricketBowling_g03_c01.avi,CricketBowling,14:40:15,14:41:22
v_CricketBowling_g03_c02.avi,CricketBowling,20:31:11,20:32:40
v_CricketBowling_g03_c03.avi,CricketBowling,13:39:41,13:39:58
v_CricketBowling_g03_c04.avi,CricketBowling,12:31:24,12:32:01
v_CricketBowling_g04_c01.avi,CricketBowling,20:47:22,20:48:55
v_CricketBowling_g04_c02.avi,CricketBowling,21:59:09,21:59:48
v_CricketBowling_g04_c03.avi,CricketBowling,13:21:41,13:22:42
v_CricketBowling_g04_c04.avi,CricketBowling,20:17:11,20:18:26
v_CricketBowling_g05_c03.avi,CricketBowling,09:51:08,09:51:36
v_CricketBowling_g05_c04.avi,CricketBowling,06:51:29,06:52:29
v_CricketBowling_g06_c01.avi,CricketBowling,14:52:40,14:54:25
v_CricketBowling_g06_c04.avi,CricketBowling,22:28:47,22:29:34
v_CricketBowling_g06_c05.avi,CricketBowling,14:45:43,14:46:29
v_CricketBowling_g07_c01.avi,CricketBowling,10:04:46,10:05:16
v_CricketBowling_g07_c02.avi,CricketBowling,13:55:42,13:57:33
v_CricketBowling_g07_c03.avi,CricketBowling,08:42:02,08:42:28
v_CricketBowling_g07_c04.avi,CricketBowling,20:57:13,20:58:15
v_CricketBowling_g08_c01.avi,CricketBowling,22:09:57,22:11:39
v_CricketBowling_g08_c04.avi,CricketBowling,13:05:40,13:06:39
v_CricketBowling_g08_c05.avi,CricketBowling,07:20:33,07:21:25
v_CricketBowling_g09_c01.avi,CricketBowling,19:42:08,19:43:05
v_CricketBowling_g09_c04.avi,CricketBowling,08:10:02,08:10:33
v_CricketBowling_g09_c05.avi,CricketBowling,17:56:41,17:58:11
v_CricketBowling_g09_c06.avi,CricketBowling,14:43:19,14:44:32
v_CricketBowling_g09_c07.avi,CricketBowling,13:02:08,13:03:19
v_CricketBowling_g10_c02.avi,CricketBowling,13:12:21,13:13:55
v_CricketBowling_g10_c03.avi,CricketBowling,20:53:11,20:53:27
v_CricketBowling_g10_c04.avi,CricketBowling,17:00:54,17:02:48
v_CricketBowling_g11_c04.avi,CricketBowling,16:01:40,16:02:34
v_CricketBowling_g11_c07.avi,CricketBowling,07:48:08,07:49:21
v_CricketBowling_g12_c01.avi,CricketBowling,09:29:39,09:31:29
v_CricketBowling_g12_c02.avi,CricketBowling,08:52:09,08:52:47
v_CricketBowling_g12_c03.avi,CricketBowling,16:50:05,16:51:05
v_CricketBowling_g12_c04.avi,CricketBowling,22:02:44,22:04:01
v_CricketBowling_g12_c06.avi,CricketBowling,20:16:08,20:17:39
v_CricketBowling_g13_c01.avi,CricketBowling,21:32:01,21:32:26
v_CricketBowling_g13_c04.avi,CricketBowling,11:41:08,11:41:37
v_CricketBowling_g13_c05.avi,CricketBowling,15:50:18,15:52:13
v_CricketBowling_g14_c01.avi,CricketBowling,06:41:34,06:43:13
v_CricketBowling_g14_c04.avi,CricketBowling,08:01:16,08:03:01
v_CricketBowling_g14_c05.avi,CricketBowling,22:45:23,22:46:08
v_CricketBowling_g15_c01.avi,CricketBowling,14:45:18,14:46:10
v_CricketBowling_g15_c02.avi,CricketBowling,22:01:56,22:02:17
v_CricketBowling_g15_c03.avi,CricketBowling,17:52:11,17:52:44
v_CricketBowling_g15_c04.avi,CricketBowling,20:15:06,20:15:34
v_CricketBowling_g15_c05.avi,CricketBowling,15:38:59,15:39:24
v_CricketBowling_g15_c06.avi,CricketBowling,18:10:29,18:11:13
v_CricketBowling_g16_c01.avi,CricketBowling,08:37:22,08:39:15
v_CricketBowling_g16_c02.avi,CricketBowling,18:43:45,18:45:35
v_CricketBowling_g16_c03.avi,CricketBowling,18:50:05,18:50:20
v_CricketBowling_g16_c04.avi,CricketBowling,13:32:23,13:34:15
v_CricketBowling_g16_c05.avi,CricketBowling,11:33:32,11:34:20
v_CricketBowling_g16_c06.avi,CricketBowling,11:50:57,11:51:11
v_CricketBowling_g16_c07.avi,CricketBowling,08:21:15,08:22:00
v_CricketBowling_g17_c01.avi,CricketBowling,14:45:20,14:47:12
v_CricketBowling_g17_c02.avi,CricketBowling,15:42:39,15:43:40
v_CricketBowling_g17_c03.avi,CricketBowling,18:27:24,18:28:29
v_CricketBowling_g17_c04.avi,CricketBowling,16:11:52,16:13:29
v_CricketBowling_g17_c05.avi,CricketBowling,14:57:12,14:58:52
v_CricketBowling_g18_c01.avi,CricketBowling,06:57:53,06:59:34
v_CricketBowling_g18_c02.avi,CricketBowling,09:14:19,09:14:39
v_CricketBowling_g18_c03.avi,CricketBowling,12:41:07,12:41:25
v_CricketBowling_g18_c04.avi,CricketBowling,06:20:24,06:20:57
v_CricketBowling_g18_c05.avi,CricketBowling,18:55:59,18:56:11
v_CricketBowling_g18_c06.avi,CricketBowling,12:37:16,12:39:00
v_CricketBowling_g19_c01.avi,CricketBowling,20:19:03,20:20:59
v_CricketBowling_g19_c03.avi,CricketBowling,20:35:25,20:35:46
v_CricketBowling_g19_c05.avi,CricketBowling,15:14:59,15:16:03
v_CricketBowling_g19_c06.avi,CricketBowling,06:44:15,06:45:35
v_CricketBowling_g19_c07.avi,CricketBowling,06:28:20,06:29:54
v_CricketBowling_g20_c01.avi,CricketBowling,07:45:22,07:46:44
v_CricketBowling_g20_c02.avi,CricketBowling,15:57:34,15:59:12
v_CricketBowling_g20_c04.avi,CricketBowling,08:03:34,08:05:30
v_CricketBowling_g21_c01.avi,CricketBowling,06:59:52,07:00:24
v_CricketBowling_g21_c03.avi,CricketBowling,12:28:46,12:30:16
v_CricketBowling_g21_c06.avi,CricketBowling,11:35:06,11:36:37
v_CricketBowling_g22_c03.avi,CricketBowling,12:06:56,12:07:22
v_CricketBowling_g22_c05.avi,CricketBowling,14:02:39,14:04:00
v_CricketBowling_g22_c07.avi,CricketBowling,09:53:36,09:55:16
v_CricketBowling_g23_c01.avi,CricketBowling,22:02:41,22:03:09
v_CricketBowling_g23_c02.avi,CricketBowling,13:45:37,13:47:11
v_CricketBowling_g23_c04.avi,CricketBowling,15:24:02,15:25:04
v_CricketBowling_g24_c01.avi,CricketBowling,21:35:29,21:36:21
v_CricketBowling_g24_c02.avi,CricketBowling,13:33:16,13:34:24
v_CricketBowling_g24_c04.avi,CricketBowling,19:11:36,19:12:27
v_CricketBowling_g25_c01.avi,CricketBowling,09:46:12,09:47:03
v_CricketBowling_g25_c05.avi,CricketBowling,10:27:00,10:27:48
v_CricketBowling_g25_c06.avi,CricketBowling,22:56:03,22:56:40
v_CricketBowling_g25_c07.avi,CricketBowling,09:16:21,09:16:52
v_CuttingInKitchen_g01_c01.avi,CuttingInKitchen,11:21:26,11:22:22
v_CuttingInKitchen_g01_c02.avi,CuttingInKitchen,19:23:37,19:24:50
v_CuttingInKitchen_g02_c01.avi,CuttingInKitchen,12:21:31,12:22:45
v_CuttingInKitchen_g02_c02.avi,CuttingInKitchen,13:37:54,13:39:28
v_CuttingInKitchen_g02_c03.avi,CuttingInKitchen,07:09:03,07:09:57
v_CuttingInKitchen_g02_c04.avi,CuttingInKitchen,14:21:28,14:23:26
v_CuttingInKitchen_g03_c01.avi,CuttingInKitchen,16:18:03,16:18:42
v_CuttingInKitchen_g03_c02.avi,CuttingInKitchen,08:00:21,08:00:31
v_CuttingInKitchen_g03_c03.avi,CuttingInKitchen,08:31:18,08:31:39
v_CuttingInKitchen_g03_c04.avi,CuttingInKitchen,14:21:19,14:22:24
v_CuttingInKitchen_g04_c01.avi,CuttingInKitchen,19:02:45,19:03:18
v_CuttingInKitchen_g04_c02.avi,CuttingInKitchen,15:06:42,15:07:42
v_CuttingInKitchen_g04_c03.avi,CuttingInKitchen,17:01:21,17:02:47
v_CuttingInKitchen_g04_c05.avi,CuttingInKitchen,11:59:57,12:00:10
v_CuttingInKitchen_g05_c01.avi,CuttingInKitchen,08:39:54,08:41:52
v_CuttingInKitchen_g05_c02.avi,CuttingInKitchen,08:11:10,08:13:05
v_CuttingInKitchen_g05_c03.avi,CuttingInKitchen,19:15:04,19:16:59
v_CuttingInKitchen_g05_c04.avi,CuttingInKitchen,14:01:40,14:02:52
v_CuttingInKitchen_g05_c06.avi,CuttingInKitchen,16:54:34,16:55:03
v_CuttingInKitchen_g06_c01.avi,CuttingInKitchen,07:03:05,07:04:05
v_CuttingInKitchen_g06_c02.avi,CuttingInKitchen,11:52:35,11:54:30
v_CuttingInKitchen_g06_c03.avi,CuttingInKitchen,20:21:26,20:22:16
v_CuttingInKitchen_g06_c05.avi,CuttingInKitchen,10:54:00,10:55:33
v_CuttingInKitchen_g07_c01.avi,CuttingInKitchen,11:46:47,11:47:11
v_CuttingInKitchen_g07_c02.avi,CuttingInKitchen,19:26:06,19:26:21
v_CuttingInKitchen_g07_c03.avi,CuttingInKitchen,22:44:59,22:45:55
v_CuttingInKitchen_g07_c04.avi,CuttingInKitchen,18:42:48,18:43:29
v_CuttingInKitchen_g08_c02.avi,CuttingInKitchen,16:18:01,16:18:49
v_CuttingInKitchen_g08_c04.avi,CuttingInKitchen,07:23:41,07:24:52
v_CuttingInKitchen_g09_c01.avi,CuttingInKitchen,15:57:38,15:57:52
v_CuttingInKitchen_g09_c03.avi,CuttingInKitchen,14:52:27,14:52:37
v_CuttingInKitchen_g09_c04.avi,CuttingInKitchen,07:47:08,07:47:50
v_CuttingInKitchen_g10_c01.avi,CuttingInKitchen,16:08:52,16:10:05
v_CuttingInKitchen_g10_c02.avi,CuttingInKitchen,09:07:42,09:09:39
v_CuttingInKitchen_g10_c03.avi,CuttingInKitchen,17:54:15,17:55:30
v_CuttingInKitchen_g10_c05.avi,CuttingInKitchen,08:54:17,08:56:02
v_CuttingInKitchen_g10_c06.avi,CuttingInKitchen,07:54:51,07:55:34
v_CuttingInKitchen_g10_c07.avi,CuttingInKitchen,17:18:33,17:19:33
v_CuttingInKitchen_g11_c01.avi,CuttingInKitchen,13:05:55,13:06:25
v_CuttingInKitchen_g11_c02.avi,CuttingInKitchen,13:37:44,13:39:39
v_CuttingInKitchen_g11_c03.avi,CuttingInKitchen,22:57:24,22:58:02
v_CuttingInKitchen_g11_c04.avi,CuttingInKitchen,11:35:15,11:35:26
v_CuttingInKitchen_g12_c01.avi,CuttingInKitchen,09:43:58,09:44:53
v_CuttingInKitchen_g12_c02.avi,CuttingInKitchen,20:39:18,20:40:35
v_CuttingInKitchen_g12_c03.avi,CuttingInKitchen,22:45:57,22:46:55
v_CuttingInKitchen_g12_c04.avi,CuttingInKitchen,20:53:27,20:54:33
v_CuttingInKitchen_g13_c01.avi,CuttingInKitchen,06:31:13,06:32:01
v_CuttingInKitchen_g13_c02.avi,CuttingInKitchen,21:08:13,21:09:23
v_CuttingInKitchen_g13_c03.avi,CuttingInKitchen,22:28:47,22:30:01
v_CuttingInKitchen_g13_c04.avi,CuttingInKitchen,18:15:55,18:16:20
v_CuttingInKitchen_g14_c01.avi,CuttingInKitchen,11:33:10,11:34:05
v_CuttingInKitchen_g14_c02.avi,CuttingInKitchen,07:26:15,07:27:06
v_CuttingInKitchen_g14_c03.avi,CuttingInKitchen,16:45:33,16:45:47
v_CuttingInKitchen_g14_c04.avi,CuttingInKitchen,07:13:57,07:15:02
v_CuttingInKitchen_g15_c01.avi,CuttingInKitchen,22:21:26,22:23:24
v_CuttingInKitchen_g15_c02.avi,CuttingInKitchen,20:13:22,20:15:17
v_CuttingInKitchen_g15_c03.avi,CuttingInKitchen,14:13:53,14:14:05
v_CuttingInKitchen_g15_c04.avi,CuttingInKitchen,19:20:02,19:20:17
v_CuttingInKitchen_g16_c01.avi,CuttingInKitchen,15:23:48,15:24:15
v_CuttingInKitchen_g16_c02.avi,CuttingInKitchen,17:27:43,17:28:07
v_CuttingInKitchen_g16_c03.avi,CuttingInKitchen,10:22:35,10:23:39
v_CuttingInKitchen_g16_c04.avi,CuttingInKitchen,16:36:26,16:37:12
v_CuttingInKitchen_g17_c01.avi,CuttingInKitchen,11:58:43,12:00:07
v_CuttingInKitchen_g17_c02.avi,CuttingInKitchen,10:22:36,10:23:37
v_CuttingInKitchen_g17_c03.avi,CuttingInKitchen,19:34:14,19:34:35
v_CuttingInKitchen_g17_c04.avi,CuttingInKitchen,13:13:41,13:14:05
v_CuttingInKitchen_g18_c01.avi,CuttingInKitchen,19:18:18,19:19:27
v_CuttingInKitchen_g18_c02.avi,CuttingInKitchen,12:13:41,12:15:02
v_CuttingInKitchen_g18_c03.avi,CuttingInKitchen,08:23:59,08:25:46
v_CuttingInKitchen_g18_c04.avi,CuttingInKitchen,09:57:29,09:58:52
v_CuttingInKitchen_g19_c01.avi,CuttingInKitchen,07:07:00,07:08:43
v_CuttingInKitchen_g19_c02.avi,CuttingInKitchen,13:16:32,13:18:22
v_CuttingInKitchen_g19_c03.avi,CuttingInKitchen,07:13:42,07:14:57
v_CuttingInKitchen_g19_c04.avi,CuttingInKitchen,21:22:28,21:23:11
v_CuttingInKitchen_g20_c01.avi,CuttingInKitchen,18:54:26,18:54:54
v_CuttingInKitchen_g20_c02.avi,CuttingInKitchen,20:34:50,20:36:33
v_CuttingInKitchen_g20_c03.avi,CuttingInKitchen,22:49:27,22:50:32
v_CuttingInKitchen_g20_c04.avi,CuttingInKitchen,06:08:07,06:09:45
v_CuttingInKitchen_g21_c01.avi,CuttingInKitchen,10:08:56,10:09:38
v_CuttingInKitchen_g21_c02.avi,CuttingInKitchen,08:14:19,08:16:10
v_CuttingInKitchen_g21_c03.avi,CuttingInKitchen,22:46:26,22:48:26
v_CuttingInKitchen_g21_c04.avi,CuttingInKitchen,08:39:08,08:40:23
v_CuttingInKitchen_g22_c01.avi,CuttingInKitchen,08:40:27,08:40:40
v_CuttingInKitchen_g22_c02.avi,CuttingInKitchen,19:37:44,19:38:58
v_CuttingInKitchen_g22_c03.avi,CuttingInKitchen,06:59:43,07:01:08
v_CuttingInKitchen_g22_c04.avi,CuttingInKitchen,06:28:56,06:30:48
v_CuttingInKitchen_g23_c01.avi,CuttingInKitchen,08:46:16,08:48:13
v_CuttingInKitchen_g23_c02.avi,CuttingInKitchen,10:50:32,10:52:31
v_CuttingInKitchen_g23_c03.avi,CuttingInKitchen,21:51:34,21:53:27
v_CuttingInKitchen_g23_c04.avi,CuttingInKitchen,19:09:06,19:09:51
v_CuttingInKitchen_g24_c01.avi,CuttingInKitchen,14:05:00,14:05:23
v_CuttingInKitchen_g24_c02.avi,CuttingInKitchen,20:21:48,20:22:37
v_CuttingInKitchen_g24_c03.avi,CuttingInKitchen,06:38:30,06:39:49
v_CuttingInKitchen_g24_c04.avi,CuttingInKitchen,09:12:56,09:14:21
v_CuttingInKitchen_g25_c01.avi,CuttingInKitchen,13:33:19,13:35:05
v_CuttingInKitchen_g25_c02.avi,CuttingInKitchen,11:38:44,11:40:37
v_CuttingInKitchen_g25_c03.avi,CuttingInKitchen,14:42:30,14:44:29
v_CuttingInKitchen_g25_c04.avi,CuttingInKitchen,13:59:33,14:00:21
v_CuttingInKitchen_g25_c05.avi,CuttingInKitchen,16:50:11,16:51:38
v_CuttingInKitchen_g25_c06.avi,CuttingInKitchen,09:47:47,09:49:33
v_Drumming_g01_c01.avi,Drumming,22:13:48,22:15:30
v_Drumming_g01_c05.avi,Drumming,12:29:12,12:30:10
v_Drumming_g01_c06.avi,Drumming,12:12:15,12:13:18
v_Drumming_g02_c01.avi,Drumming,06:14:18,06:15:10
v_Drumming_g02_c02.avi,Drumming,10:52:03,10:53:30
v_Drumming_g02_c03.avi,Drumming,14:28:49,14:30:28
v_Drumming_g02_c07.avi,Drumming,12:14:34,12:15:32
v_Drumming_g03_c01.avi,Drumming,07:39:56,07:40:15
v_Drumming_g03_c02.avi,Drumming,10:32:47,10:33:09
v_Drumming_g03_c03.avi,Drumming,22:16:58,22:18:23
v_Drumming_g03_c04.avi,Drumming,22:36:48,22:38:40
v_Drumming_g04_c01.avi,Drumming,10:47:33,10:48:50
v_Drumming_g04_c02.avi,Drumming,09:58:02,09:58:53
v_Drumming_g04_c06.avi,Drumming,17:52:17,17:54:03
v_Drumming_g04_c07.avi,Drumming,12:50:41,12:51:40
v_Drumming_g05_c05.avi,Drumming,19:52:20,19:52:48
v_Drumming_g05_c06.avi,Drumming,09:09:33,09:11:28
v_Drumming_g06_c04.avi,Drumming,13:30:14,13:32:12
v_Drumming_g07_c02.avi,Drumming,14:05:12,14:06:51
v_Drumming_g07_c03.avi,Drumming,20:15:31,20:16:21
v_Drumming_g07_c04.avi,Drumming,11:51:20,11:53:08
v_Drumming_g07_c05.avi,Drumming,22:44:47,22:46:35
v_Drumming_g07_c06.avi,Drumming,20:50:09,20:50:35
v_Drumming_g07_c07.avi,Drumming,22:39:40,22:41:20
v_Drumming_g08_c03.avi,Drumming,16:09:51,16:11:31
v_Drumming_g08_c05.avi,Drumming,12:21:31,12:21:51
v_Drumming_g09_c01.avi,Drumming,11:17:55,11:19:18
v_Drumming_g09_c02.avi,Drumming,14:50:32,14:51:04
v_Drumming_g09_c04.avi,Drumming,08:53:19,08:54:44
v_Drumming_g10_c01.avi,Drumming,16:15:36,16:16:06
v_Drumming_g10_c02.avi,Drumming,06:12:12,06:13:16
v_Drumming_g10_c03.avi,Drumming,15:39:10,15:39:25
v_Drumming_g10_c06.avi,Drumming,14:31:19,14:32:08
v_Drumming_g10_c07.avi,Drumming,14:52:57,14:54:37
v_Drumming_g11_c01.avi,Drumming,19:52:44,19:54:05
v_Drumming_g11_c02.avi,Drumming,18:44:13,18:45:29
v_Drumming_g11_c03.avi,Drumming,13:52:48,13:52:59
v_Drumming_g11_c04.avi,Drumming,14:21:57,14:22:16
v_Drumming_g11_c05.avi,Drumming,10:07:31,10:07:43
v_Drumming_g11_c07.avi,Drumming,16:53:13,16:54:33
v_Drumming_g12_c01.avi,Drumming,12:08:52,12:09:43
v_Drumming_g12_c02.avi,Drumming,12:56:25,12:57:53
v_Drumming_g12_c03.avi,Drumming,08:51:18,08:52:59
v_Drumming_g12_c04.avi,Drumming,10:53:22,10:55:22
v_Drumming_g12_c05.avi,Drumming,10:07:50,10:08:53
v_Drumming_g12_c06.avi,Drumming,06:49:36,06:49:49
v_Drumming_g12_c07.avi,Drumming,15:49:34,15:51:27
v_Drumming_g13_c05.avi,Drumming,22:56:44,22:58:27
v_Drumming_g13_c06.avi,Drumming,16:15:16,16:16:58
v_Drumming_g13_c07.avi,Drumming,08:58:05,08:59:33
v_Drumming_g14_c01.avi,Drumming,08:34:30,08:34:48
v_Drumming_g14_c02.avi,Drumming,12:26:56,12:27:14
v_Drumming_g14_c06.avi,Drumming,15:25:41,15:26:29
v_Drumming_g15_c01.avi,Drumming,20:01:18,20:02:16
v_Drumming_g15_c02.avi,Drumming,18:08:05,18:08:48
v_Drumming_g15_c04.avi,Drumming,19:04:24,19:05:21
v_Drumming_g15_c05.avi,Drumming,12:55:21,12:55:32
v_Drumming_g15_c06.avi,Drumming,16:50:25,16:51:55
v_Drumming_g15_c07.avi,Drumming,09:15:33,09:17:26
v_Drumming_g16_c01.avi,Drumming,15:25:30,15:26:39
v_Drumming_g16_c02.avi,Drumming,14:46:51,14:47:49
v_Drumming_g16_c03.avi,Drumming,22:40:22,22:41:32
v_Drumming_g16_c04.avi,Drumming,06:20:05,06:21:37
v_Drumming_g17_c02.avi,Drumming,21:42:02,21:43:56
v_Drumming_g17_c04.avi,Drumming,18:29:23,18:29:51
v_Drumming_g17_c06.avi,Drumming,16:54:24,16:55:37
v_Drumming_g18_c03.avi,Drumming,20:53:12,20:53:47
v_Drumming_g18_c04.avi,Drumming,13:48:01,13:48:31
v_Drumming_g18_c05.avi,Drumming,12:41:31,12:42:22
v_Drumming_g19_c01.avi,Drumming,14:40:23,14:41:48
v_Drumming_g19_c02.avi,Drumming,17:38:39,17:38:58
v_Drumming_g19_c03.avi,Drumming,06:56:43,06:57:27
v_Drumming_g19_c04.avi,Drumming,17:31:03,17:31:57
v_Drumming_g19_c06.avi,Drumming,10:19:32,10:20:01
v_Drumming_g20_c05.avi,Drumming,18:23:37,18:24:02
v_Drumming_g20_c07.avi,Drumming,18:20:47,18:21:35
v_Drumming_g21_c01.avi,Drumming,15:30:07,15:31:56
v_Drumming_g21_c02.avi,Drumming,12:47:45,12:48:32
v_Drumming_g21_c03.avi,Drumming,16:31:14,16:32:07
v_Drumming_g21_c07.avi,Drumming,11:07:58,11:09:22
v_Drumming_g22_c01.avi,Drumming,12:38:12,12:38:30
v_Drumming_g22_c02.avi,Drumming,15:40:05,15:40:48
v_Drumming_g22_c03.avi,Drumming,06:32:35,06:34:11
v_Drumming_g23_c01.avi,Drumming,14:02:13,14:04:05
v_Drumming_g23_c02.avi,Drumming,06:48:25,06:50:16
v_Drumming_g23_c04.avi,Drumming,07:53:11,07:55:08
v_Drumming_g23_c05.avi,Drumming,18:04:19,18:05:35
v_Drumming_g23_c06.avi,Drumming,11:56:17,11:56:40
v_Drumming_g23_c07.avi,Drumming,20:28:35,20:30:03
v_Drumming_g24_c01.avi,Drumming,09:25:06,09:26:46
v_Drumming_g24_c02.avi,Drumming,16:07:13,16:09:03
v_Drumming_g24_c04.avi,Drumming,19:54:07,19:54:24
v_Drumming_g24_c06.avi,Drumming,19:09:18,19:10:47
v_Drumming_g24_c07.avi,Drumming,15:17:39,15:19:23
v_Drumming_g25_c01.avi,Drumming,21:30:40,21:32:02
v_Drumming_g25_c02.avi,Drumming,18:28:21,18:29:15
v_Drumming_g25_c03.avi,Drumming,07:30:55,07:32:49
v_Drumming_g25_c04.avi,Drumming,12:03:49,12:05:03
v_Drumming_g25_c05.avi,Drumming,07:26:19,07:27:55
v_Drumming_g25_c07.avi,Drumming,14:26:12,14:27:14
v_FieldHockeyPenalty_g01_c01.avi,FieldHockeyPenalty,08:12:00,08:12:41
v_FieldHockeyPenalty_g01_c02.avi,FieldHockeyPenalty,13:36:20,13:37:41
v_FieldHockeyPenalty_g01_c04.avi,FieldHockeyPenalty,09:21:52,09:22:55
v_FieldHockeyPenalty_g01_c05.avi,FieldHockeyPenalty,06:15:32,06:17:05
v_FieldHockeyPenalty_g02_c01.avi,FieldHockeyPenalty,21:53:52,21:54:59
v_FieldHockeyPenalty_g02_c02.avi,FieldHockeyPenalty,21:59:27,22:00:59
v_FieldHockeyPenalty_g02_c03.avi,FieldHockeyPenalty,09:42:57,09:43:33
v_FieldHockeyPenalty_g02_c04.avi,FieldHockeyPenalty,09:56:19,09:56:32
v_FieldHockeyPenalty_g02_c05.avi,FieldHockeyPenalty,09:42:53,09:44:02
v_FieldHockeyPenalty_g02_c06.avi,FieldHockeyPenalty,21:57:57,21:59:56
v_FieldHockeyPenalty_g03_c02.avi,FieldHockeyPenalty,19:36:16,19:37:30
v_FieldHockeyPenalty_g03_c03.avi,FieldHockeyPenalty,16:27:10,16:27:43
v_FieldHockeyPenalty_g03_c04.avi,FieldHockeyPenalty,07:30:12,07:31:05
v_FieldHockeyPenalty_g04_c01.avi,FieldHockeyPenalty,19:11:53,19:13:01
v_FieldHockeyPenalty_g04_c02.avi,FieldHockeyPenalty,14:46:28,14:47:08
v_FieldHockeyPenalty_g04_c03.avi,FieldHockeyPenalty,09:43:46,09:45:38
v_FieldHockeyPenalty_g04_c04.avi,FieldHockeyPenalty,21:35:25,21:37:19
v_FieldHockeyPenalty_g04_c05.avi,FieldHockeyPenalty,19:39:29,19:40:49
v_FieldHockeyPenalty_g04_c07.avi,FieldHockeyPenalty,14:40:54,14:41:34
v_FieldHockeyPenalty_g05_c01.avi,FieldHockeyPenalty,10:36:55,10:38:25
v_FieldHockeyPenalty_g05_c02.avi,FieldHockeyPenalty,09:42:44,09:44:29
v_FieldHockeyPenalty_g05_c03.avi,FieldHockeyPenalty,15:53:34,15:54:01
v_FieldHockeyPenalty_g05_c04.avi,FieldHockeyPenalty,09:12:36,09:14:17
v_FieldHockeyPenalty_g05_c05.avi,FieldHockeyPenalty,17:59:20,18:01:11
v_FieldHockeyPenalty_g05_c06.avi,FieldHockeyPenalty,12:07:38,12:08:26
v_FieldHockeyPenalty_g05_c07.avi,FieldHockeyPenalty,21:04:29,21:05:06
v_FieldHockeyPenalty_g06_c02.avi,FieldHockeyPenalty,13:24:27,13:26:21
v_FieldHockeyPenalty_g06_c03.avi,FieldHockeyPenalty,19:23:39,19:24:12
v_FieldHockeyPenalty_g06_c04.avi,FieldHockeyPenalty,18:03:45,18:04:04
v_FieldHockeyPenalty_g06_c05.avi,FieldHockeyPenalty,12:54:21,12:54:31
v_FieldHockeyPenalty_g06_c06.avi,FieldHockeyPenalty,20:06:40,20:07:36
v_FieldHockeyPenalty_g06_c07.avi,FieldHockeyPenalty,10:09:19,10:09:30
v_FieldHockeyPenalty_g07_c01.avi,FieldHockeyPenalty,08:03:54,08:05:11
v_FieldHockeyPenalty_g07_c02.avi,FieldHockeyPenalty,13:33:16,13:34:11
v_FieldHockeyPenalty_g07_c04.avi,FieldHockeyPenalty,22:26:04,22:26:34
v_FieldHockeyPenalty_g08_c01.avi,FieldHockeyPenalty,10:06:16,10:06:26
v_FieldHockeyPenalty_g08_c02.avi,FieldHockeyPenalty,20:50:32,20:50:44
v_FieldHockeyPenalty_g08_c03.avi,FieldHockeyPenalty,16:14:56,16:16:05
v_FieldHockeyPenalty_g08_c04.avi,FieldHockeyPenalty,19:30:16,19:31:40
v_FieldHockeyPenalty_g09_c03.avi,FieldHockeyPenalty,13:15:37,13:16:34
v_FieldHockeyPenalty_g10_c01.avi,FieldHockeyPenalty,07:42:21,07:42:36
v_FieldHockeyPenalty_g10_c02.avi,FieldHockeyPenalty,11:04:34,11:04:52
v_FieldHockeyPenalty_g10_c03.avi,FieldHockeyPenalty,09:53:49,09:55:02
v_FieldHockeyPenalty_g11_c02.avi,FieldHockeyPenalty,14:29:35,14:29:51
v_FieldHockeyPenalty_g11_c03.avi,FieldHockeyPenalty,18:08:26,18:09:13
v_FieldHockeyPenalty_g11_c04.avi,FieldHockeyPenalty,16:49:17,16:51:09
v_FieldHockeyPenalty_g12_c02.avi,FieldHockeyPenalty,11:05:49,11:07:33
v_FieldHockeyPenalty_g13_c01.avi,FieldHockeyPenalty,16:01:17,16:02:57
v_FieldHockeyPenalty_g13_c02.avi,FieldHockeyPenalty,12:13:01,12:14:27
v_FieldHockeyPenalty_g13_c03.avi,FieldHockeyPenalty,20:36:36,20:38:04
v_FieldHockeyPenalty_g13_c04.avi,FieldHockeyPenalty,18:21:55,18:23:49
v_FieldHockeyPenalty_g14_c01.avi,FieldHockeyPenalty,22:37:57,22:38:14
v_FieldHockeyPenalty_g14_c05.avi,FieldHockeyPenalty,10:03:27,10:03:42
v_FieldHockeyPenalty_g14_c06.avi,FieldHockeyPenalty,20:55:34,20:56:24
v_FieldHockeyPenalty_g15_c01.avi,FieldHockeyPenalty,09:01:40,09:02:07
v_FieldHockeyPenalty_g15_c04.avi,FieldHockeyPenalty,07:17:14,07:18:02
v_FieldHockeyPenalty_g15_c05.avi,FieldHockeyPenalty,21:43:22,21:43:50
v_FieldHockeyPenalty_g15_c06.avi,FieldHockeyPenalty,16:22:40,16:23:52
v_FieldHockeyPenalty_g16_c01.avi,FieldHockeyPenalty,13:49:45,13:51:19
v_FieldHockeyPenalty_g16_c03.avi,FieldHockeyPenalty,12:36:34,12:37:46
v_FieldHockeyPenalty_g16_c04.avi,FieldHockeyPenalty,14:26:50,14:27:24
v_FieldHockeyPenalty_g17_c01.avi,FieldHockeyPenalty,19:00:16,19:01:51
v_FieldHockeyPenalty_g17_c02.avi,FieldHockeyPenalty,11:53:30,11:54:46
v_FieldHockeyPenalty_g17_c03.avi,FieldHockeyPenalty,08:49:56,08:51:03
v_FieldHockeyPenalty_g17_c04.avi,FieldHockeyPenalty,20:39:37,20:40:54
v_FieldHockeyPenalty_g18_c01.avi,FieldHockeyPenalty,20:13:40,20:13:53
v_FieldHockeyPenalty_g18_c02.avi,FieldHockeyPenalty,07:28:48,07:30:00
v_FieldHockeyPenalty_g18_c03.avi,FieldHockeyPenalty,06:22:02,06:23:46
v_FieldHockeyPenalty_g18_c04.avi,FieldHockeyPenalty,07:42:22,07:43:30
v_FieldHockeyPenalty_g19_c01.avi,FieldHockeyPenalty,11:12:39,11:14:17
v_FieldHockeyPenalty_g19_c02.avi,FieldHockeyPenalty,22:11:47,22:12:55
v_FieldHockeyPenalty_g19_c03.avi,FieldHockeyPenalty,21:10:06,21:10:28
v_FieldHockeyPenalty_g19_c04.avi,FieldHockeyPenalty,13:45:51,13:47:50
v_FieldHockeyPenalty_g20_c01.avi,FieldHockeyPenalty,11:10:24,11:10:51
v_FieldHockeyPenalty_g20_c02.avi,FieldHockeyPenalty,06:05:08,06:05:39
v_FieldHockeyPenalty_g20_c03.avi,FieldHockeyPenalty,17:23:38,17:23:48
v_FieldHockeyPenalty_g20_c04.avi,FieldHockeyPenalty,12:49:02,12:50:52
v_FieldHockeyPenalty_g21_c01.avi,FieldHockeyPenalty,08:13:26,08:14:35
v_FieldHockeyPenalty_g21_c02.avi,FieldHockeyPenalty,06:48:52,06:49:41
v_FieldHockeyPenalty_g21_c03.avi,FieldHockeyPenalty,13:52:19,13:53:06
v_FieldHockeyPenalty_g21_c04.avi,FieldHockeyPenalty,12:57:57,12:58:16
v_FieldHockeyPenalty_g22_c01.avi,FieldHockeyPenalty,07:39:42,07:39:52
v_FieldHockeyPenalty_g22_c02.avi,FieldHockeyPenalty,12:50:17,12:51:52
v_FieldHockeyPenalty_g22_c03.avi,FieldHockeyPenalty,07:14:16,07:15:58
v_FieldHockeyPenalty_g22_c04.avi,FieldHockeyPenalty,22:50:39,22:52:13
v_FieldHockeyPenalty_g23_c01.avi,FieldHockeyPenalty,12:22:00,12:23:03
v_FieldHockeyPenalty_g23_c02.avi,FieldHockeyPenalty,11:42:42,11:44:01
v_FieldHockeyPenalty_g23_c03.avi,FieldHockeyPenalty,21:34:03,21:34:38
v_FieldHockeyPenalty_g23_c04.avi,FieldHockeyPenalty,09:57:49,09:58:43
v_FieldHockeyPenalty_g24_c01.avi,FieldHockeyPenalty,22:05:38,22:07:03
v_FieldHockeyPenalty_g24_c02.avi,FieldHockeyPenalty,13:27:44,13:29:18
v_FieldHockeyPenalty_g24_c03.avi,FieldHockeyPenalty,09:44:34,09:46:15
v_FieldHockeyPenalty_g24_c04.avi,FieldHockeyPenalty,09:01:09,09:02:57
v_FieldHockeyPenalty_g24_c05.avi,FieldHockeyPenalty,08:09:38,08:10:53
v_FieldHockeyPenalty_g25_c01.avi,FieldHockeyPenalty,14:23:57,14:25:39
v_FieldHockeyPenalty_g25_c02.avi,FieldHockeyPenalty,12:42:31,12:44:30
v_FieldHockeyPenalty_g25_c03.avi,FieldHockeyPenalty,08:31:26,08:32:22
v_FieldHockeyPenalty_g25_c04.avi,FieldHockeyPenalty,10:28:32,10:28:46
v_FieldHockeyPenalty_g25_c05.avi,FieldHockeyPenalty,12:10:44,12:11:31
v_FieldHockeyPenalty_g25_c06.avi,FieldHockeyPenalty,19:26:30,19:27:42
v_FloorGymnastics_g01_c01.avi,FloorGymnastics,14:05:17,14:06:41
v_FloorGymnastics_g01_c04.avi,FloorGymnastics,18:31:03,18:31:58
v_FloorGymnastics_g01_c05.avi,FloorGymnastics,14:05:12,14:07:12
v_FloorGymnastics_g02_c03.avi,FloorGymnastics,15:18:59,15:20:52
v_FloorGymnastics_g02_c04.avi,FloorGymnastics,11:26:01,11:26:50
v_FloorGymnastics_g03_c01.avi,FloorGymnastics,15:50:36,15:51:31
v_FloorGymnastics_g03_c02.avi,FloorGymnastics,11:22:46,11:24:46
v_FloorGymnastics_g03_c04.avi,FloorGymnastics,17:53:28,17:54:56
v_FloorGymnastics_g04_c01.avi,FloorGymnastics,09:15:56,09:17:32
v_FloorGymnastics_g04_c05.avi,FloorGymnastics,13:40:42,13:42:31
v_FloorGymnastics_g05_c01.avi,FloorGymnastics,08:48:28,08:49:38
v_FloorGymnastics_g05_c02.avi,FloorGymnastics,13:34:04,13:35:07
v_FloorGymnastics_g05_c04.avi,FloorGymnastics,18:35:53,18:37:28
v_FloorGymnastics_g06_c01.avi,FloorGymnastics,17:00:58,17:02:00
v_FloorGymnastics_g06_c02.avi,FloorGymnastics,17:08:30,17:09:32
v_FloorGymnastics_g06_c03.avi,FloorGymnastics,19:50:00,19:51:34
v_FloorGymnastics_g06_c06.avi,FloorGymnastics,19:50:23,19:52:06
v_FloorGymnastics_g07_c01.avi,FloorGymnastics,12:31:29,12:33:21
v_FloorGymnastics_g07_c02.avi,FloorGymnastics,12:28:38,12:29:56
v_FloorGymnastics_g07_c03.avi,FloorGymnastics,06:24:46,06:25:47
v_FloorGymnastics_g07_c04.avi,FloorGymnastics,07:30:28,07:31:07
v_FloorGymnastics_g07_c05.avi,FloorGymnastics,19:56:46,19:57:21
v_FloorGymnastics_g08_c02.avi,FloorGymnastics,19:49:22,19:50:39
v_FloorGymnastics_g08_c03.avi,FloorGymnastics,07:35:01,07:36:02
v_FloorGymnastics_g09_c01.avi,FloorGymnastics,14:28:24,14:29:52
v_FloorGymnastics_g09_c02.avi,FloorGymnastics,20:14:09,20:14:59
v_FloorGymnastics_g09_c03.avi,FloorGymnastics,21:16:29,21:17:10
v_FloorGymnastics_g09_c04.avi,FloorGymnastics,11:54:50,11:55:52
v_FloorGymnastics_g09_c05.avi,FloorGymnastics,20:23:00,20:23:27
v_FloorGymnastics_g09_c06.avi,FloorGymnastics,22:53:54,22:54:27
v_FloorGymnastics_g09_c07.avi,FloorGymnastics,18:56:21,18:56:38
v_FloorGymnastics_g10_c01.avi,FloorGymnastics,09:25:02,09:25:24
v_FloorGymnastics_g10_c03.avi,FloorGymnastics,22:11:30,22:11:46
v_FloorGymnastics_g10_c04.avi,FloorGymnastics,19:39:36,19:40:54
v_FloorGymnastics_g10_c05.avi,FloorGymnastics,06:34:00,06:35:45
v_FloorGymnastics_g11_c01.avi,FloorGymnastics,15:59:51,16:00:16
v_FloorGymnastics_g11_c02.avi,FloorGymnastics,12:33:42,12:34:04
v_FloorGymnastics_g11_c03.avi,FloorGymnastics,11:10:07,11:12:07
v_FloorGymnastics_g11_c04.avi,FloorGymnastics,09:45:12,09:45:59
v_FloorGymnastics_g12_c01.avi,FloorGymnastics,10:22:53,10:23:29
v_FloorGymnastics_g12_c03.avi,FloorGymnastics,08:34:39,08:36:00
v_FloorGymnastics_g12_c04.avi,FloorGymnastics,18:20:19,18:22:18
v_FloorGymnastics_g12_c05.avi,FloorGymnastics,22:34:21,22:35:19
v_FloorGymnastics_g12_c06.avi,FloorGymnastics,12:37:25,12:39:20
v_FloorGymnastics_g13_c01.avi,FloorGymnastics,10:25:52,10:26:35
v_FloorGymnastics_g13_c02.avi,FloorGymnastics,14:40:08,14:41:46
v_FloorGymnastics_g13_c03.avi,FloorGymnastics,08:07:00,08:08:23
v_FloorGymnastics_g13_c04.avi,FloorGymnastics,19:30:57,19:31:41
v_FloorGymnastics_g14_c02.avi,FloorGymnastics,10:51:24,10:52:17
v_FloorGymnastics_g14_c03.avi,FloorGymnastics,18:29:43,18:31:25
v_FloorGymnastics_g14_c04.avi,FloorGymnastics,11:23:44,11:25:10
v_FloorGymnastics_g14_c05.avi,FloorGymnastics,18:18:12,18:19:17
v_FloorGymnastics_g15_c01.avi,FloorGymnastics,18:47:09,18:48:59
v_FloorGymnastics_g15_c02.avi,FloorGymnastics,22:18:33,22:20:27
v_FloorGymnastics_g15_c03.avi,FloorGymnastics,14:47:53,14:49:44
v_FloorGymnastics_g15_c04.avi,FloorGymnastics,21:03:46,21:04:21
v_FloorGymnastics_g15_c06.avi,FloorGymnastics,18:18:19,18:18:39
v_FloorGymnastics_g16_c01.avi,FloorGymnastics,10:46:09,10:47:41
v_FloorGymnastics_g16_c02.avi,FloorGymnastics,18:57:14,18:57:44
v_FloorGymnastics_g16_c03.avi,FloorGymnastics,15:22:51,15:24:04
v_FloorGymnastics_g16_c04.avi,FloorGymnastics,08:21:38,08:22:30
v_FloorGymnastics_g17_c01.avi,FloorGymnastics,20:29:07,20:29:36
v_FloorGymnastics_g17_c02.avi,FloorGymnastics,11:47:48,11:48:43
v_FloorGymnastics_g17_c03.avi,FloorGymnastics,06:06:56,06:08:23
v_FloorGymnastics_g17_c05.avi,FloorGymnastics,11:00:35,11:02:19
v_FloorGymnastics_g17_c06.avi,FloorGymnastics,21:04:12,21:06:07
v_FloorGymnastics_g18_c01.avi,FloorGymnastics,20:10:40,20:12:29
v_FloorGymnastics_g18_c02.avi,FloorGymnastics,21:32:27,21:32:56
v_FloorGymnastics_g18_c03.avi,FloorGymnastics,14:06:16,14:07:57
v_FloorGymnastics_g18_c04.avi,FloorGymnastics,10:56:21,10:58:02
v_FloorGymnastics_g18_c05.avi,FloorGymnastics,21:19:17,21:19:59
v_FloorGymnastics_g18_c06.avi,FloorGymnastics,17:50:12,17:50:30
v_FloorGymnastics_g19_c01.avi,FloorGymnastics,12:59:14,13:01:14
v_FloorGymnastics_g19_c02.avi,FloorGymnastics,06:18:28,06:19:31
v_FloorGymnastics_g19_c03.avi,FloorGymnastics,20:45:09,20:46:09
v_FloorGymnastics_g19_c04.avi,FloorGymnastics,10:12:44,10:13:08
v_FloorGymnastics_g20_c01.avi,FloorGymnastics,22:48:09,22:49:14
v_FloorGymnastics_g20_c02.avi,FloorGymnastics,13:17:41,13:18:44
v_FloorGymnastics_g20_c03.avi,FloorGymnastics,10:32:28,10:32:49
v_FloorGymnastics_g20_c04.avi,FloorGymnastics,22:50:53,22:51:30
v_FloorGymnastics_g21_c01.avi,FloorGymnastics,19:15:30,19:16:53
v_FloorGymnastics_g21_c02.avi,FloorGymnastics,20:59:34,21:00:03
v_FloorGymnastics_g21_c03.avi,FloorGymnastics,13:56:14,13:57:35
v_FloorGymnastics_g21_c04.avi,FloorGymnastics,11:33:14,11:34:15
v_FloorGymnastics_g21_c05.avi,FloorGymnastics,09:45:00,09:45:31
v_FloorGymnastics_g22_c01.avi,FloorGymnastics,17:42:37,17:44:27
v_FloorGymnastics_g22_c02.avi,FloorGymnastics,14:45:07,14:46:20
v_FloorGymnastics_g22_c03.avi,FloorGymnastics,17:24:02,17:25:58
v_FloorGymnastics_g23_c01.avi,FloorGymnastics,10:22:36,10:24:24
v_FloorGymnastics_g23_c02.avi,FloorGymnastics,08:33:01,08:33:28
v_FloorGymnastics_g23_c03.avi,FloorGymnastics,15:45:50,15:47:10
v_FloorGymnastics_g23_c04.avi,FloorGymnastics,13:24:23,13:25:08
v_FloorGymnastics_g24_c01.avi,FloorGymnastics,09:18:34,09:19:36
v_FloorGymnastics_g24_c02.avi,FloorGymnastics,07:13:42,07:14:34
v_FloorGymnastics_g24_c03.avi,FloorGymnastics,06:23:08,06:25:08
v_FloorGymnastics_g24_c04.avi,FloorGymnastics,09:07:38,09:09:36
v_FloorGymnastics_g25_c02.avi,FloorGymnastics,17:29:38,17:31:19
v_FloorGymnastics_g25_c03.avi,FloorGymnastics,10:43:08,10:44:47
v_FloorGymnastics_g25_c04.avi,FloorGymnastics,16:08:15,16:08:37
v_FloorGymnastics_g25_c05.avi,FloorGymnastics,14:00:57,14:01:14
v_FrisbeeCatch_g01_c01.avi,FrisbeeCatch,07:29:40,07:30:16
v_FrisbeeCatch_g01_c02.avi,FrisbeeCatch,22:57:05,22:57:37
v_FrisbeeCatch_g01_c03.avi,FrisbeeCatch,09:46:54,09:47:32
v_FrisbeeCatch_g01_c05.avi,FrisbeeCatch,18:48:10,18:48:53
v_FrisbeeCatch_g01_c06.avi,FrisbeeCatch,18:32:51,18:33:37
v_FrisbeeCatch_g02_c01.avi,FrisbeeCatch,07:21:47,07:23:44
v_FrisbeeCatch_g02_c02.avi,FrisbeeCatch,08:13:29,08:13:49
v_FrisbeeCatch_g02_c03.avi,FrisbeeCatch,06:35:57,06:37:38
v_FrisbeeCatch_g02_c04.avi,FrisbeeCatch,07:43:17,07:44:06
v_FrisbeeCatch_g02_c05.avi,FrisbeeCatch,09:10:44,09:12:09
v_FrisbeeCatch_g03_c01.avi,FrisbeeCatch,11:55:03,11:55:38
v_FrisbeeCatch_g03_c03.avi,FrisbeeCatch,08:33:41,08:34:32
v_FrisbeeCatch_g03_c04.avi,FrisbeeCatch,16:10:20,16:10:51
v_FrisbeeCatch_g03_c05.avi,FrisbeeCatch,07:00:42,07:01:33
v_FrisbeeCatch_g04_c01.avi,FrisbeeCatch,21:29:08,21:30:16
v_FrisbeeCatch_g04_c02.avi,FrisbeeCatch,18:37:49,18:38:31
v_FrisbeeCatch_g04_c03.avi,FrisbeeCatch,08:19:14,08:20:56
v_FrisbeeCatch_g04_c04.avi,FrisbeeCatch,21:05:59,21:06:51
v_FrisbeeCatch_g04_c05.avi,FrisbeeCatch,20:14:24,20:15:26
v_FrisbeeCatch_g05_c02.avi,FrisbeeCatch,08:46:25,08:46:45
v_FrisbeeCatch_g05_c03.avi,FrisbeeCatch,13:03:57,13:05:11
v_FrisbeeCatch_g05_c04.avi,FrisbeeCatch,08:15:35,08:16:39
v_FrisbeeCatch_g05_c05.avi,FrisbeeCatch,20:14:24,20:16:15
v_FrisbeeCatch_g06_c01.avi,FrisbeeCatch,20:55:38,20:57:24
v_FrisbeeCatch_g06_c02.avi,FrisbeeCatch,07:54:20,07:55:08
v_FrisbeeCatch_g06_c03.avi,FrisbeeCatch,08:46:50,08:48:08
v_FrisbeeCatch_g06_c04.avi,FrisbeeCatch,21:48:00,21:48:35
v_FrisbeeCatch_g07_c01.avi,FrisbeeCatch,08:50:27,08:52:26
v_FrisbeeCatch_g07_c02.avi,FrisbeeCatch,18:12:50,18:14:37
v_FrisbeeCatch_g07_c03.avi,FrisbeeCatch,20:34:17,20:36:14
v_FrisbeeCatch_g07_c04.avi,FrisbeeCatch,20:17:47,20:18:54
v_FrisbeeCatch_g07_c05.avi,FrisbeeCatch,11:29:25,11:29:53
v_FrisbeeCatch_g07_c06.avi,FrisbeeCatch,18:21:43,18:22:32
v_FrisbeeCatch_g08_c01.avi,FrisbeeCatch,11:27:56,11:28:49
v_FrisbeeCatch_g08_c02.avi,FrisbeeCatch,22:22:49,22:23:12
v_FrisbeeCatch_g08_c04.avi,FrisbeeCatch,08:20:14,08:20:55
v_FrisbeeCatch_g08_c05.avi,FrisbeeCatch,09:33:13,09:34:46
v_FrisbeeCatch_g09_c01.avi,FrisbeeCatch,13:26:46,13:28:43
v_FrisbeeCatch_g09_c03.avi,FrisbeeCatch,15:43:01,15:44:57
v_FrisbeeCatch_g09_c05.avi,FrisbeeCatch,08:05:20,08:06:25
v_FrisbeeCatch_g10_c01.avi,FrisbeeCatch,19:36:13,19:36:25
v_FrisbeeCatch_g10_c03.avi,FrisbeeCatch,06:41:00,06:41:25
v_FrisbeeCatch_g10_c04.avi,FrisbeeCatch,22:21:21,22:22:40
v_FrisbeeCatch_g10_c05.avi,FrisbeeCatch,22:21:16,22:21:54
v_FrisbeeCatch_g10_c06.avi,FrisbeeCatch,07:36:46,07:37:55
v_FrisbeeCatch_g11_c01.avi,FrisbeeCatch,21:41:04,21:41:34
v_FrisbeeCatch_g11_c02.avi,FrisbeeCatch,12:33:25,12:34:36
v_FrisbeeCatch_g11_c04.avi,FrisbeeCatch,08:42:53,08:43:42
v_FrisbeeCatch_g12_c02.avi,FrisbeeCatch,16:11:12,16:12:06
v_FrisbeeCatch_g12_c03.avi,FrisbeeCatch,14:52:12,14:52:48
v_FrisbeeCatch_g12_c04.avi,FrisbeeCatch,08:42:45,08:43:45
v_FrisbeeCatch_g12_c05.avi,FrisbeeCatch,14:53:39,14:53:52
v_FrisbeeCatch_g13_c01.avi,FrisbeeCatch,09:41:48,09:42:52
v_FrisbeeCatch_g13_c02.avi,FrisbeeCatch,06:45:23,06:46:30
v_FrisbeeCatch_g13_c03.avi,FrisbeeCatch,21:28:01,21:29:46
v_FrisbeeCatch_g14_c02.avi,FrisbeeCatch,19:14:05,19:14:22
v_FrisbeeCatch_g14_c03.avi,FrisbeeCatch,21:37:30,21:37:52
v_FrisbeeCatch_g14_c04.avi,FrisbeeCatch,16:23:43,16:24:36
v_FrisbeeCatch_g15_c01.avi,FrisbeeCatch,16:40:38,16:40:54
v_FrisbeeCatch_g15_c02.avi,FrisbeeCatch,15:30:26,15:31:28
v_FrisbeeCatch_g15_c03.avi,FrisbeeCatch,18:05:44,18:06:08
v_FrisbeeCatch_g15_c04.avi,FrisbeeCatch,20:42:48,20:44:41
v_FrisbeeCatch_g16_c03.avi,FrisbeeCatch,12:31:08,12:32:15
v_FrisbeeCatch_g16_c04.avi,FrisbeeCatch,07:34:36,07:35:53
v_FrisbeeCatch_g16_c05.avi,FrisbeeCatch,21:31:04,21:31:51
v_FrisbeeCatch_g16_c06.avi,FrisbeeCatch,15:09:29,15:11:26
v_FrisbeeCatch_g17_c01.avi,FrisbeeCatch,07:23:14,07:23:25
v_FrisbeeCatch_g17_c02.avi,FrisbeeCatch,12:06:25,12:07:06
v_FrisbeeCatch_g17_c03.avi,FrisbeeCatch,20:55:59,20:56:30
v_FrisbeeCatch_g17_c05.avi,FrisbeeCatch,13:50:11,13:52:04
v_FrisbeeCatch_g18_c02.avi,FrisbeeCatch,06:01:23,06:03:09
v_FrisbeeCatch_g18_c03.avi,FrisbeeCatch,09:21:52,09:23:51
v_FrisbeeCatch_g18_c04.avi,FrisbeeCatch,19:52:20,19:52:52
v_FrisbeeCatch_g18_c05.avi,FrisbeeCatch,10:56:56,10:57:37
v_FrisbeeCatch_g19_c01.avi,FrisbeeCatch,17:48:01,17:49:11
v_FrisbeeCatch_g19_c02.avi,FrisbeeCatch,14:53:24,14:54:11
v_FrisbeeCatch_g19_c04.avi,FrisbeeCatch,12:33:56,12:35:08
v_FrisbeeCatch_g19_c05.avi,FrisbeeCatch,14:12:32,14:14:31
v_FrisbeeCatch_g20_c01.avi,FrisbeeCatch,06:03:04,06:04:05
v_FrisbeeCatch_g20_c02.avi,FrisbeeCatch,11:16:29,11:17:22
v_FrisbeeCatch_g20_c03.avi,FrisbeeCatch,19:39:07,19:40:43
v_FrisbeeCatch_g20_c04.avi,FrisbeeCatch,16:48:43,16:50:03
v_FrisbeeCatch_g20_c05.avi,FrisbeeCatch,10:58:44,10:59:31
v_FrisbeeCatch_g21_c01.avi,FrisbeeCatch,14:10:13,14:12:09
v_FrisbeeCatch_g21_c02.avi,FrisbeeCatch,19:34:28,19:36:10
v_FrisbeeCatch_g21_c03.avi,FrisbeeCatch,12:42:02,12:43:57
v_FrisbeeCatch_g21_c05.avi,FrisbeeCatch,13:52:40,13:53:02
v_FrisbeeCatch_g22_c01.avi,FrisbeeCatch,07:21:40,07:22:58
v_FrisbeeCatch_g22_c02.avi,FrisbeeCatch,08:21:03,08:22:22
v_FrisbeeCatch_g22_c03.avi,FrisbeeCatch,08:15:36,08:16:19
v_FrisbeeCatch_g22_c05.avi,FrisbeeCatch,22:08:19,22:09:13
v_FrisbeeCatch_g22_c06.avi,FrisbeeCatch,20:03:12,20:04:20
v_FrisbeeCatch_g23_c02.avi,FrisbeeCatch,08:34:25,08:34:38
v_FrisbeeCatch_g23_c04.avi,FrisbeeCatch,17:39:22,17:39:36
v_FrisbeeCatch_g24_c02.avi,FrisbeeCatch,06:35:20,06:36:03
v_FrisbeeCatch_g24_c04.avi,FrisbeeCatch,17:13:57,17:14:38
v_FrisbeeCatch_g25_c01.avi,FrisbeeCatch,20:17:25,20:18:48
v_FrisbeeCatch_g25_c02.avi,FrisbeeCatch,08:56:23,08:57:24
v_FrisbeeCatch_g25_c03.avi,FrisbeeCatch,16:44:33,16:45:27
v_FrisbeeCatch_g25_c04.avi,FrisbeeCatch,19:23:29,19:24:53
v_Hammering_g01_c01.avi,Hammering,09:08:58,09:10:00
v_Hammering_g01_c02.avi,Hammering,07:12:59,07:13:38
v_Hammering_g01_c03.avi,Hammering,20:53:33,20:55:18
v_Hammering_g02_c01.avi,Hammering,19:25:32,19:26:35
v_Hammering_g02_c03.avi,Hammering,15:00:54,15:02:08
v_Hammering_g02_c04.avi,Hammering,19:45:56,19:46:50
v_Hammering_g03_c02.avi,Hammering,20:14:47,20:15:42
v_Hammering_g03_c03.avi,Hammering,22:47:27,22:48:01
v_Hammering_g03_c04.avi,Hammering,06:28:15,06:30:09
v_Hammering_g04_c01.avi,Hammering,22:44:52,22:46:35
v_Hammering_g04_c02.avi,Hammering,14:22:31,14:24:19
v_Hammering_g04_c04.avi,Hammering,09:58:11,09:59:53
v_Hammering_g04_c05.avi,Hammering,08:46:26,08:46:49
v_Hammering_g05_c01.avi,Hammering,10:50:55,10:52:05
v_Hammering_g05_c03.avi,Hammering,10:30:25,10:31:06
v_Hammering_g06_c01.avi,Hammering,11:52:09,11:52:48
v_Hammering_g06_c02.avi,Hammering,21:48:31,21:50:05
v_Hammering_g06_c03.avi,Hammering,14:35:18,14:35:47
v_Hammering_g06_c05.avi,Hammering,06:37:01,06:38:06
v_Hammering_g06_c06.avi,Hammering,10:44:05,10:44:40
v_Hammering_g07_c01.avi,Hammering,14:45:56,14:46:06
v_Hammering_g07_c02.avi,Hammering,20:18:02,20:18:55
v_Hammering_g07_c05.avi,Hammering,10:42:34,10:43:49
v_Hammering_g08_c01.avi,Hammering,08:10:58,08:12:41
v_Hammering_g08_c02.avi,Hammering,08:48:59,08:49:17
v_Hammering_g08_c04.avi,Hammering,18:54:32,18:56:11
v_Hammering_g09_c01.avi,Hammering,15:31:03,15:32:24
v_Hammering_g09_c02.avi,Hammering,22:19:44,22:21:39
v_Hammering_g09_c04.avi,Hammering,20:05:26,20:06:31
v_Hammering_g09_c05.avi,Hammering,21:50:20,21:51:55
v_Hammering_g09_c07.avi,Hammering,20:33:16,20:34:36
v_Hammering_g10_c01.avi,Hammering,08:02:58,08:04:30
v_Hammering_g10_c03.avi,Hammering,10:13:36,10:15:11
v_Hammering_g10_c04.avi,Hammering,16:03:34,16:04:10
v_Hammering_g10_c06.avi,Hammering,16:01:31,16:02:44
v_Hammering_g10_c07.avi,Hammering,16:39:02,16:40:47
v_Hammering_g11_c01.avi,Hammering,14:41:55,14:43:21
v_Hammering_g11_c02.avi,Hammering,18:13:40,18:14:05
v_Hammering_g11_c04.avi,Hammering,22:37:29,22:38:30
v_Hammering_g12_c02.avi,Hammering,06:12:48,06:13:17
v_Hammering_g12_c04.avi,Hammering,16:33:47,16:34:15
v_Hammering_g12_c05.avi,Hammering,12:09:48,12:11:30
v_Hammering_g13_c01.avi,Hammering,09:11:49,09:12:57
v_Hammering_g13_c02.avi,Hammering,19:30:29,19:31:23
v_Hammering_g13_c03.avi,Hammering,18:18:15,18:20:01
v_Hammering_g13_c04.avi,Hammering,19:46:13,19:46:46
v_Hammering_g14_c01.avi,Hammering,06:28:36,06:28:51
v_Hammering_g14_c02.avi,Hammering,21:29:18,21:29:55
v_Hammering_g14_c03.avi,Hammering,06:48:12,06:49:41
v_Hammering_g14_c04.avi,Hammering,20:07:52,20:08:53
v_Hammering_g14_c05.avi,Hammering,10:02:05,10:03:54
v_Hammering_g14_c06.avi,Hammering,11:15:36,11:16:26
v_Hammering_g14_c07.avi,Hammering,19:33:33,19:35:19
v_Hammering_g15_c01.avi,Hammering,19:40:20,19:42:01
v_Hammering_g15_c05.avi,Hammering,20:21:17,20:22:51
v_Hammering_g15_c06.avi,Hammering,11:30:14,11:30:49
v_Hammering_g15_c07.avi,Hammering,19:13:13,19:14:07
v_Hammering_g16_c01.avi,Hammering,13:08:48,13:09:48
v_Hammering_g16_c02.avi,Hammering,20:13:28,20:15:27
v_Hammering_g16_c03.avi,Hammering,09:49:26,09:50:39
v_Hammering_g17_c01.avi,Hammering,11:12:42,11:12:58
v_Hammering_g17_c03.avi,Hammering,17:16:14,17:18:07
v_Hammering_g17_c05.avi,Hammering,16:06:17,16:07:06
v_Hammering_g17_c06.avi,Hammering,06:06:35,06:08:16
v_Hammering_g17_c07.avi,Hammering,19:38:26,19:38:55
v_Hammering_g18_c01.avi,Hammering,06:39:37,06:40:29
v_Hammering_g18_c03.avi,Hammering,21:41:23,21:42:56
v_Hammering_g18_c04.avi,Hammering,22:03:38,22:05:02
v_Hammering_g18_c06.avi,Hammering,17:21:17,17:21:54
v_Hammering_g18_c07.avi,Hammering,15:51:43,15:53:17
v_Hammering_g19_c02.avi,Hammering,15:01:26,15:02:24
v_Hammering_g19_c03.avi,Hammering,07:48:45,07:50:12
v_Hammering_g19_c05.avi,Hammering,16:25:25,16:26:52
v_Hammering_g19_c06.avi,Hammering,06:41:59,06:42:45
v_Hammering_g20_c03.avi,Hammering,17:15:07,17:16:19
v_Hammering_g20_c04.avi,Hammering,12:44:28,12:45:48
v_Hammering_g21_c01.avi,Hammering,20:21:49,20:23:45
v_Hammering_g21_c04.avi,Hammering,10:18:18,10:19:40
v_Hammering_g21_c05.avi,Hammering,09:15:46,09:17:35
v_Hammering_g21_c06.avi,Hammering,20:07:23,20:07:39
v_Hammering_g21_c07.avi,Hammering,20:15:15,20:15:51
v_Hammering_g22_c02.avi,Hammering,11:09:06,11:10:08
v_Hammering_g22_c03.avi,Hammering,20:35:02,20:35:14
v_Hammering_g22_c04.avi,Hammering,22:51:24,22:52:28
v_Hammering_g22_c06.avi,Hammering,07:36:57,07:38:52
v_Hammering_g22_c07.avi,Hammering,10:39:14,10:39:41
v_Hammering_g23_c01.avi,Hammering,10:19:49,10:21:42
v_Hammering_g23_c02.avi,Hammering,10:22:22,10:23:27
v_Hammering_g23_c03.avi,Hammering,20:26:12,20:28:12
v_Hammering_g23_c05.avi,Hammering,12:27:22,12:28:02
v_Hammering_g23_c06.avi,Hammering,20:08:06,20:09:27
v_Hammering_g24_c02.avi,Hammering,10:22:59,10:24:41
v_Hammering_g24_c03.avi,Hammering,20:36:52,20:38:36
v_Hammering_g24_c04.avi,Hammering,14:57:32,14:57:46
v_Hammering_g24_c05.avi,Hammering,15:37:25,15:38:10
v_Hammering_g24_c06.avi,Hammering,08:12:40,08:14:34
v_Hammering_g24_c07.avi,Hammering,12:15:56,12:16:13
v_Hammering_g25_c01.avi,Hammering,08:12:58,08:13:24
v_Hammering_g25_c02.avi,Hammering,22:47:19,22:47:46
v_Hammering_g25_c04.avi,Hammering,13:51:36,13:52:39
v_HandstandWalking_g01_c01.avi,HandstandWalking,13:30:48,13:32:26
v_HandstandWalking_g01_c02.avi,HandstandWalking,13:41:46,13:43:27
v_HandstandWalking_g01_c04.avi,HandstandWalking,08:31:34,08:32:00
v_HandstandWalking_g02_c01.avi,HandstandWalking,17:16:36,17:17:48
v_HandstandWalking_g02_c02.avi,HandstandWalking,18:28:49,18:29:39
v_HandstandWalking_g02_c03.avi,HandstandWalking,12:28:25,12:29:37
v_HandstandWalking_g02_c04.avi,HandstandWalking,08:03:01,08:04:48
v_HandstandWalking_g03_c01.avi,HandstandWalking,16:22:12,16:23:12
v_HandstandWalking_g03_c02.avi,HandstandWalking,10:37:55,10:39:08
v_HandstandWalking_g03_c03.avi,HandstandWalking,17:45:22,17:45:58
v_HandstandWalking_g04_c01.avi,HandstandWalking,20:54:12,20:54:50
v_HandstandWalking_g04_c02.avi,HandstandWalking,18:40:25,18:41:19
v_HandstandWalking_g04_c03.avi,HandstandWalking,20:28:28,20:30:14
v_HandstandWalking_g04_c04.avi,HandstandWalking,06:30:13,06:31:51
v_HandstandWalking_g04_c05.avi,HandstandWalking,16:57:04,16:58:02
v_HandstandWalking_g05_c01.avi,HandstandWalking,17:47:16,17:47:34
v_HandstandWalking_g05_c02.avi,HandstandWalking,08:21:11,08:21:45
v_HandstandWalking_g05_c03.avi,HandstandWalking,17:30:40,17:32:36
v_HandstandWalking_g05_c04.avi,HandstandWalking,19:05:04,19:06:54
v_HandstandWalking_g05_c05.avi,HandstandWalking,20:46:58,20:47:35
v_HandstandWalking_g05_c06.avi,HandstandWalking,20:26:35,20:27:36
v_HandstandWalking_g05_c07.avi,HandstandWalking,13:00:28,13:01:01
v_HandstandWalking_g06_c01.avi,HandstandWalking,17:01:32,17:03:15
v_HandstandWalking_g06_c02.avi,HandstandWalking,17:29:10,17:30:42
v_HandstandWalking_g06_c03.avi,HandstandWalking,07:36:28,07:37:36
v_HandstandWalking_g06_c04.avi,HandstandWalking,22:34:29,22:35:03
v_HandstandWalking_g07_c01.avi,HandstandWalking,20:48:06,20:48:57
v_HandstandWalking_g07_c02.avi,HandstandWalking,16:29:22,16:30:39
v_HandstandWalking_g07_c03.avi,HandstandWalking,12:03:14,12:04:36
v_HandstandWalking_g07_c04.avi,HandstandWalking,21:12:04,21:12:54
v_HandstandWalking_g07_c05.avi,HandstandWalking,07:07:18,07:08:11
v_HandstandWalking_g07_c06.avi,HandstandWalking,19:54:01,19:54:23
v_HandstandWalking_g08_c01.avi,HandstandWalking,10:28:11,10:28:50
v_HandstandWalking_g08_c02.avi,HandstandWalking,08:34:26,08:34:44
v_HandstandWalking_g08_c03.avi,HandstandWalking,17:14:53,17:15:08
v_HandstandWalking_g08_c04.avi,HandstandWalking,16:23:58,16:25:39
v_HandstandWalking_g09_c01.avi,HandstandWalking,19:25:07,19:26:31
v_HandstandWalking_g09_c02.avi,HandstandWalking,17:17:40,17:18:13
v_HandstandWalking_g09_c03.avi,HandstandWalking,18:26:41,18:27:32
v_HandstandWalking_g09_c04.avi,HandstandWalking,09:00:31,09:01:33
v_HandstandWalking_g10_c01.avi,HandstandWalking,18:18:35,18:19:56
v_HandstandWalking_g10_c02.avi,HandstandWalking,08:52:46,08:53:32
v_HandstandWalking_g10_c04.avi,HandstandWalking,12:57:14,12:58:05
v_HandstandWalking_g11_c01.avi,HandstandWalking,12:29:01,12:29:54
v_HandstandWalking_g11_c03.avi,HandstandWalking,16:39:02,16:40:34
v_HandstandWalking_g11_c04.avi,HandstandWalking,17:12:55,17:14:34
v_HandstandWalking_g12_c01.avi,HandstandWalking,10:48:01,10:49:17
v_HandstandWalking_g12_c02.avi,HandstandWalking,09:00:31,09:01:54
v_HandstandWalking_g12_c03.avi,HandstandWalking,19:50:39,19:52:30
v_HandstandWalking_g12_c04.avi,HandstandWalking,14:17:31,14:18:28
v_HandstandWalking_g13_c01.avi,HandstandWalking,10:21:49,10:22:20
v_HandstandWalking_g13_c02.avi,HandstandWalking,20:01:59,20:02:13
v_HandstandWalking_g13_c03.avi,HandstandWalking,12:24:17,12:24:27
v_HandstandWalking_g13_c04.avi,HandstandWalking,06:49:49,06:51:44
v_HandstandWalking_g14_c01.avi,HandstandWalking,22:18:41,22:20:15
v_HandstandWalking_g14_c02.avi,HandstandWalking,13:13:58,13:15:17
v_HandstandWalking_g14_c03.avi,HandstandWalking,08:28:55,08:30:19
v_HandstandWalking_g14_c04.avi,HandstandWalking,15:00:57,15:01:40
v_HandstandWalking_g15_c01.avi,HandstandWalking,11:23:52,11:24:23
v_HandstandWalking_g15_c02.avi,HandstandWalking,06:10:34,06:11:56
v_HandstandWalking_g15_c03.avi,HandstandWalking,12:31:31,12:32:20
v_HandstandWalking_g15_c04.avi,HandstandWalking,22:31:54,22:33:49
v_HandstandWalking_g16_c01.avi,HandstandWalking,07:10:23,07:12:17
v_HandstandWalking_g16_c02.avi,HandstandWalking,15:32:59,15:33:38
v_HandstandWalking_g16_c03.avi,HandstandWalking,18:40:45,18:41:13
v_HandstandWalking_g16_c04.avi,HandstandWalking,21:23:21,21:24:40
v_HandstandWalking_g17_c01.avi,HandstandWalking,09:23:22,09:24:29
v_HandstandWalking_g17_c02.avi,HandstandWalking,22:55:43,22:57:30
v_HandstandWalking_g17_c03.avi,HandstandWalking,15:45:41,15:46:01
v_HandstandWalking_g17_c04.avi,HandstandWalking,21:09:35,21:10:50
v_HandstandWalking_g18_c01.avi,HandstandWalking,15:04:02,15:05:57
v_HandstandWalking_g18_c02.avi,HandstandWalking,09:54:05,09:55:53
v_HandstandWalking_g18_c03.avi,HandstandWalking,20:34:05,20:35:20
v_HandstandWalking_g18_c04.avi,HandstandWalking,14:44:28,14:44:58
v_HandstandWalking_g18_c05.avi,HandstandWalking,09:18:28,09:18:57
v_HandstandWalking_g18_c06.avi,HandstandWalking,15:56:19,15:57:25
v_HandstandWalking_g18_c07.avi,HandstandWalking,15:33:57,15:35:38
v_HandstandWalking_g19_c01.avi,HandstandWalking,08:25:16,08:25:45
v_HandstandWalking_g19_c03.avi,HandstandWalking,20:29:11,20:29:34
v_HandstandWalking_g19_c04.avi,HandstandWalking,06:31:16,06:33:01
v_HandstandWalking_g20_c02.avi,HandstandWalking,06:19:55,06:21:12
v_HandstandWalking_g20_c03.avi,HandstandWalking,18:01:25,18:02:55
v_HandstandWalking_g20_c04.avi,HandstandWalking,22:29:43,22:31:10
v_HandstandWalking_g21_c01.avi,HandstandWalking,07:57:44,07:59:22
v_HandstandWalking_g21_c03.avi,HandstandWalking,18:21:55,18:23:26
v_HandstandWalking_g21_c04.avi,HandstandWalking,17:02:31,17:04:07
v_HandstandWalking_g22_c01.avi,HandstandWalking,15:47:59,15:49:52
v_HandstandWalking_g22_c03.avi,HandstandWalking,17:36:31,17:37:42
v_HandstandWalking_g23_c01.avi,HandstandWalking,21:04:47,21:06:16
v_HandstandWalking_g23_c02.avi,HandstandWalking,12:12:39,12:12:50
v_HandstandWalking_g23_c03.avi,HandstandWalking,14:00:35,14:01:08
v_HandstandWalking_g23_c04.avi,HandstandWalking,21:56:19,21:57:42
v_HandstandWalking_g24_c01.avi,HandstandWalking,14:16:27,14:17:04
v_HandstandWalking_g24_c02.avi,HandstandWalking,11:51:12,11:52:09
v_HandstandWalking_g24_c03.avi,HandstandWalking,14:40:08,14:40:54
v_HandstandWalking_g24_c04.avi,HandstandWalking,10:34:09,10:35:50
v_HandstandWalking_g24_c05.avi,HandstandWalking,10:36:01,10:36:56
v_HandstandWalking_g25_c01.avi,HandstandWalking,15:32:55,15:33:50
v_HandstandWalking_g25_c02.avi,HandstandWalking,17:29:32,17:31:05
v_HandstandWalking_g25_c04.avi,HandstandWalking,21:03:03,21:04:50
v_HeadMassage_g01_c01.avi,HeadMassage,16:04:06,16:05:34
v_HeadMassage_g01_c03.avi,HeadMassage,13:33:37,13:35:36
v_HeadMassage_g01_c04.avi,HeadMassage,13:47:29,13:47:51
v_HeadMassage_g02_c01.avi,HeadMassage,20:12:43,20:14:28
v_HeadMassage_g02_c02.avi,HeadMassage,21:39:30,21:41:24
v_HeadMassage_g02_c04.avi,HeadMassage,16:56:11,16:56:24
v_HeadMassage_g02_c05.avi,HeadMassage,14:23:25,14:25:11
v_HeadMassage_g02_c06.avi,HeadMassage,06:39:20,06:40:29
v_HeadMassage_g03_c01.avi,HeadMassage,14:05:16,14:06:48
v_HeadMassage_g03_c03.avi,HeadMassage,11:56:22,11:58:21
v_HeadMassage_g03_c04.avi,HeadMassage,18:57:36,18:59:03
v_HeadMassage_g03_c05.avi,HeadMassage,21:31:29,21:32:34
v_HeadMassage_g03_c06.avi,HeadMassage,06:32:31,06:32:44
v_HeadMassage_g04_c01.avi,HeadMassage,11:04:09,11:05:06
v_HeadMassage_g04_c02.avi,HeadMassage,14:08:23,14:08:43
v_HeadMassage_g05_c01.avi,HeadMassage,21:05:45,21:06:44
v_HeadMassage_g05_c02.avi,HeadMassage,21:29:17,21:29:42
v_HeadMassage_g05_c03.avi,HeadMassage,13:40:54,13:42:34
v_HeadMassage_g05_c04.avi,HeadMassage,15:20:59,15:21:30
v_HeadMassage_g05_c05.avi,HeadMassage,17:51:50,17:53:48
v_HeadMassage_g05_c06.avi,HeadMassage,11:44:57,11:46:24
v_HeadMassage_g06_c02.avi,HeadMassage,15:28:04,15:29:22
v_HeadMassage_g06_c05.avi,HeadMassage,11:16:12,11:17:33
v_HeadMassage_g06_c06.avi,HeadMassage,13:08:41,13:10:33
v_HeadMassage_g06_c07.avi,HeadMassage,11:43:47,11:44:33
v_HeadMassage_g07_c01.avi,HeadMassage,15:21:51,15:22:53
v_HeadMassage_g07_c02.avi,HeadMassage,17:37:45,17:38:32
v_HeadMassage_g07_c03.avi,HeadMassage,12:59:41,13:01:23
v_HeadMassage_g07_c04.avi,HeadMassage,15:44:28,15:45:14
v_HeadMassage_g08_c03.avi,HeadMassage,10:55:17,10:56:41
v_HeadMassage_g08_c04.avi,HeadMassage,09:39:12,09:41:04
v_HeadMassage_g08_c05.avi,HeadMassage,07:43:34,07:43:49
v_HeadMassage_g08_c06.avi,HeadMassage,18:08:05,18:08:34
v_HeadMassage_g08_c07.avi,HeadMassage,11:07:18,11:09:17
v_HeadMassage_g09_c01.avi,HeadMassage,11:04:36,11:05:16
v_HeadMassage_g09_c03.avi,HeadMassage,19:55:00,19:55:42
v_HeadMassage_g09_c04.avi,HeadMassage,20:58:31,20:58:49
v_HeadMassage_g10_c03.avi,HeadMassage,21:46:52,21:47:25
v_HeadMassage_g10_c04.avi,HeadMassage,21:19:29,21:19:50
v_HeadMassage_g11_c01.avi,HeadMassage,19:24:34,19:25:53
v_HeadMassage_g11_c02.avi,HeadMassage,08:37:12,08:38:06
v_HeadMassage_g11_c04.avi,HeadMassage,20:32:48,20:33:43
v_HeadMassage_g11_c05.avi,HeadMassage,15:37:18,15:38:17
v_HeadMassage_g11_c06.avi,HeadMassage,09:54:05,09:54:21
v_HeadMassage_g12_c01.avi,HeadMassage,11:41:42,11:41:54
v_HeadMassage_g12_c03.avi,HeadMassage,07:45:39,07:46:19
v_HeadMassage_g12_c04.avi,HeadMassage,08:41:33,08:43:08
v_HeadMassage_g12_c06.avi,HeadMassage,06:04:21,06:05:55
v_HeadMassage_g12_c07.avi,HeadMassage,17:55:05,17:56:33
v_HeadMassage_g13_c01.avi,HeadMassage,15:39:10,15:39:36
v_HeadMassage_g13_c02.avi,HeadMassage,17:20:39,17:21:49
v_HeadMassage_g13_c04.avi,HeadMassage,07:09:30,07:09:47
v_HeadMassage_g14_c01.avi,HeadMassage,21:01:53,21:02:47
v_HeadMassage_g14_c04.avi,HeadMassage,17:21:27,17:23:09
v_HeadMassage_g14_c05.avi,HeadMassage,16:01:15,16:02:20
v_HeadMassage_g14_c06.avi,HeadMassage,09:55:11,09:57:02
v_HeadMassage_g14_c07.avi,HeadMassage,16:20:31,16:21:14
v_HeadMassage_g15_c01.avi,HeadMassage,10:28:16,10:28:57
v_HeadMassage_g15_c03.avi,HeadMassage,17:50:25,17:51:08
v_HeadMassage_g15_c04.avi,HeadMassage,18:09:46,18:10:14
v_HeadMassage_g15_c06.avi,HeadMassage,20:23:30,20:23:59
v_HeadMassage_g16_c01.avi,HeadMassage,13:22:29,13:24:10
v_HeadMassage_g16_c02.avi,HeadMassage,16:11:18,16:12:16
v_HeadMassage_g16_c03.avi,HeadMassage,13:49:50,13:51:30
v_HeadMassage_g16_c04.avi,HeadMassage,19:00:26,19:02:06
v_HeadMassage_g17_c02.avi,HeadMassage,15:47:28,15:48:38
v_HeadMassage_g17_c04.avi,HeadMassage,21:22:29,21:23:33
v_HeadMassage_g17_c05.avi,HeadMassage,15:10:36,15:10:49
v_HeadMassage_g17_c06.avi,HeadMassage,16:09:24,16:09:34
v_HeadMassage_g18_c01.avi,HeadMassage,08:50:49,08:52:24
v_HeadMassage_g18_c02.avi,HeadMassage,21:47:23,21:48:49
v_HeadMassage_g18_c03.avi,HeadMassage,22:56:09,22:56:34
v_HeadMassage_g18_c06.avi,HeadMassage,16:20:17,16:21:21
v_HeadMassage_g18_c07.avi,HeadMassage,21:27:58,21:28:24
v_HeadMassage_g19_c01.avi,HeadMassage,20:40:24,20:41:49
v_HeadMassage_g19_c03.avi,HeadMassage,08:47:05,08:48:30
v_HeadMassage_g19_c05.avi,HeadMassage,16:03:34,16:04:11
v_HeadMassage_g20_c01.avi,HeadMassage,13:00:26,13:01:03
v_HeadMassage_g20_c04.avi,HeadMassage,20:03:52,20:05:02
v_HeadMassage_g20_c05.avi,HeadMassage,22:23:41,22:25:31
v_HeadMassage_g21_c01.avi,HeadMassage,20:37:21,20:39:16
v_HeadMassage_g21_c02.avi,HeadMassage,20:40:03,20:40:22
v_HeadMassage_g21_c03.avi,HeadMassage,19:26:33,19:27:34
v_HeadMassage_g22_c01.avi,HeadMassage,15:32:50,15:34:40
v_HeadMassage_g22_c03.avi,HeadMassage,09:43:08,09:43:25
v_HeadMassage_g22_c04.avi,HeadMassage,09:10:16,09:12:00
v_HeadMassage_g22_c05.avi,HeadMassage,16:24:39,16:26:37
v_HeadMassage_g22_c06.avi,HeadMassage,08:54:38,08:56:29
v_HeadMassage_g22_c07.avi,HeadMassage,20:43:09,20:43:20
v_HeadMassage_g23_c01.avi,HeadMassage,12:26:22,12:26:46
v_HeadMassage_g23_c03.avi,HeadMassage,22:26:52,22:27:05
v_HeadMassage_g23_c07.avi,HeadMassage,07:51:16,07:52:48
v_HeadMassage_g24_c01.avi,HeadMassage,12:03:25,12:04:35
v_HeadMassage_g24_c02.avi,HeadMassage,13:19:14,13:20:26
v_HeadMassage_g24_c03.avi,HeadMassage,14:54:37,14:55:30
v_HeadMassage_g25_c01.avi,HeadMassage,21:52:16,21:53:02
v_HeadMassage_g25_c02.avi,HeadMassage,20:31:13,20:32:06
v_HeadMassage_g25_c04.avi,HeadMassage,13:44:48,13:45:58
v_HeadMassage_g25_c06.avi,HeadMassage,06:47:57,06:48:57
v_HeadMassage_g25_c07.avi,HeadMassage,16:39:10,16:40:25
v_HorseRiding_g01_c01.avi,HorseRiding,17:56:48,17:57:41
v_HorseRiding_g01_c02.avi,HorseRiding,20:29:45,20:30:30
v_HorseRiding_g01_c04.avi,HorseRiding,15:23:18,15:23:40
v_HorseRiding_g01_c06.avi,HorseRiding,08:13:05,08:14:02
v_HorseRiding_g01_c07.avi,HorseRiding,16:01:15,16:02:20
v_HorseRiding_g02_c02.avi,HorseRiding,19:41:58,19:43:52
v_HorseRiding_g02_c03.avi,HorseRiding,13:13:44,13:15:09
v_HorseRiding_g02_c04.avi,HorseRiding,20:52:00,20:53:31
v_HorseRiding_g02_c05.avi,HorseRiding,07:11:14,07:11:35
v_HorseRiding_g03_c01.avi,HorseRiding,15:43:31,15:44:09
v_HorseRiding_g03_c03.avi,HorseRiding,20:16:37,20:17:06
v_HorseRiding_g03_c04.avi,HorseRiding,16:51:35,16:52:58
v_HorseRiding_g03_c06.avi,HorseRiding,08:36:19,08:37:27
v_HorseRiding_g04_c01.avi,HorseRiding,21:14:23,21:14:50
v_HorseRiding_g04_c04.avi,HorseRiding,19:28:14,19:28:56
v_HorseRiding_g04_c05.avi,HorseRiding,22:58:46,23:00:16
v_HorseRiding_g04_c06.avi,HorseRiding,11:54:25,11:55:07
v_HorseRiding_g04_c07.avi,HorseRiding,19:35:53,19:37:10
v_HorseRiding_g05_c01.avi,HorseRiding,22:05:42,22:07:39
v_HorseRiding_g05_c03.avi,HorseRiding,11:50:36,11:50:59
v_HorseRiding_g05_c05.avi,HorseRiding,12:03:51,12:05:28
v_HorseRiding_g06_c01.avi,HorseRiding,15:59:10,16:00:38
v_HorseRiding_g06_c02.avi,HorseRiding,19:39:35,19:40:49
v_HorseRiding_g06_c03.avi,HorseRiding,08:05:27,08:06:58
v_HorseRiding_g06_c04.avi,HorseRiding,20:49:01,20:50:04
v_HorseRiding_g06_c05.avi,HorseRiding,13:26:03,13:26:32
v_HorseRiding_g07_c01.avi,HorseRiding,06:10:43,06:12:29
v_HorseRiding_g07_c03.avi,HorseRiding,09:59:21,10:01:05
v_HorseRiding_g07_c07.avi,HorseRiding,13:30:44,13:31:18
v_HorseRiding_g08_c02.avi,HorseRiding,15:54:34,15:55:20
v_HorseRiding_g08_c03.avi,HorseRiding,16:27:08,16:28:04
v_HorseRiding_g08_c06.avi,HorseRiding,13:31:53,13:33:09
v_HorseRiding_g09_c01.avi,HorseRiding,11:09:45,11:10:15
v_HorseRiding_g09_c02.avi,HorseRiding,12:51:35,12:52:06
v_HorseRiding_g09_c03.avi,HorseRiding,12:55:40,12:57:26
v_HorseRiding_g09_c06.avi,HorseRiding,08:45:21,08:46:27
v_HorseRiding_g10_c01.avi,HorseRiding,18:33:33,18:34:51
v_HorseRiding_g10_c02.avi,HorseRiding,13:23:26,13:24:27
v_HorseRiding_g10_c05.avi,HorseRiding,15:04:00,15:05:19
v_HorseRiding_g10_c06.avi,HorseRiding,15:44:01,15:45:59
v_HorseRiding_g11_c01.avi,HorseRiding,17:05:57,17:07:00
v_HorseRiding_g11_c02.avi,HorseRiding,16:08:37,16:09:55
v_HorseRiding_g11_c03.avi,HorseRiding,12:11:53,12:13:20
v_HorseRiding_g11_c05.avi,HorseRiding,13:58:28,13:58:42
v_HorseRiding_g11_c07.avi,HorseRiding,17:00:22,17:00:54
v_HorseRiding_g12_c03.avi,HorseRiding,12:32:49,12:34:22
v_HorseRiding_g12_c04.avi,HorseRiding,09:14:53,09:16:08
v_HorseRiding_g12_c06.avi,HorseRiding,08:10:44,08:12:28
v_HorseRiding_g12_c07.avi,HorseRiding,14:28:31,14:28:44
v_HorseRiding_g13_c01.avi,HorseRiding,15:07:44,15:09:07
v_HorseRiding_g14_c01.avi,HorseRiding,10:04:46,10:05:41
v_HorseRiding_g14_c03.avi,HorseRiding,21:00:26,21:01:02
v_HorseRiding_g14_c04.avi,HorseRiding,20:50:43,20:52:26
v_HorseRiding_g14_c05.avi,HorseRiding,07:39:12,07:40:33
v_HorseRiding_g14_c06.avi,HorseRiding,21:08:32,21:09:18
v_HorseRiding_g14_c07.avi,HorseRiding,20:46:09,20:47:05
v_HorseRiding_g15_c03.avi,HorseRiding,16:46:39,16:48:08
v_HorseRiding_g15_c04.avi,HorseRiding,12:33:00,12:34:29
v_HorseRiding_g16_c01.avi,HorseRiding,13:52:35,13:53:41
v_HorseRiding_g16_c02.avi,HorseRiding,21:27:00,21:27:11
v_HorseRiding_g16_c03.avi,HorseRiding,21:52:44,21:53:34
v_HorseRiding_g16_c04.avi,HorseRiding,09:12:37,09:13:33
v_HorseRiding_g17_c01.avi,HorseRiding,19:57:35,19:58:33
v_HorseRiding_g17_c02.avi,HorseRiding,10:24:14,10:25:38
v_HorseRiding_g17_c03.avi,HorseRiding,21:36:33,21:36:55
v_HorseRiding_g17_c04.avi,HorseRiding,16:59:11,17:00:47
v_HorseRiding_g18_c03.avi,HorseRiding,12:29:57,12:30:47
v_HorseRiding_g18_c05.avi,HorseRiding,22:18:32,22:19:50
v_HorseRiding_g18_c06.avi,HorseRiding,08:02:45,08:03:18
v_HorseRiding_g19_c01.avi,HorseRiding,12:32:32,12:34:05
v_HorseRiding_g19_c02.avi,HorseRiding,13:07:39,13:08:09
v_HorseRiding_g19_c03.avi,HorseRiding,10:34:05,10:34:50
v_HorseRiding_g19_c06.avi,HorseRiding,12:43:25,12:44:13
v_HorseRiding_g20_c02.avi,HorseRiding,07:55:49,07:56:51
v_HorseRiding_g20_c03.avi,HorseRiding,22:06:31,22:08:30
v_HorseRiding_g20_c04.avi,HorseRiding,07:13:41,07:14:50
v_HorseRiding_g20_c05.avi,HorseRiding,07:21:47,07:22:28
v_HorseRiding_g20_c06.avi,HorseRiding,22:14:21,22:14:47
v_HorseRiding_g21_c01.avi,HorseRiding,17:33:22,17:34:14
v_HorseRiding_g21_c03.avi,HorseRiding,22:28:42,22:30:14
v_HorseRiding_g21_c05.avi,HorseRiding,13:48:20,13:49:43
v_HorseRiding_g22_c01.avi,HorseRiding,21:27:18,21:28:15
v_HorseRiding_g22_c02.avi,HorseRiding,11:31:02,11:32:32
v_HorseRiding_g22_c04.avi,HorseRiding,06:57:10,06:58:00
v_HorseRiding_g22_c05.avi,HorseRiding,15:15:02,15:16:10
v_HorseRiding_g22_c06.avi,HorseRiding,21:56:23,21:57:05
v_HorseRiding_g23_c02.avi,HorseRiding,15:20:05,15:20:16
v_HorseRiding_g23_c03.avi,HorseRiding,13:07:43,13:08:47
v_HorseRiding_g23_c04.avi,HorseRiding,10:34:33,10:35:10
v_HorseRiding_g24_c01.avi,HorseRiding,21:11:47,21:13:41
v_HorseRiding_g24_c02.avi,HorseRiding,06:15:58,06:17:56
v_HorseRiding_g24_c03.avi,HorseRiding,10:09:55,10:11:33
v_HorseRiding_g24_c04.avi,HorseRiding,15:37:59,15:39:17
v_HorseRiding_g24_c07.avi,HorseRiding,12:52:33,12:52:44
v_HorseRiding_g25_c02.avi,HorseRiding,22:16:13,22:18:01
v_HorseRiding_g25_c03.avi,HorseRiding,09:23:23,09:24:27
v_HorseRiding_g25_c04.avi,HorseRiding,20:32:13,20:33:45
v_HorseRiding_g25_c05.avi,HorseRiding,18:30:24,18:31:45
v_HorseRiding_g25_c06.avi,HorseRiding,20:47:37,20:48:50
v_HorseRiding_g25_c07.avi,HorseRiding,18:47:35,18:49:24
v_HulaHoop_g01_c01.avi,HulaHoop,12:44:25,12:45:06
v_HulaHoop_g01_c02.avi,HulaHoop,14:15:30,14:15:59
v_HulaHoop_g01_c07.avi,HulaHoop,19:38:46,19:39:30
v_HulaHoop_g02_c01.avi,HulaHoop,13:25:15,13:26:10
v_HulaHoop_g02_c02.avi,HulaHoop,09:11:54,09:12:40
v_HulaHoop_g02_c03.avi,HulaHoop,22:39:13,22:40:50
v_HulaHoop_g02_c04.avi,HulaHoop,14:59:56,15:00:18
v_HulaHoop_g03_c01.avi,HulaHoop,09:35:02,09:35:17
v_HulaHoop_g03_c02.avi,HulaHoop,11:24:10,11:25:50
v_HulaHoop_g03_c03.avi,HulaHoop,21:45:24,21:45:39
v_HulaHoop_g03_c05.avi,HulaHoop,19:31:54,19:33:15
v_HulaHoop_g04_c01.avi,HulaHoop,15:52:21,15:52:38
v_HulaHoop_g04_c02.avi,HulaHoop,17:01:13,17:02:25
v_HulaHoop_g04_c03.avi,HulaHoop,14:34:37,14:36:34
v_HulaHoop_g04_c04.avi,HulaHoop,21:30:07,21:31:30
v_HulaHoop_g04_c05.avi,HulaHoop,14:39:44,14:41:10
v_HulaHoop_g05_c01.avi,HulaHoop,14:51:04,14:51:29
v_HulaHoop_g05_c02.avi,HulaHoop,09:24:15,09:25:11
v_HulaHoop_g05_c04.avi,HulaHoop,14:31:17,14:32:33
v_HulaHoop_g06_c01.avi,HulaHoop,19:08:09,19:09:10
v_HulaHoop_g06_c02.avi,HulaHoop,19:17:03,19:17:48
v_HulaHoop_g06_c03.avi,HulaHoop,12:25:24,12:27:20
v_HulaHoop_g06_c04.avi,HulaHoop,18:05:42,18:07:33
v_HulaHoop_g07_c01.avi,HulaHoop,06:38:51,06:39:47
v_HulaHoop_g07_c02.avi,HulaHoop,16:19:31,16:21:31
v_HulaHoop_g07_c03.avi,HulaHoop,20:29:42,20:30:58
v_HulaHoop_g07_c05.avi,HulaHoop,17:59:03,18:00:08
v_HulaHoop_g08_c01.avi,HulaHoop,08:00:21,08:01:55
v_HulaHoop_g08_c02.avi,HulaHoop,17:24:14,17:25:16
v_HulaHoop_g08_c03.avi,HulaHoop,14:36:34,14:38:24
v_HulaHoop_g08_c04.avi,HulaHoop,12:20:30,12:22:01
v_HulaHoop_g08_c05.avi,HulaHoop,17:28:39,17:30:19
v_HulaHoop_g09_c01.avi,HulaHoop,22:10:08,22:11:19
v_HulaHoop_g09_c02.avi,HulaHoop,22:24:15,22:25:31
v_HulaHoop_g09_c04.avi,HulaHoop,08:49:46,08:49:56
v_HulaHoop_g09_c05.avi,HulaHoop,06:11:49,06:13:12
v_HulaHoop_g09_c06.avi,HulaHoop,14:22:41,14:23:26
v_HulaHoop_g10_c01.avi,HulaHoop,11:19:02,11:19:56
v_HulaHoop_g10_c02.avi,HulaHoop,06:53:55,06:55:17
v_HulaHoop_g10_c03.avi,HulaHoop,20:49:03,20:49:20
v_HulaHoop_g10_c04.avi,HulaHoop,10:46:57,10:48:26
v_HulaHoop_g11_c01.avi,HulaHoop,08:39:40,08:41:00
v_HulaHoop_g11_c03.avi,HulaHoop,10:48:20,10:49:31
v_HulaHoop_g11_c04.avi,HulaHoop,20:45:46,20:46:58
v_HulaHoop_g12_c01.avi,HulaHoop,13:52:40,13:53:00
v_HulaHoop_g12_c02.avi,HulaHoop,08:22:29,08:23:02
v_HulaHoop_g12_c03.avi,HulaHoop,10:14:44,10:16:35
v_HulaHoop_g12_c04.avi,HulaHoop,15:27:52,15:28:19
v_HulaHoop_g12_c05.avi,HulaHoop,17:40:39,17:40:58
v_HulaHoop_g12_c06.avi,HulaHoop,07:07:46,07:09:30
v_HulaHoop_g13_c02.avi,HulaHoop,14:53:42,14:55:04
v_HulaHoop_g13_c03.avi,HulaHoop,15:01:08,15:01:55
v_HulaHoop_g13_c04.avi,HulaHoop,15:23:16,15:24:39
v_HulaHoop_g13_c05.avi,HulaHoop,18:51:13,18:51:58
v_HulaHoop_g13_c06.avi,HulaHoop,19:22:08,19:23:56
v_HulaHoop_g14_c01.avi,HulaHoop,11:37:57,11:38:13
v_HulaHoop_g14_c02.avi,HulaHoop,11:02:31,11:03:38
v_HulaHoop_g14_c03.avi,HulaHoop,07:55:35,07:56:17
v_HulaHoop_g14_c05.avi,HulaHoop,07:34:07,07:34:26
v_HulaHoop_g15_c01.avi,HulaHoop,20:34:02,20:34:24
v_HulaHoop_g15_c02.avi,HulaHoop,13:39:40,13:40:30
v_HulaHoop_g15_c03.avi,HulaHoop,13:53:41,13:54:09
v_HulaHoop_g15_c04.avi,HulaHoop,16:15:37,16:17:26
v_HulaHoop_g15_c05.avi,HulaHoop,10:21:06,10:21:25
v_HulaHoop_g16_c01.avi,HulaHoop,06:16:55,06:18:02
v_HulaHoop_g16_c02.avi,HulaHoop,18:57:06,18:58:32
v_HulaHoop_g16_c04.avi,HulaHoop,22:55:29,22:57:23
v_HulaHoop_g16_c05.avi,HulaHoop,12:16:06,12:17:02
v_HulaHoop_g16_c06.avi,HulaHoop,18:15:12,18:17:07
v_HulaHoop_g17_c01.avi,HulaHoop,18:29:42,18:30:16
v_HulaHoop_g17_c02.avi,HulaHoop,12:28:42,12:30:17
v_HulaHoop_g17_c03.avi,HulaHoop,06:06:52,06:07:39
v_HulaHoop_g17_c04.avi,HulaHoop,12:13:39,12:14:04
v_HulaHoop_g17_c05.avi,HulaHoop,08:55:19,08:56:39
v_HulaHoop_g18_c02.avi,HulaHoop,10:42:21,10:44:10
v_HulaHoop_g18_c03.avi,HulaHoop,20:38:49,20:40:17
v_HulaHoop_g18_c04.avi,HulaHoop,13:49:53,13:51:51
v_HulaHoop_g19_c01.avi,HulaHoop,18:47:17,18:48:34
v_HulaHoop_g19_c02.avi,HulaHoop,18:38:36,18:39:20
v_HulaHoop_g19_c03.avi,HulaHoop,18:50:17,18:51:56
v_HulaHoop_g19_c04.avi,HulaHoop,11:08:50,11:09:55
v_HulaHoop_g20_c01.avi,HulaHoop,22:52:05,22:52:36
v_HulaHoop_g20_c03.avi,HulaHoop,17:56:49,17:57:26
v_HulaHoop_g20_c04.avi,HulaHoop,15:23:38,15:24:40
v_HulaHoop_g20_c05.avi,HulaHoop,22:11:03,22:12:06
v_HulaHoop_g20_c06.avi,HulaHoop,09:35:29,09:37:04
v_HulaHoop_g20_c07.avi,HulaHoop,17:14:09,17:15:33
v_HulaHoop_g21_c01.avi,HulaHoop,21:17:12,21:18:10
v_HulaHoop_g21_c02.avi,HulaHoop,06:34:36,06:35:44
v_HulaHoop_g21_c03.avi,HulaHoop,18:47:17,18:47:50
v_HulaHoop_g22_c01.avi,HulaHoop,17:10:58,17:12:56
v_HulaHoop_g22_c02.avi,HulaHoop,20:45:10,20:45:36
v_HulaHoop_g23_c02.avi,HulaHoop,11:35:44,11:37:13
v_HulaHoop_g23_c03.avi,HulaHoop,10:58:42,11:00:17
v_HulaHoop_g23_c05.avi,HulaHoop,16:54:34,16:55:40
v_HulaHoop_g24_c01.avi,HulaHoop,14:36:10,14:36:34
v_HulaHoop_g25_c01.avi,HulaHoop,16:08:40,16:09:00
v_HulaHoop_g25_c02.avi,HulaHoop,20:29:34,20:30:55
v_HulaHoop_g25_c04.avi,HulaHoop,10:17:44,10:19:40
v_HulaHoop_g25_c05.avi,HulaHoop,19:58:53,19:59:21
v_IceDancing_g01_c01.avi,IceDancing,22:53:33,22:54:13
v_IceDancing_g01_c02.avi,IceDancing,21:55:35,21:56:40
v_IceDancing_g01_c04.avi,IceDancing,08:50:06,08:51:13
v_IceDancing_g01_c05.avi,IceDancing,06:37:11,06:37:43
v_IceDancing_g01_c07.avi,IceDancing,19:28:23,19:29:07
v_IceDancing_g02_c01.avi,IceDancing,07:30:19,07:31:22
v_IceDancing_g02_c02.avi,IceDancing,12:33:47,12:35:46
v_IceDancing_g02_c04.avi,IceDancing,14:06:36,14:07:13
v_IceDancing_g02_c06.avi,IceDancing,19:32:56,19:34:35
v_IceDancing_g02_c07.avi,IceDancing,07:53:31,07:53:45
v_IceDancing_g03_c01.avi,IceDancing,13:39:08,13:40:28
v_IceDancing_g03_c04.avi,IceDancing,14:25:20,14:26:46
v_IceDancing_g03_c06.avi,IceDancing,22:07:14,22:09:13
v_IceDancing_g04_c02.avi,IceDancing,15:39:09,15:40:14
v_IceDancing_g04_c04.avi,IceDancing,15:54:20,15:55:04
v_IceDancing_g04_c05.avi,IceDancing,17:54:19,17:54:51
v_IceDancing_g04_c07.avi,IceDancing,21:37:05,21:38:59
v_IceDancing_g05_c02.avi,IceDancing,17:52:04,17:53:42
v_IceDancing_g05_c03.avi,IceDancing,18:35:49,18:37:18
v_IceDancing_g05_c06.avi,IceDancing,15:43:12,15:43:46
v_IceDancing_g06_c03.avi,IceDancing,20:51:31,20:53:31
v_IceDancing_g06_c04.avi,IceDancing,12:00:34,12:00:54
v_IceDancing_g06_c06.avi,IceDancing,12:14:00,12:14:25
v_IceDancing_g07_c01.avi,IceDancing,15:01:52,15:03:04
v_IceDancing_g07_c02.avi,IceDancing,18:32:31,18:34:02
v_IceDancing_g07_c03.avi,IceDancing,18:55:58,18:56:35
v_IceDancing_g07_c04.avi,IceDancing,10:24:25,10:24:39
v_IceDancing_g08_c01.avi,IceDancing,20:53:56,20:55:25
v_IceDancing_g08_c03.avi,IceDancing,20:29:39,20:30:05
v_IceDancing_g08_c04.avi,IceDancing,12:42:03,12:42:21
v_IceDancing_g08_c05.avi,IceDancing,19:48:01,19:48:28
v_IceDancing_g09_c01.avi,IceDancing,19:43:28,19:45:17
v_IceDancing_g09_c02.avi,IceDancing,06:11:30,06:12:38
v_IceDancing_g09_c04.avi,IceDancing,06:06:13,06:07:39
v_IceDancing_g09_c06.avi,IceDancing,21:33:03,21:33:25
v_IceDancing_g10_c01.avi,IceDancing,19:18:52,19:19:52
v_IceDancing_g10_c02.avi,IceDancing,13:42:57,13:44:15
v_IceDancing_g10_c04.avi,IceDancing,16:28:20,16:30:01
v_IceDancing_g10_c05.avi,IceDancing,16:11:52,16:13:22
v_IceDancing_g10_c07.avi,IceDancing,06:32:04,06:32:15
v_IceDancing_g11_c03.avi,IceDancing,10:32:50,10:34:42
v_IceDancing_g11_c04.avi,IceDancing,07:23:25,07:23:53
v_IceDancing_g12_c02.avi,IceDancing,16:24:05,16:25:55
v_IceDancing_g12_c03.avi,IceDancing,08:25:39,08:26:04
v_IceDancing_g12_c04.avi,IceDancing,11:19:21,11:19:52
v_IceDancing_g12_c05.avi,IceDancing,08:21:33,08:22:47
v_IceDancing_g12_c06.avi,IceDancing,11:50:04,11:50:48
v_IceDancing_g12_c07.avi,IceDancing,09:26:01,09:27:02
v_IceDancing_g13_c04.avi,IceDancing,16:52:39,16:53:19
v_IceDancing_g13_c05.avi,IceDancing,22:59:32,23:01:18
v_IceDancing_g14_c01.avi,IceDancing,08:54:48,08:55:28
v_IceDancing_g14_c02.avi,IceDancing,15:00:41,15:02:02
v_IceDancing_g14_c03.avi,IceDancing,17:10:38,17:11:42
v_IceDancing_g14_c04.avi,IceDancing,11:27:59,11:28:44
v_IceDancing_g14_c05.avi,IceDancing,07:42:49,07:44:28
v_IceDancing_g15_c02.avi,IceDancing,16:03:48,16:05:13
v_IceDancing_g16_c02.avi,IceDancing,07:28:24,07:30:23
v_IceDancing_g16_c04.avi,IceDancing,16:49:04,16:49:40
v_IceDancing_g16_c05.avi,IceDancing,17:07:29,17:08:15
v_IceDancing_g17_c02.avi,IceDancing,09:29:31,09:29:45
v_IceDancing_g17_c04.avi,IceDancing,20:12:40,20:13:02
v_IceDancing_g18_c01.avi,IceDancing,14:13:17,14:14:58
v_IceDancing_g18_c02.avi,IceDancing,07:24:04,07:25:57
v_IceDancing_g19_c02.avi,IceDancing,09:29:02,09:30:34
v_IceDancing_g19_c04.avi,IceDancing,08:28:40,08:30:26
v_IceDancing_g19_c05.avi,IceDancing,21:22:24,21:24:10
v_IceDancing_g19_c06.avi,IceDancing,20:17:49,20:18:33
v_IceDancing_g20_c04.avi,IceDancing,19:22:55,19:24:05
v_IceDancing_g20_c05.avi,IceDancing,07:00:54,07:02:34
v_IceDancing_g20_c07.avi,IceDancing,22:40:35,22:41:24
v_IceDancing_g21_c01.avi,IceDancing,11:35:25,11:36:18
v_IceDancing_g21_c02.avi,IceDancing,15:39:56,15:40:46
v_IceDancing_g21_c07.avi,IceDancing,19:43:17,19:43:29
v_IceDancing_g22_c01.avi,IceDancing,20:46:37,20:47:17
v_IceDancing_g22_c02.avi,IceDancing,14:40:45,14:42:30
v_IceDancing_g22_c03.avi,IceDancing,13:01:12,13:02:39
v_IceDancing_g22_c05.avi,IceDancing,09:50:50,09:51:34
v_IceDancing_g22_c06.avi,IceDancing,18:30:12,18:31:43
v_IceDancing_g22_c07.avi,IceDancing,09:55:39,09:57:35
v_IceDancing_g23_c01.avi,IceDancing,13:48:18,13:48:32
v_IceDancing_g23_c02.avi,IceDancing,12:57:39,12:59:26
v_IceDancing_g23_c03.avi,IceDancing,09:25:45,09:26:20
v_IceDancing_g23_c04.avi,IceDancing,10:24:08,10:24:32
v_IceDancing_g23_c05.avi,IceDancing,14:55:01,14:55:21
v_IceDancing_g23_c06.avi,IceDancing,10:44:57,10:45:26
v_IceDancing_g23_c07.avi,IceDancing,21:12:10,21:12:24
v_IceDancing_g24_c01.avi,IceDancing,12:15:32,12:17:02
v_IceDancing_g24_c02.avi,IceDancing,09:39:45,09:41:18
v_IceDancing_g24_c03.avi,IceDancing,20:58:38,21:00:13
v_IceDancing_g24_c04.avi,IceDancing,12:20:52,12:22:08
v_IceDancing_g24_c05.avi,IceDancing,18:40:18,18:42:05
v_IceDancing_g24_c06.avi,IceDancing,14:18:22,14:19:24
v_IceDancing_g24_c07.avi,IceDancing,14:34:46,14:35:59
v_IceDancing_g25_c01.avi,IceDancing,09:10:30,09:12:17
v_IceDancing_g25_c02.avi,IceDancing,10:34:47,10:36:10
v_IceDancing_g25_c03.avi,IceDancing,07:09:45,07:10:02
v_IceDancing_g25_c04.avi,IceDancing,06:24:25,06:25:09
v_IceDancing_g25_c05.avi,IceDancing,12:37:21,12:38:06
v_IceDancing_g25_c06.avi,IceDancing,17:36:57,17:37:25
v_IceDancing_g25_c07.avi,IceDancing,07:11:28,07:13:13
v_JavelinThrow_g01_c01.avi,JavelinThrow,10:55:39,10:56:52
v_JavelinThrow_g01_c03.avi,JavelinThrow,16:47:55,16:48:22
v_JavelinThrow_g01_c04.avi,JavelinThrow,08:11:48,08:13:41
v_JavelinThrow_g02_c01.avi,JavelinThrow,08:54:04,08:55:35
v_JavelinThrow_g02_c02.avi,JavelinThrow,22:38:05,22:39:24
v_JavelinThrow_g02_c03.avi,JavelinThrow,15:09:51,15:10:14
v_JavelinThrow_g02_c04.avi,JavelinThrow,07:57:49,07:59:22
v_JavelinThrow_g03_c01.avi,JavelinThrow,15:20:29,15:20:39
v_JavelinThrow_g03_c02.avi,JavelinThrow,06:50:58,06:51:27
v_JavelinThrow_g03_c04.avi,JavelinThrow,11:13:30,11:14:40
v_JavelinThrow_g04_c01.avi,JavelinThrow,15:09:46,15:11:44
v_JavelinThrow_g04_c02.avi,JavelinThrow,13:27:39,13:28:48
v_JavelinThrow_g04_c03.avi,JavelinThrow,21:59:34,22:00:01
v_JavelinThrow_g04_c04.avi,JavelinThrow,10:27:03,10:28:23
v_JavelinThrow_g05_c01.avi,JavelinThrow,10:32:22,10:33:41
v_JavelinThrow_g05_c02.avi,JavelinThrow,21:29:01,21:30:18
v_JavelinThrow_g05_c03.avi,JavelinThrow,15:13:32,15:15:11
v_JavelinThrow_g05_c05.avi,JavelinThrow,16:14:00,16:15:12
v_JavelinThrow_g05_c06.avi,JavelinThrow,12:48:57,12:49:07
v_JavelinThrow_g06_c01.avi,JavelinThrow,14:06:53,14:07:44
v_JavelinThrow_g06_c02.avi,JavelinThrow,14:03:51,14:04:58
v_JavelinThrow_g06_c03.avi,JavelinThrow,10:00:37,10:02:36
v_JavelinThrow_g06_c04.avi,JavelinThrow,07:36:33,07:38:27
v_JavelinThrow_g07_c01.avi,JavelinThrow,13:40:24,13:41:17
v_JavelinThrow_g07_c02.avi,JavelinThrow,19:43:45,19:45:33
v_JavelinThrow_g07_c04.avi,JavelinThrow,22:43:35,22:44:14
v_JavelinThrow_g07_c05.avi,JavelinThrow,18:57:37,18:58:21
v_JavelinThrow_g08_c01.avi,JavelinThrow,10:15:51,10:17:11
v_JavelinThrow_g08_c02.avi,JavelinThrow,10:03:26,10:04:24
v_JavelinThrow_g08_c03.avi,JavelinThrow,09:51:16,09:52:00
v_JavelinThrow_g08_c04.avi,JavelinThrow,21:29:02,21:30:12
v_JavelinThrow_g09_c01.avi,JavelinThrow,19:55:37,19:57:09
v_JavelinThrow_g09_c02.avi,JavelinThrow,16:05:48,16:06:05
v_JavelinThrow_g09_c04.avi,JavelinThrow,16:20:51,16:21:29
v_JavelinThrow_g10_c01.avi,JavelinThrow,16:10:13,16:10:28
v_JavelinThrow_g10_c02.avi,JavelinThrow,13:38:43,13:39:35
v_JavelinThrow_g10_c03.avi,JavelinThrow,14:10:06,14:11:44
v_JavelinThrow_g10_c04.avi,JavelinThrow,22:07:48,22:09:45
v_JavelinThrow_g10_c05.avi,JavelinThrow,18:03:53,18:05:42
v_JavelinThrow_g11_c01.avi,JavelinThrow,15:56:12,15:58:11
v_JavelinThrow_g11_c02.avi,JavelinThrow,19:33:27,19:34:42
v_JavelinThrow_g11_c04.avi,JavelinThrow,09:12:22,09:14:02
v_JavelinThrow_g11_c05.avi,JavelinThrow,07:59:48,08:00:25
v_JavelinThrow_g11_c06.avi,JavelinThrow,11:24:04,11:24:33
v_JavelinThrow_g12_c01.avi,JavelinThrow,14:57:53,14:58:48
v_JavelinThrow_g12_c02.avi,JavelinThrow,22:26:38,22:27:21
v_JavelinThrow_g12_c03.avi,JavelinThrow,09:40:40,09:42:32
v_JavelinThrow_g12_c04.avi,JavelinThrow,13:11:09,13:12:28
v_JavelinThrow_g13_c01.avi,JavelinThrow,12:33:18,12:34:51
v_JavelinThrow_g13_c03.avi,JavelinThrow,10:41:42,10:42:03
v_JavelinThrow_g13_c04.avi,JavelinThrow,07:18:15,07:19:53
v_JavelinThrow_g14_c01.avi,JavelinThrow,22:34:32,22:34:47
v_JavelinThrow_g14_c02.avi,JavelinThrow,16:51:35,16:53:01
v_JavelinThrow_g14_c03.avi,JavelinThrow,15:22:39,15:24:37
v_JavelinThrow_g14_c04.avi,JavelinThrow,09:46:06,09:47:23
v_JavelinThrow_g14_c05.avi,JavelinThrow,14:34:01,14:35:59
v_JavelinThrow_g14_c06.avi,JavelinThrow,11:44:18,11:46:10
v_JavelinThrow_g15_c02.avi,JavelinThrow,15:31:11,15:32:28
v_JavelinThrow_g15_c03.avi,JavelinThrow,21:03:23,21:04:04
v_JavelinThrow_g15_c04.avi,JavelinThrow,06:32:25,06:34:08
v_JavelinThrow_g15_c05.avi,JavelinThrow,15:08:49,15:09:41
v_JavelinThrow_g15_c06.avi,JavelinThrow,07:31:09,07:32:39
v_JavelinThrow_g16_c01.avi,JavelinThrow,07:37:38,07:39:01
v_JavelinThrow_g16_c02.avi,JavelinThrow,18:35:08,18:36:54
v_JavelinThrow_g16_c03.avi,JavelinThrow,12:24:32,12:25:38
v_JavelinThrow_g16_c05.avi,JavelinThrow,20:32:41,20:34:28
v_JavelinThrow_g16_c06.avi,JavelinThrow,19:45:06,19:46:23
v_JavelinThrow_g17_c01.avi,JavelinThrow,15:37:02,15:38:03
v_JavelinThrow_g17_c02.avi,JavelinThrow,06:28:33,06:30:22
v_JavelinThrow_g17_c03.avi,JavelinThrow,08:24:30,08:26:10
v_JavelinThrow_g17_c04.avi,JavelinThrow,06:44:15,06:46:12
v_JavelinThrow_g17_c05.avi,JavelinThrow,07:36:40,07:38:37
v_JavelinThrow_g18_c01.avi,JavelinThrow,16:10:40,16:10:51
v_JavelinThrow_g18_c03.avi,JavelinThrow,21:12:57,21:13:07
v_JavelinThrow_g18_c04.avi,JavelinThrow,13:17:28,13:17:47
v_JavelinThrow_g19_c01.avi,JavelinThrow,22:48:41,22:49:09
v_JavelinThrow_g19_c02.avi,JavelinThrow,07:52:19,07:52:29
v_JavelinThrow_g19_c03.avi,JavelinThrow,19:41:53,19:42:17
v_JavelinThrow_g19_c04.avi,JavelinThrow,10:05:16,10:06:11
v_JavelinThrow_g20_c01.avi,JavelinThrow,07:52:20,07:54:02
v_JavelinThrow_g20_c02.avi,JavelinThrow,10:30:45,10:31:17
v_JavelinThrow_g20_c04.avi,JavelinThrow,06:13:30,06:14:48
v_JavelinThrow_g21_c02.avi,JavelinThrow,15:57:51,15:59:14
v_JavelinThrow_g21_c03.avi,JavelinThrow,15:04:46,15:05:00
v_JavelinThrow_g22_c01.avi,JavelinThrow,07:00:56,07:02:30
v_JavelinThrow_g22_c02.avi,JavelinThrow,11:12:24,11:14:07
v_JavelinThrow_g22_c03.avi,JavelinThrow,07:55:14,07:55:33
v_JavelinThrow_g23_c01.avi,JavelinThrow,19:54:41,19:56:41
v_JavelinThrow_g23_c02.avi,JavelinThrow,09:07:19,09:08:59
v_JavelinThrow_g23_c04.avi,JavelinThrow,10:38:23,10:38:57
v_JavelinThrow_g23_c05.avi,JavelinThrow,16:32:54,16:33:16
v_JavelinThrow_g24_c01.avi,JavelinThrow,07:04:56,07:06:14
v_JavelinThrow_g24_c03.avi,JavelinThrow,13:55:38,13:56:46
v_JavelinThrow_g24_c05.avi,JavelinThrow,19:54:22,19:54:49
v_JavelinThrow_g24_c06.avi,JavelinThrow,17:39:01,17:39:56
v_JavelinThrow_g25_c01.avi,JavelinThrow,14:19:26,14:19:47
v_JavelinThrow_g25_c02.avi,JavelinThrow,09:00:31,09:01:10
v_JavelinThrow_g25_c03.avi,JavelinThrow,19:40:18,19:40:43
v_JavelinThrow_g25_c04.avi,JavelinThrow,17:04:08,17:05:46
v_JavelinThrow_g25_c05.avi,JavelinThrow,12:00:16,12:00:55
v_JugglingBalls_g01_c01.avi,JugglingBalls,17:06:14,17:07:59
v_JugglingBalls_g01_c02.avi,JugglingBalls,07:44:13,07:46:03
v_JugglingBalls_g01_c04.avi,JugglingBalls,18:17:18,18:17:30
v_JugglingBalls_g02_c01.avi,JugglingBalls,10:19:19,10:20:49
v_JugglingBalls_g02_c03.avi,JugglingBalls,16:19:29,16:20:20
v_JugglingBalls_g02_c04.avi,JugglingBalls,12:05:22,12:05:57
v_JugglingBalls_g02_c05.avi,JugglingBalls,13:06:29,13:07:23
v_JugglingBalls_g02_c06.avi,JugglingBalls,20:34:41,20:35:23
v_JugglingBalls_g03_c01.avi,JugglingBalls,12:11:34,12:13:03
v_JugglingBalls_g03_c03.avi,JugglingBalls,14:31:03,14:32:41
v_JugglingBalls_g03_c04.avi,JugglingBalls,15:14:25,15:14:54
v_JugglingBalls_g03_c05.avi,JugglingBalls,19:37:01,19:37:34
v_JugglingBalls_g03_c07.avi,JugglingBalls,12:38:35,12:40:07
v_JugglingBalls_g04_c01.avi,JugglingBalls,18:08:11,18:09:44
v_JugglingBalls_g04_c02.avi,JugglingBalls,14:44:59,14:46:49
v_JugglingBalls_g04_c03.avi,JugglingBalls,11:35:39,11:36:23
v_JugglingBalls_g04_c05.avi,JugglingBalls,11:45:52,11:47:10
v_JugglingBalls_g05_c01.avi,JugglingBalls,07:37:12,07:38:32
v_JugglingBalls_g05_c05.avi,JugglingBalls,13:54:03,13:54:29
v_JugglingBalls_g06_c01.avi,JugglingBalls,13:25:08,13:25:58
v_JugglingBalls_g06_c04.avi,JugglingBalls,06:02:38,06:04:00
v_JugglingBalls_g06_c05.avi,JugglingBalls,20:47:36,20:48:01
v_JugglingBalls_g06_c06.avi,JugglingBalls,16:39:37,16:41:23
v_JugglingBalls_g07_c04.avi,JugglingBalls,10:40:16,10:41:59
v_JugglingBalls_g07_c05.avi,JugglingBalls,22:48:55,22:49:11
v_JugglingBalls_g07_c06.avi,JugglingBalls,08:12:12,08:13:47
v_JugglingBalls_g07_c07.avi,JugglingBalls,20:36:14,20:38:01
v_JugglingBalls_g08_c01.avi,JugglingBalls,19:58:50,19:59:28
v_JugglingBalls_g08_c02.avi,JugglingBalls,08:50:23,08:51:32
v_JugglingBalls_g08_c03.avi,JugglingBalls,10:13:18,10:14:01
v_JugglingBalls_g08_c04.avi,JugglingBalls,20:41:50,20:42:36
v_JugglingBalls_g08_c05.avi,JugglingBalls,19:56:11,19:56:43
v_JugglingBalls_g09_c01.avi,JugglingBalls,11:23:58,11:25:55
v_JugglingBalls_g09_c02.avi,JugglingBalls,19:48:34,19:48:54
v_JugglingBalls_g09_c03.avi,JugglingBalls,17:54:07,17:55:33
v_JugglingBalls_g09_c04.avi,JugglingBalls,16:05:41,16:06:05
v_JugglingBalls_g09_c05.avi,JugglingBalls,06:24:40,06:25:44
v_JugglingBalls_g09_c06.avi,JugglingBalls,21:53:41,21:54:09
v_JugglingBalls_g10_c01.avi,JugglingBalls,11:27:24,11:28:44
v_JugglingBalls_g10_c02.avi,JugglingBalls,08:47:13,08:47:50
v_JugglingBalls_g10_c03.avi,JugglingBalls,14:36:22,14:37:30
v_JugglingBalls_g10_c04.avi,JugglingBalls,11:13:41,11:13:52
v_JugglingBalls_g11_c01.avi,JugglingBalls,17:40:28,17:42:24
v_JugglingBalls_g11_c02.avi,JugglingBalls,06:19:09,06:20:10
v_JugglingBalls_g11_c03.avi,JugglingBalls,20:24:19,20:24:50
v_JugglingBalls_g11_c04.avi,JugglingBalls,16:37:14,16:39:10
v_JugglingBalls_g11_c05.avi,JugglingBalls,17:35:53,17:37:46
v_JugglingBalls_g12_c01.avi,JugglingBalls,18:25:11,18:26:24
v_JugglingBalls_g12_c02.avi,JugglingBalls,18:40:20,18:41:46
v_JugglingBalls_g12_c03.avi,JugglingBalls,17:01:02,17:01:39
v_JugglingBalls_g12_c04.avi,JugglingBalls,16:54:28,16:56:07
v_JugglingBalls_g12_c05.avi,JugglingBalls,11:20:03,11:20:43
v_JugglingBalls_g13_c01.avi,JugglingBalls,21:48:49,21:50:39
v_JugglingBalls_g13_c02.avi,JugglingBalls,07:34:00,07:35:05
v_JugglingBalls_g13_c03.avi,JugglingBalls,08:30:48,08:31:28
v_JugglingBalls_g13_c04.avi,JugglingBalls,16:57:42,16:59:12
v_JugglingBalls_g14_c01.avi,JugglingBalls,18:23:12,18:24:09
v_JugglingBalls_g14_c02.avi,JugglingBalls,16:33:45,16:34:11
v_JugglingBalls_g14_c03.avi,JugglingBalls,21:53:20,21:53:47
v_JugglingBalls_g14_c04.avi,JugglingBalls,13:55:07,13:56:31
v_JugglingBalls_g14_c05.avi,JugglingBalls,08:54:49,08:55:12
v_JugglingBalls_g15_c01.avi,JugglingBalls,07:28:50,07:29:07
v_JugglingBalls_g15_c02.avi,JugglingBalls,08:39:51,08:40:52
v_JugglingBalls_g15_c03.avi,JugglingBalls,21:28:47,21:30:47
v_JugglingBalls_g15_c04.avi,JugglingBalls,14:25:41,14:25:57
v_JugglingBalls_g16_c01.avi,JugglingBalls,21:06:29,21:07:29
v_JugglingBalls_g16_c02.avi,JugglingBalls,21:07:26,21:08:24
v_JugglingBalls_g16_c03.avi,JugglingBalls,15:08:32,15:08:56
v_JugglingBalls_g16_c04.avi,JugglingBalls,11:25:59,11:27:33
v_JugglingBalls_g17_c01.avi,JugglingBalls,16:41:05,16:41:18
v_JugglingBalls_g17_c02.avi,JugglingBalls,20:53:02,20:54:36
v_JugglingBalls_g17_c03.avi,JugglingBalls,08:05:47,08:06:33
v_JugglingBalls_g17_c04.avi,JugglingBalls,22:40:28,22:42:02
v_JugglingBalls_g18_c01.avi,JugglingBalls,17:56:07,17:57:27
v_JugglingBalls_g18_c03.avi,JugglingBalls,06:25:37,06:26:21
v_JugglingBalls_g18_c04.avi,JugglingBalls,13:58:24,13:59:29
v_JugglingBalls_g19_c01.avi,JugglingBalls,12:28:17,12:29:45
v_JugglingBalls_g19_c03.avi,JugglingBalls,20:27:47,20:29:01
v_JugglingBalls_g19_c04.avi,JugglingBalls,17:34:17,17:34:28
v_JugglingBalls_g20_c01.avi,JugglingBalls,10:56:28,10:57:19
v_JugglingBalls_g20_c02.avi,JugglingBalls,13:56:54,13:57:32
v_JugglingBalls_g20_c04.avi,JugglingBalls,10:01:37,10:03:35
v_JugglingBalls_g21_c01.avi,JugglingBalls,13:33:24,13:34:26
v_JugglingBalls_g21_c02.avi,JugglingBalls,18:02:48,18:04:35
v_JugglingBalls_g21_c04.avi,JugglingBalls,19:07:10,19:07:54
v_JugglingBalls_g22_c01.avi,JugglingBalls,12:58:37,12:59:14
v_JugglingBalls_g22_c04.avi,JugglingBalls,08:24:10,08:25:35
v_JugglingBalls_g22_c05.avi,JugglingBalls,18:30:36,18:31:22
v_JugglingBalls_g22_c06.avi,JugglingBalls,13:10:57,13:12:32
v_JugglingBalls_g23_c01.avi,JugglingBalls,18:55:13,18:56:48
v_JugglingBalls_g23_c02.avi,JugglingBalls,16:54:50,16:55:49
v_JugglingBalls_g23_c03.avi,JugglingBalls,17:36:05,17:37:09
v_JugglingBalls_g24_c01.avi,JugglingBalls,13:45:44,13:46:42
v_JugglingBalls_g24_c02.avi,JugglingBalls,09:20:27,09:21:15
v_JugglingBalls_g24_c03.avi,JugglingBalls,15:06:38,15:07:35
v_JugglingBalls_g24_c04.avi,JugglingBalls,20:19:08,20:19:46
v_JugglingBalls_g25_c02.avi,JugglingBalls,18:30:14,18:30:30
v_JugglingBalls_g25_c03.avi,JugglingBalls,19:17:17,19:18:31
v_JugglingBalls_g25_c04.avi,JugglingBalls,07:42:57,07:44:37
v_JugglingBalls_g25_c05.avi,JugglingBalls,17:54:26,17:55:56
v_JumpingJack_g01_c01.avi,JumpingJack,12:26:55,12:28:34
v_JumpingJack_g01_c02.avi,JumpingJack,10:38:53,10:40:04
v_JumpingJack_g01_c04.avi,JumpingJack,08:55:39,08:56:45
v_JumpingJack_g01_c05.avi,JumpingJack,13:16:56,13:18:47
v_JumpingJack_g01_c06.avi,JumpingJack,07:43:20,07:44:24
v_JumpingJack_g01_c07.avi,JumpingJack,14:30:50,14:31:23
v_JumpingJack_g02_c01.avi,JumpingJack,17:52:21,17:53:15
v_JumpingJack_g02_c02.avi,JumpingJack,11:58:17,11:59:30
v_JumpingJack_g02_c03.avi,JumpingJack,20:46:04,20:47:08
v_JumpingJack_g02_c04.avi,JumpingJack,12:49:19,12:51:18
v_JumpingJack_g03_c02.avi,JumpingJack,21:11:09,21:13:05
v_JumpingJack_g03_c03.avi,JumpingJack,22:30:10,22:32:01
v_JumpingJack_g03_c04.avi,JumpingJack,15:28:42,15:28:58
v_JumpingJack_g04_c02.avi,JumpingJack,16:35:49,16:37:11
v_JumpingJack_g04_c03.avi,JumpingJack,19:52:22,19:52:50
v_JumpingJack_g04_c04.avi,JumpingJack,11:48:38,11:49:30
v_JumpingJack_g05_c01.avi,JumpingJack,13:46:09,13:47:02
v_JumpingJack_g05_c03.avi,JumpingJack,19:30:07,19:31:00
v_JumpingJack_g05_c04.avi,JumpingJack,14:29:21,14:30:26
v_JumpingJack_g05_c05.avi,JumpingJack,12:06:30,12:08:10
v_JumpingJack_g05_c06.avi,JumpingJack,13:43:02,13:44:33
v_JumpingJack_g06_c02.avi,JumpingJack,15:03:55,15:04:51
v_JumpingJack_g06_c03.avi,JumpingJack,13:45:48,13:46:24
v_JumpingJack_g06_c04.avi,JumpingJack,13:42:28,13:43:39
v_JumpingJack_g06_c05.avi,JumpingJack,21:44:59,21:45:40
v_JumpingJack_g06_c06.avi,JumpingJack,13:37:42,13:39:10
v_JumpingJack_g06_c07.avi,JumpingJack,14:10:51,14:11:19
v_JumpingJack_g07_c01.avi,JumpingJack,16:17:21,16:19:11
v_JumpingJack_g08_c02.avi,JumpingJack,11:50:34,11:51:55
v_JumpingJack_g08_c03.avi,JumpingJack,12:46:27,12:47:41
v_JumpingJack_g08_c04.avi,JumpingJack,10:03:11,10:03:49
v_JumpingJack_g09_c01.avi,JumpingJack,16:22:31,16:23:33
v_JumpingJack_g09_c02.avi,JumpingJack,09:20:29,09:22:19
v_JumpingJack_g09_c05.avi,JumpingJack,14:28:47,14:29:22
v_JumpingJack_g09_c06.avi,JumpingJack,19:15:28,19:17:22
v_JumpingJack_g09_c07.avi,JumpingJack,12:52:31,12:53:59
v_JumpingJack_g10_c02.avi,JumpingJack,11:24:34,11:24:54
v_JumpingJack_g10_c03.avi,JumpingJack,09:47:08,09:47:52
v_JumpingJack_g10_c06.avi,JumpingJack,15:28:15,15:29:00
v_JumpingJack_g11_c02.avi,JumpingJack,08:51:51,08:52:36
v_JumpingJack_g11_c03.avi,JumpingJack,06:37:16,06:37:52
v_JumpingJack_g11_c04.avi,JumpingJack,17:51:13,17:52:08
v_JumpingJack_g12_c01.avi,JumpingJack,07:09:27,07:10:08
v_JumpingJack_g12_c02.avi,JumpingJack,10:57:10,10:57:38
v_JumpingJack_g12_c03.avi,JumpingJack,09:58:52,09:59:32
v_JumpingJack_g13_c01.avi,JumpingJack,16:22:08,16:23:44
v_JumpingJack_g13_c02.avi,JumpingJack,06:56:24,06:57:19
v_JumpingJack_g13_c03.avi,JumpingJack,21:19:18,21:20:38
v_JumpingJack_g13_c04.avi,JumpingJack,22:38:32,22:39:33
v_JumpingJack_g13_c05.avi,JumpingJack,10:47:12,10:47:54
v_JumpingJack_g13_c06.avi,JumpingJack,06:35:42,06:37:03
v_JumpingJack_g13_c07.avi,JumpingJack,16:38:05,16:39:54
v_JumpingJack_g14_c01.avi,JumpingJack,15:06:13,15:06:43
v_JumpingJack_g14_c03.avi,JumpingJack,08:38:31,08:38:47
v_JumpingJack_g14_c04.avi,JumpingJack,10:56:14,10:57:59
v_JumpingJack_g15_c01.avi,JumpingJack,07:47:57,07:49:05
v_JumpingJack_g15_c02.avi,JumpingJack,13:45:20,13:46:17
v_JumpingJack_g15_c03.avi,JumpingJack,13:37:55,13:39:14
v_JumpingJack_g15_c04.avi,JumpingJack,06:45:19,06:46:50
v_JumpingJack_g16_c01.avi,JumpingJack,20:52:41,20:53:58
v_JumpingJack_g16_c02.avi,JumpingJack,20:07:55,20:08:45
v_JumpingJack_g16_c04.avi,JumpingJack,09:33:12,09:33:29
v_JumpingJack_g17_c01.avi,JumpingJack,17:52:46,17:54:05
v_JumpingJack_g17_c02.avi,JumpingJack,09:15:57,09:17:01
v_JumpingJack_g17_c03.avi,JumpingJack,06:49:31,06:49:52
v_JumpingJack_g17_c04.avi,JumpingJack,09:50:03,09:51:56
v_JumpingJack_g18_c01.avi,JumpingJack,08:40:27,08:41:50
v_JumpingJack_g18_c02.avi,JumpingJack,14:20:56,14:21:11
v_JumpingJack_g18_c03.avi,JumpingJack,17:07:29,17:08:48
v_JumpingJack_g19_c01.avi,JumpingJack,11:31:42,11:32:34
v_JumpingJack_g19_c02.avi,JumpingJack,09:08:38,09:10:11
v_JumpingJack_g19_c03.avi,JumpingJack,09:49:48,09:50:07
v_JumpingJack_g19_c04.avi,JumpingJack,14:50:44,14:51:05
v_JumpingJack_g19_c05.avi,JumpingJack,08:45:36,08:46:40
v_JumpingJack_g19_c06.avi,JumpingJack,21:33:10,21:33:45
v_JumpingJack_g19_c07.avi,JumpingJack,19:37:47,19:38:05
v_JumpingJack_g20_c01.avi,JumpingJack,16:45:24,16:47:00
v_JumpingJack_g20_c03.avi,JumpingJack,12:01:56,12:03:50
v_JumpingJack_g20_c04.avi,JumpingJack,19:06:54,19:07:15
v_JumpingJack_g21_c01.avi,JumpingJack,14:19:58,14:20:12
v_JumpingJack_g21_c02.avi,JumpingJack,18:56:37,18:57:36
v_JumpingJack_g21_c03.avi,JumpingJack,14:39:31,14:40:33
v_JumpingJack_g21_c04.avi,JumpingJack,21:23:07,21:23:34
v_JumpingJack_g22_c01.avi,JumpingJack,12:37:40,12:39:19
v_JumpingJack_g22_c02.avi,JumpingJack,15:47:15,15:49:09
v_JumpingJack_g22_c04.avi,JumpingJack,10:26:01,10:27:30
v_JumpingJack_g23_c01.avi,JumpingJack,11:38:05,11:38:59
v_JumpingJack_g23_c02.avi,JumpingJack,20:52:39,20:53:21
v_JumpingJack_g23_c03.avi,JumpingJack,10:43:35,10:44:11
v_JumpingJack_g23_c04.avi,JumpingJack,15:00:59,15:02:42
v_JumpingJack_g24_c01.avi,JumpingJack,08:15:44,08:15:59
v_JumpingJack_g24_c02.avi,JumpingJack,19:29:08,19:29:18
v_JumpingJack_g24_c03.avi,JumpingJack,15:37:51,15:39:11
v_JumpingJack_g25_c01.avi,JumpingJack,16:00:30,16:02:12
v_JumpingJack_g25_c02.avi,JumpingJack,20:58:38,20:59:27
v_JumpingJack_g25_c03.avi,JumpingJack,18:18:54,18:20:26
v_JumpingJack_g25_c04.avi,JumpingJack,07:49:52,07:51:15
v_JumpingJack_g25_c05.avi,JumpingJack,12:51:32,12:52:38
v_JumpingJack_g25_c06.avi,JumpingJack,10:20:08,10:21:26
v_JumpingJack_g25_c07.avi,JumpingJack,12:15:30,12:16:32
v_JumpRope_g01_c01.avi,JumpRope,16:43:56,16:45:46
v_JumpRope_g01_c02.avi,JumpRope,08:40:21,08:41:37
v_JumpRope_g01_c03.avi,JumpRope,21:28:42,21:29:18
v_JumpRope_g01_c04.avi,JumpRope,19:00:14,19:01:48
v_JumpRope_g02_c06.avi,JumpRope,12:06:22,12:06:38
v_JumpRope_g02_c07.avi,JumpRope,11:14:02,11:15:58
v_JumpRope_g03_c02.avi,JumpRope,21:36:02,21:36:35
v_JumpRope_g03_c03.avi,JumpRope,18:59:42,19:00:29
v_JumpRope_g04_c02.avi,JumpRope,13:32:31,13:34:13
v_JumpRope_g04_c05.avi,JumpRope,17:01:50,17:02:47
v_JumpRope_g04_c07.avi,JumpRope,14:14:46,14:16:08
v_JumpRope_g05_c04.avi,JumpRope,22:09:12,22:09:34
v_JumpRope_g05_c05.avi,JumpRope,19:52:36,19:53:12
v_JumpRope_g06_c01.avi,JumpRope,19:39:37,19:40:06
v_JumpRope_g07_c01.avi,JumpRope,10:47:42,10:48:12
v_JumpRope_g07_c02.avi,JumpRope,13:45:08,13:46:20
v_JumpRope_g07_c04.avi,JumpRope,11:22:43,11:23:50
v_JumpRope_g07_c05.avi,JumpRope,15:00:43,15:02:19
v_JumpRope_g07_c06.avi,JumpRope,22:06:30,22:06:43
v_JumpRope_g08_c02.avi,JumpRope,15:09:28,15:11:00
v_JumpRope_g08_c03.avi,JumpRope,06:11:40,06:13:22
v_JumpRope_g08_c04.avi,JumpRope,07:55:00,07:55:15
v_JumpRope_g09_c01.avi,JumpRope,11:32:04,11:33:26
v_JumpRope_g09_c04.avi,JumpRope,06:07:23,06:08:27
v_JumpRope_g09_c05.avi,JumpRope,06:45:16,06:46:13
v_JumpRope_g09_c06.avi,JumpRope,21:21:42,21:22:12
v_JumpRope_g09_c07.avi,JumpRope,06:25:48,06:26:53
v_JumpRope_g10_c01.avi,JumpRope,21:21:29,21:21:49
v_JumpRope_g10_c02.avi,JumpRope,19:21:40,19:22:53
v_JumpRope_g10_c04.avi,JumpRope,06:50:27,06:51:42
v_JumpRope_g11_c02.avi,JumpRope,10:42:21,10:43:54
v_JumpRope_g11_c03.avi,JumpRope,16:15:20,16:16:38
v_JumpRope_g11_c04.avi,JumpRope,06:06:13,06:07:32
v_JumpRope_g11_c05.avi,JumpRope,22:56:19,22:57:17
v_JumpRope_g11_c06.avi,JumpRope,18:25:58,18:27:46
v_JumpRope_g11_c07.avi,JumpRope,21:18:19,21:19:42
v_JumpRope_g12_c01.avi,JumpRope,13:38:28,13:40:06
v_JumpRope_g12_c04.avi,JumpRope,11:54:23,11:54:52
v_JumpRope_g12_c05.avi,JumpRope,14:47:13,14:49:08
v_JumpRope_g13_c01.avi,JumpRope,06:18:18,06:19:05
v_JumpRope_g13_c02.avi,JumpRope,10:19:11,10:19:28
v_JumpRope_g13_c03.avi,JumpRope,17:23:24,17:23:42
v_JumpRope_g13_c04.avi,JumpRope,07:47:39,07:48:31
v_JumpRope_g13_c05.avi,JumpRope,21:55:03,21:56:05
v_JumpRope_g14_c01.avi,JumpRope,06:01:29,06:01:40
v_JumpRope_g14_c04.avi,JumpRope,16:08:33,16:09:04
v_JumpRope_g15_c01.avi,JumpRope,07:33:42,07:35:36
v_JumpRope_g15_c02.avi,JumpRope,16:33:34,16:34:55
v_JumpRope_g15_c03.avi,JumpRope,14:05:55,14:06:12
v_JumpRope_g15_c04.avi,JumpRope,11:20:49,11:22:06
v_JumpRope_g15_c05.avi,JumpRope,18:13:54,18:15:13
v_JumpRope_g15_c06.avi,JumpRope,20:25:02,20:26:54
v_JumpRope_g16_c02.avi,JumpRope,20:16:19,20:18:01
v_JumpRope_g16_c04.avi,JumpRope,14:02:42,14:03:44
v_JumpRope_g16_c05.avi,JumpRope,08:48:28,08:50:26
v_JumpRope_g16_c06.avi,JumpRope,14:32:32,14:32:59
v_JumpRope_g16_c07.avi,JumpRope,13:47:01,13:47:46
v_JumpRope_g17_c01.avi,JumpRope,18:14:35,18:14:51
v_JumpRope_g17_c02.avi,JumpRope,09:40:20,09:41:42
v_JumpRope_g17_c04.avi,JumpRope,10:48:05,10:48:51
v_JumpRope_g17_c05.avi,JumpRope,17:48:22,17:49:35
v_JumpRope_g18_c02.avi,JumpRope,07:52:40,07:54:23
v_JumpRope_g18_c03.avi,JumpRope,17:15:08,17:15:49
v_JumpRope_g18_c04.avi,JumpRope,07:41:06,07:41:17
v_JumpRope_g18_c05.avi,JumpRope,09:13:56,09:15:48
v_JumpRope_g18_c06.avi,JumpRope,06:28:06,06:28:31
v_JumpRope_g19_c01.avi,JumpRope,21:36:06,21:37:54
v_JumpRope_g19_c02.avi,JumpRope,08:59:10,08:59:28
v_JumpRope_g19_c03.avi,JumpRope,12:13:57,12:15:39
v_JumpRope_g20_c01.avi,JumpRope,15:55:52,15:57:09
v_JumpRope_g20_c02.avi,JumpRope,08:30:50,08:32:33
v_JumpRope_g20_c03.avi,JumpRope,09:56:21,09:56:35
v_JumpRope_g20_c04.avi,JumpRope,09:26:15,09:26:43
v_JumpRope_g20_c06.avi,JumpRope,15:51:41,15:53:12
v_JumpRope_g20_c07.avi,JumpRope,10:35:40,10:36:13
v_JumpRope_g21_c01.avi,JumpRope,21:31:18,21:33:11
v_JumpRope_g21_c02.avi,JumpRope,06:29:53,06:30:20
v_JumpRope_g21_c04.avi,JumpRope,06:47:28,06:47:48
v_JumpRope_g21_c05.avi,JumpRope,08:10:00,08:11:10
v_JumpRope_g21_c06.avi,JumpRope,21:53:20,21:54:16
v_JumpRope_g22_c01.avi,JumpRope,12:00:56,12:01:30
v_JumpRope_g22_c02.avi,JumpRope,07:55:34,07:56:38
v_JumpRope_g22_c03.avi,JumpRope,20:37:08,20:38:54
v_JumpRope_g22_c04.avi,JumpRope,15:35:48,15:36:34
v_JumpRope_g22_c05.avi,JumpRope,12:16:18,12:18:07
v_JumpRope_g23_c01.avi,JumpRope,19:13:25,19:14:59
v_JumpRope_g23_c02.avi,JumpRope,08:50:07,08:51:17
v_JumpRope_g23_c04.avi,JumpRope,17:40:31,17:42:04
v_JumpRope_g23_c05.avi,JumpRope,10:54:23,10:56:17
v_JumpRope_g24_c01.avi,JumpRope,13:20:10,13:21:58
v_JumpRope_g24_c02.avi,JumpRope,11:33:37,11:34:38
v_JumpRope_g24_c03.avi,JumpRope,09:56:50,09:58:48
v_JumpRope_g24_c04.avi,JumpRope,07:20:39,07:20:53
v_JumpRope_g24_c06.avi,JumpRope,11:50:43,11:52:39
v_JumpRope_g25_c01.avi,JumpRope,06:12:31,06:13:03
v_JumpRope_g25_c02.avi,JumpRope,21:07:03,21:08:56
v_JumpRope_g25_c03.avi,JumpRope,06:48:12,06:49:41
v_JumpRope_g25_c04.avi,JumpRope,13:00:34,13:02:06
v_JumpRope_g25_c05.avi,JumpRope,17:40:18,17:41:50
v_JumpRope_g25_c06.avi,JumpRope,08:15:56,08:16:37
v_Kayaking_g01_c01.avi,Kayaking,19:44:17,19:45:56
v_Kayaking_g01_c02.avi,Kayaking,09:24:38,09:26:05
v_Kayaking_g01_c05.avi,Kayaking,06:34:33,06:35:53
v_Kayaking_g02_c02.avi,Kayaking,12:30:54,12:32:19
v_Kayaking_g02_c03.avi,Kayaking,10:06:45,10:07:58
v_Kayaking_g02_c04.avi,Kayaking,12:56:26,12:57:25
v_Kayaking_g03_c01.avi,Kayaking,21:34:42,21:35:21
v_Kayaking_g03_c03.avi,Kayaking,08:25:40,08:26:04
v_Kayaking_g03_c04.avi,Kayaking,20:23:47,20:23:57
v_Kayaking_g04_c01.avi,Kayaking,14:54:20,14:54:38
v_Kayaking_g04_c02.avi,Kayaking,14:00:33,14:01:20
v_Kayaking_g04_c05.avi,Kayaking,09:17:35,09:17:55
v_Kayaking_g04_c06.avi,Kayaking,12:04:11,12:04:58
v_Kayaking_g05_c01.avi,Kayaking,14:50:05,14:50:18
v_Kayaking_g05_c02.avi,Kayaking,18:40:14,18:41:38
v_Kayaking_g05_c03.avi,Kayaking,11:08:49,11:09:31
v_Kayaking_g05_c04.avi,Kayaking,07:46:20,07:48:01
v_Kayaking_g06_c01.avi,Kayaking,22:27:08,22:28:09
v_Kayaking_g06_c03.avi,Kayaking,18:16:07,18:17:32
v_Kayaking_g06_c06.avi,Kayaking,15:13:56,15:14:16
v_Kayaking_g06_c07.avi,Kayaking,17:34:30,17:36:08
v_Kayaking_g07_c01.avi,Kayaking,11:18:39,11:20:30
v_Kayaking_g07_c02.avi,Kayaking,08:11:53,08:12:31
v_Kayaking_g07_c03.avi,Kayaking,19:52:52,19:53:14
v_Kayaking_g07_c04.avi,Kayaking,13:35:13,13:35:37
v_Kayaking_g08_c02.avi,Kayaking,10:15:38,10:16:39
v_Kayaking_g08_c04.avi,Kayaking,11:02:38,11:03:49
v_Kayaking_g08_c06.avi,Kayaking,16:35:43,16:36:49
v_Kayaking_g09_c01.avi,Kayaking,15:16:48,15:17:43
v_Kayaking_g09_c02.avi,Kayaking,08:54:21,08:56:18
v_Kayaking_g09_c03.avi,Kayaking,19:05:51,19:07:17
v_Kayaking_g09_c04.avi,Kayaking,07:59:45,07:59:55
v_Kayaking_g10_c01.avi,Kayaking,09:07:14,09:08:21
v_Kayaking_g10_c02.avi,Kayaking,13:08:36,13:10:18
v_Kayaking_g10_c03.avi,Kayaking,19:50:05,19:51:08
v_Kayaking_g10_c05.avi,Kayaking,19:02:26,19:02:36
v_Kayaking_g11_c01.avi,Kayaking,15:21:07,15:23:06
v_Kayaking_g11_c02.avi,Kayaking,11:15:19,11:15:30
v_Kayaking_g11_c06.avi,Kayaking,21:18:07,21:18:31
v_Kayaking_g11_c07.avi,Kayaking,19:37:21,19:37:38
v_Kayaking_g12_c01.avi,Kayaking,18:31:15,18:33:12
v_Kayaking_g12_c02.avi,Kayaking,14:22:33,14:23:49
v_Kayaking_g12_c04.avi,Kayaking,11:01:09,11:03:08
v_Kayaking_g13_c01.avi,Kayaking,14:03:36,14:04:58
v_Kayaking_g13_c03.avi,Kayaking,14:11:49,14:13:40
v_Kayaking_g14_c01.avi,Kayaking,22:15:44,22:16:54
v_Kayaking_g14_c02.avi,Kayaking,11:16:47,11:18:12
v_Kayaking_g14_c04.avi,Kayaking,14:56:41,14:56:58
v_Kayaking_g15_c01.avi,Kayaking,10:26:56,10:27:39
v_Kayaking_g15_c04.avi,Kayaking,16:54:08,16:55:41
v_Kayaking_g15_c05.avi,Kayaking,14:39:50,14:40:58
v_Kayaking_g15_c07.avi,Kayaking,13:08:21,13:08:38
v_Kayaking_g16_c01.avi,Kayaking,13:34:52,13:35:55
v_Kayaking_g16_c02.avi,Kayaking,13:37:38,13:38:49
v_Kayaking_g16_c03.avi,Kayaking,19:10:12,19:11:51
v_Kayaking_g16_c04.avi,Kayaking,09:48:59,09:49:30
v_Kayaking_g16_c06.avi,Kayaking,13:31:45,13:33:44
v_Kayaking_g16_c07.avi,Kayaking,16:20:53,16:21:58
v_Kayaking_g17_c03.avi,Kayaking,08:44:35,08:46:14
v_Kayaking_g17_c04.avi,Kayaking,18:40:14,18:40:36
v_Kayaking_g17_c05.avi,Kayaking,07:44:30,07:45:52
v_Kayaking_g17_c06.avi,Kayaking,10:47:13,10:48:23
v_Kayaking_g18_c02.avi,Kayaking,18:34:44,18:35:31
v_Kayaking_g18_c03.avi,Kayaking,18:00:29,18:02:06
v_Kayaking_g18_c04.avi,Kayaking,14:19:21,14:19:50
v_Kayaking_g18_c05.avi,Kayaking,20:57:22,20:58:22
v_Kayaking_g18_c07.avi,Kayaking,18:23:43,18:24:02
v_Kayaking_g19_c01.avi,Kayaking,07:46:25,07:46:50
v_Kayaking_g19_c02.avi,Kayaking,06:12:57,06:13:28
v_Kayaking_g19_c04.avi,Kayaking,14:27:21,14:28:00
v_Kayaking_g19_c05.avi,Kayaking,09:49:24,09:50:54
v_Kayaking_g20_c01.avi,Kayaking,12:29:54,12:30:33
v_Kayaking_g20_c02.avi,Kayaking,17:38:02,17:39:10
v_Kayaking_g20_c03.avi,Kayaking,19:20:19,19:20:32
v_Kayaking_g20_c05.avi,Kayaking,11:55:33,11:56:22
v_Kayaking_g20_c06.avi,Kayaking,13:41:54,13:42:45
v_Kayaking_g21_c01.avi,Kayaking,10:47:21,10:49:06
v_Kayaking_g21_c02.avi,Kayaking,14:59:44,15:00:52
v_Kayaking_g21_c03.avi,Kayaking,19:19:33,19:20:26
v_Kayaking_g21_c04.avi,Kayaking,17:47:56,17:48:12
v_Kayaking_g21_c05.avi,Kayaking,20:52:05,20:52:27
v_Kayaking_g21_c06.avi,Kayaking,19:00:29,19:01:22
v_Kayaking_g22_c01.avi,Kayaking,18:23:39,18:25:38
v_Kayaking_g22_c03.avi,Kayaking,17:55:27,17:56:18
v_Kayaking_g22_c04.avi,Kayaking,20:47:16,20:49:07
v_Kayaking_g22_c05.avi,Kayaking,06:10:26,06:11:52
v_Kayaking_g22_c06.avi,Kayaking,12:11:07,12:13:05
v_Kayaking_g22_c07.avi,Kayaking,13:04:18,13:05:45
v_Kayaking_g23_c01.avi,Kayaking,22:49:54,22:50:19
v_Kayaking_g23_c02.avi,Kayaking,21:36:14,21:36:37
v_Kayaking_g23_c05.avi,Kayaking,08:28:12,08:28:30
v_Kayaking_g23_c06.avi,Kayaking,18:23:19,18:23:51
v_Kayaking_g24_c01.avi,Kayaking,16:04:13,16:05:28
v_Kayaking_g24_c02.avi,Kayaking,22:51:26,22:51:46
v_Kayaking_g24_c03.avi,Kayaking,18:03:02,18:03:48
v_Kayaking_g24_c04.avi,Kayaking,15:48:46,15:50:14
v_Kayaking_g24_c05.avi,Kayaking,06:24:45,06:25:38
v_Kayaking_g24_c06.avi,Kayaking,12:34:22,12:34:34
v_Kayaking_g25_c03.avi,Kayaking,08:35:08,08:36:36
v_Kayaking_g25_c04.avi,Kayaking,22:01:39,22:01:57
v_Knitting_g01_c01.avi,Knitting,12:03:46,12:03:56
v_Knitting_g01_c02.avi,Knitting,17:09:41,17:10:04
v_Knitting_g01_c04.avi,Knitting,16:42:16,16:44:11
v_Knitting_g02_c01.avi,Knitting,19:25:35,19:26:24
v_Knitting_g02_c02.avi,Knitting,06:24:04,06:24:51
v_Knitting_g02_c04.avi,Knitting,17:47:25,17:49:15
v_Knitting_g02_c05.avi,Knitting,20:45:09,20:46:25
v_Knitting_g03_c01.avi,Knitting,20:18:51,20:19:48
v_Knitting_g03_c02.avi,Knitting,07:58:39,07:58:59
v_Knitting_g03_c04.avi,Knitting,17:57:28,17:59:23
v_Knitting_g03_c05.avi,Knitting,08:00:40,08:02:20
v_Knitting_g04_c01.avi,Knitting,07:54:38,07:56:07
v_Knitting_g04_c02.avi,Knitting,08:57:34,08:58:32
v_Knitting_g04_c05.avi,Knitting,16:08:19,16:09:34
v_Knitting_g04_c06.avi,Knitting,07:20:12,07:21:43
v_Knitting_g05_c02.avi,Knitting,20:28:39,20:29:02
v_Knitting_g05_c04.avi,Knitting,21:55:32,21:56:59
v_Knitting_g05_c05.avi,Knitting,19:55:01,19:56:15
v_Knitting_g06_c03.avi,Knitting,09:43:24,09:44:58
v_Knitting_g06_c04.avi,Knitting,14:57:08,14:57:25
v_Knitting_g07_c01.avi,Knitting,20:38:53,20:39:33
v_Knitting_g07_c02.avi,Knitting,06:21:46,06:23:35
v_Knitting_g07_c03.avi,Knitting,06:31:31,06:32:12
v_Knitting_g07_c05.avi,Knitting,14:24:31,14:26:10
v_Knitting_g08_c01.avi,Knitting,10:28:30,10:29:57
v_Knitting_g08_c03.avi,Knitting,08:43:43,08:45:02
v_Knitting_g09_c01.avi,Knitting,21:20:21,21:21:26
v_Knitting_g09_c02.avi,Knitting,08:45:57,08:46:49
v_Knitting_g09_c05.avi,Knitting,07:11:08,07:12:21
v_Knitting_g10_c01.avi,Knitting,09:36:44,09:38:12
v_Knitting_g10_c03.avi,Knitting,08:41:42,08:43:09
v_Knitting_g10_c04.avi,Knitting,13:09:34,13:10:44
v_Knitting_g10_c05.avi,Knitting,19:56:25,19:57:42
v_Knitting_g10_c06.avi,Knitting,16:59:40,17:00:18
v_Knitting_g10_c07.avi,Knitting,12:21:21,12:22:34
v_Knitting_g11_c01.avi,Knitting,18:06:04,18:07:29
v_Knitting_g11_c02.avi,Knitting,11:28:46,11:29:55
v_Knitting_g11_c03.avi,Knitting,17:28:07,17:29:08
v_Knitting_g11_c05.avi,Knitting,14:12:48,14:14:39
v_Knitting_g11_c06.avi,Knitting,09:24:03,09:24:39
v_Knitting_g12_c01.avi,Knitting,13:43:14,13:43:44
v_Knitting_g12_c02.avi,Knitting,21:25:16,21:26:08
v_Knitting_g12_c03.avi,Knitting,19:46:11,19:48:03
v_Knitting_g12_c04.avi,Knitting,10:11:30,10:12:51
v_Knitting_g13_c01.avi,Knitting,14:44:16,14:44:50
v_Knitting_g13_c02.avi,Knitting,17:10:25,17:11:00
v_Knitting_g13_c04.avi,Knitting,19:42:28,19:44:13
v_Knitting_g13_c05.avi,Knitting,17:26:57,17:28:35
v_Knitting_g14_c01.avi,Knitting,16:29:02,16:30:16
v_Knitting_g14_c02.avi,Knitting,08:37:59,08:39:16
v_Knitting_g14_c03.avi,Knitting,14:48:26,14:48:58
v_Knitting_g14_c04.avi,Knitting,21:16:16,21:17:43
v_Knitting_g14_c05.avi,Knitting,20:31:26,20:32:34
v_Knitting_g15_c01.avi,Knitting,09:34:03,09:35:20
v_Knitting_g15_c03.avi,Knitting,15:24:12,15:26:06
v_Knitting_g15_c04.avi,Knitting,14:26:04,14:27:43
v_Knitting_g15_c05.avi,Knitting,08:10:46,08:11:19
v_Knitting_g15_c06.avi,Knitting,19:08:55,19:09:53
v_Knitting_g15_c07.avi,Knitting,07:35:15,07:36:09
v_Knitting_g16_c01.avi,Knitting,16:09:13,16:09:56
v_Knitting_g16_c02.avi,Knitting,20:45:43,20:46:36
v_Knitting_g16_c03.avi,Knitting,10:19:20,10:20:07
v_Knitting_g16_c05.avi,Knitting,10:02:05,10:03:38
v_Knitting_g17_c01.avi,Knitting,10:08:23,10:09:57
v_Knitting_g17_c02.avi,Knitting,08:13:21,08:14:28
v_Knitting_g17_c03.avi,Knitting,13:12:01,13:13:02
v_Knitting_g17_c04.avi,Knitting,17:26:28,17:27:33
v_Knitting_g17_c05.avi,Knitting,14:45:43,14:46:00
v_Knitting_g17_c06.avi,Knitting,08:42:46,08:44:18
v_Knitting_g18_c01.avi,Knitting,22:33:16,22:33:44
v_Knitting_g18_c03.avi,Knitting,22:46:58,22:48:06
v_Knitting_g18_c04.avi,Knitting,14:53:11,14:54:17
v_Knitting_g19_c01.avi,Knitting,08:46:20,08:47:12
v_Knitting_g19_c02.avi,Knitting,16:10:16,16:11:24
v_Knitting_g19_c03.avi,Knitting,14:37:41,14:39:24
v_Knitting_g19_c04.avi,Knitting,20:03:02,20:03:14
v_Knitting_g20_c01.avi,Knitting,07:59:06,08:00:07
v_Knitting_g20_c02.avi,Knitting,21:09:39,21:10:08
v_Knitting_g20_c04.avi,Knitting,09:28:50,09:29:25
v_Knitting_g21_c01.avi,Knitting,17:15:45,17:17:17
v_Knitting_g21_c02.avi,Knitting,18:33:18,18:34:06
v_Knitting_g21_c03.avi,Knitting,16:59:32,17:00:52
v_Knitting_g21_c04.avi,Knitting,19:32:30,19:33:11
v_Knitting_g22_c01.avi,Knitting,19:12:24,19:13:24
v_Knitting_g22_c02.avi,Knitting,10:21:01,10:21:21
v_Knitting_g22_c03.avi,Knitting,17:52:14,17:53:00
v_Knitting_g23_c01.avi,Knitting,21:37:18,21:38:30
v_Knitting_g23_c02.avi,Knitting,09:57:06,09:59:05
v_Knitting_g23_c03.avi,Knitting,07:43:26,07:44:26
v_Knitting_g23_c04.avi,Knitting,09:57:33,09:59:32
v_Knitting_g24_c01.avi,Knitting,15:28:11,15:29:30
v_Knitting_g24_c02.avi,Knitting,10:34:10,10:35:00
v_Knitting_g24_c03.avi,Knitting,21:26:03,21:26:26
v_Knitting_g24_c04.avi,Knitting,09:11:42,09:13:28
v_Knitting_g25_c02.avi,Knitting,15:57:49,15:59:31
v_Knitting_g25_c03.avi,Knitting,08:31:57,08:32:52
v_Knitting_g25_c04.avi,Knitting,16:17:52,16:19:28
v_Knitting_g25_c05.avi,Knitting,20:17:04,20:17:51
v_Knitting_g25_c06.avi,Knitting,22:05:05,22:06:41
v_Knitting_g25_c07.avi,Knitting,12:11:59,12:12:31
v_Lunges_g01_c01.avi,Lunges,12:57:22,12:58:01
v_Lunges_g01_c02.avi,Lunges,08:06:14,08:08:11
v_Lunges_g01_c04.avi,Lunges,13:33:39,13:33:57
v_Lunges_g01_c05.avi,Lunges,11:42:46,11:43:41
v_Lunges_g01_c06.avi,Lunges,10:47:29,10:48:53
v_Lunges_g01_c07.avi,Lunges,10:34:33,10:36:09
v_Lunges_g02_c01.avi,Lunges,14:32:35,14:34:07
v_Lunges_g02_c02.avi,Lunges,18:06:52,18:08:34
v_Lunges_g02_c03.avi,Lunges,15:49:43,15:50:56
v_Lunges_g02_c04.avi,Lunges,06:07:32,06:07:43
v_Lunges_g03_c02.avi,Lunges,14:23:09,14:24:08
v_Lunges_g03_c03.avi,Lunges,06:37:06,06:39:00
v_Lunges_g03_c04.avi,Lunges,18:49:35,18:50:29
v_Lunges_g04_c02.avi,Lunges,12:20:21,12:21:08
v_Lunges_g04_c03.avi,Lunges,11:18:06,11:18:48
v_Lunges_g04_c04.avi,Lunges,20:57:23,20:57:58
v_Lunges_g05_c01.avi,Lunges,21:57:32,21:57:46
v_Lunges_g05_c03.avi,Lunges,09:14:16,09:14:29
v_Lunges_g05_c04.avi,Lunges,06:43:44,06:44:55
v_Lunges_g06_c01.avi,Lunges,13:35:47,13:36:20
v_Lunges_g06_c04.avi,Lunges,06:46:55,06:47:55
v_Lunges_g06_c05.avi,Lunges,06:20:21,06:20:37
v_Lunges_g06_c06.avi,Lunges,22:37:10,22:37:30
v_Lunges_g06_c07.avi,Lunges,15:00:35,15:01:05
v_Lunges_g07_c01.avi,Lunges,15:07:50,15:08:40
v_Lunges_g07_c02.avi,Lunges,10:20:37,10:20:55
v_Lunges_g07_c03.avi,Lunges,11:47:35,11:48:05
v_Lunges_g07_c04.avi,Lunges,12:17:56,12:19:19
v_Lunges_g07_c07.avi,Lunges,19:11:41,19:13:17
v_Lunges_g08_c01.avi,Lunges,14:40:59,14:42:00
v_Lunges_g08_c02.avi,Lunges,12:54:06,12:54:53
v_Lunges_g08_c03.avi,Lunges,12:24:08,12:25:54
v_Lunges_g08_c04.avi,Lunges,19:52:33,19:53:28
v_Lunges_g09_c01.avi,Lunges,16:35:27,16:37:18
v_Lunges_g09_c04.avi,Lunges,06:05:54,06:06:24
v_Lunges_g10_c02.avi,Lunges,20:02:35,20:04:07
v_Lunges_g10_c03.avi,Lunges,06:51:15,06:51:32
v_Lunges_g10_c04.avi,Lunges,20:21:24,20:21:37
v_Lunges_g10_c05.avi,Lunges,07:01:25,07:02:24
v_Lunges_g10_c06.avi,Lunges,19:07:06,19:08:09
v_Lunges_g11_c01.avi,Lunges,11:47:07,11:48:12
v_Lunges_g11_c03.avi,Lunges,11:02:57,11:03:15
v_Lunges_g11_c04.avi,Lunges,09:57:28,09:59:22
v_Lunges_g11_c06.avi,Lunges,16:36:59,16:38:47
v_Lunges_g11_c07.avi,Lunges,09:04:53,09:05:37
v_Lunges_g12_c01.avi,Lunges,15:48:00,15:48:42
v_Lunges_g12_c05.avi,Lunges,07:51:19,07:52:51
v_Lunges_g13_c01.avi,Lunges,07:32:46,07:34:33
v_Lunges_g13_c02.avi,Lunges,09:33:42,09:34:49
v_Lunges_g13_c06.avi,Lunges,16:58:52,17:00:17
v_Lunges_g14_c01.avi,Lunges,22:47:48,22:49:48
v_Lunges_g14_c03.avi,Lunges,08:00:57,08:01:49
v_Lunges_g14_c04.avi,Lunges,19:49:08,19:50:38
v_Lunges_g14_c05.avi,Lunges,15:21:36,15:22:02
v_Lunges_g14_c06.avi,Lunges,16:29:56,16:30:46
v_Lunges_g14_c07.avi,Lunges,06:59:47,07:01:42
v_Lunges_g15_c01.avi,Lunges,18:12:47,18:13:19
v_Lunges_g15_c03.avi,Lunges,10:29:51,10:30:30
v_Lunges_g16_c01.avi,Lunges,09:00:05,09:00:48
v_Lunges_g16_c02.avi,Lunges,21:37:38,21:39:12
v_Lunges_g16_c03.avi,Lunges,08:10:36,08:10:49
v_Lunges_g16_c04.avi,Lunges,20:17:55,20:19:50
v_Lunges_g17_c01.avi,Lunges,08:58:53,08:59:31
v_Lunges_g17_c02.avi,Lunges,07:56:51,07:57:06
v_Lunges_g17_c03.avi,Lunges,20:18:05,20:18:42
v_Lunges_g17_c04.avi,Lunges,15:48:12,15:49:59
v_Lunges_g18_c02.avi,Lunges,12:09:00,12:10:02
v_Lunges_g18_c03.avi,Lunges,22:20:17,22:21:16
v_Lunges_g18_c04.avi,Lunges,19:06:00,19:06:12
v_Lunges_g18_c05.avi,Lunges,12:38:41,12:39:40
v_Lunges_g19_c01.avi,Lunges,09:37:30,09:39:06
v_Lunges_g19_c02.avi,Lunges,13:05:15,13:06:03
v_Lunges_g19_c03.avi,Lunges,09:49:45,09:51:37
v_Lunges_g19_c04.avi,Lunges,19:05:13,19:06:05
v_Lunges_g19_c06.avi,Lunges,22:50:26,22:50:49
v_Lunges_g19_c07.avi,Lunges,20:02:38,20:04:20
v_Lunges_g20_c01.avi,Lunges,09:50:04,09:50:31
v_Lunges_g20_c02.avi,Lunges,21:15:10,21:16:47
v_Lunges_g20_c03.avi,Lunges,21:34:35,21:35:22
v_Lunges_g20_c04.avi,Lunges,07:19:40,07:19:54
v_Lunges_g21_c01.avi,Lunges,19:24:48,19:26:45
v_Lunges_g21_c02.avi,Lunges,10:11:11,10:12:51
v_Lunges_g21_c04.avi,Lunges,07:39:40,07:40:33
v_Lunges_g21_c05.avi,Lunges,20:57:32,20:59:14
v_Lunges_g22_c01.avi,Lunges,06:25:19,06:26:29
v_Lunges_g22_c02.avi,Lunges,18:39:28,18:40:06
v_Lunges_g22_c03.avi,Lunges,17:57:25,17:58:21
v_Lunges_g22_c04.avi,Lunges,22:18:53,22:19:48
v_Lunges_g23_c01.avi,Lunges,13:14:27,13:15:15
v_Lunges_g23_c02.avi,Lunges,22:01:12,22:03:04
v_Lunges_g23_c04.avi,Lunges,20:37:34,20:38:37
v_Lunges_g23_c05.avi,Lunges,18:03:56,18:04:28
v_Lunges_g23_c06.avi,Lunges,10:34:11,10:35:59
v_Lunges_g24_c01.avi,Lunges,20:54:55,20:56:10
v_Lunges_g24_c02.avi,Lunges,18:59:48,19:00:23
v_Lunges_g24_c03.avi,Lunges,13:15:11,13:16:17
v_Lunges_g24_c04.avi,Lunges,06:25:27,06:27:19
v_Lunges_g25_c01.avi,Lunges,11:30:51,11:32:50
v_Lunges_g25_c03.avi,Lunges,13:11:00,13:12:40
v_Lunges_g25_c04.avi,Lunges,12:33:47,12:35:29
v_Mixing_g01_c01.avi,Mixing,11:15:11,11:15:46
v_Mixing_g01_c03.avi,Mixing,19:01:17,19:01:49
v_Mixing_g01_c04.avi,Mixing,10:04:36,10:05:51
v_Mixing_g01_c06.avi,Mixing,06:47:53,06:49:09
v_Mixing_g01_c07.avi,Mixing,10:46:29,10:48:00
v_Mixing_g02_c01.avi,Mixing,18:48:25,18:48:39
v_Mixing_g02_c02.avi,Mixing,22:31:09,22:32:10
v_Mixing_g02_c03.avi,Mixing,11:59:51,12:00:32
v_Mixing_g02_c04.avi,Mixing,14:45:29,14:45:46
v_Mixing_g02_c06.avi,Mixing,09:05:05,09:05:22
v_Mixing_g03_c02.avi,Mixing,20:03:08,20:03:29
v_Mixing_g03_c03.avi,Mixing,15:47:10,15:47:47
v_Mixing_g03_c04.avi,Mixing,14:07:33,14:07:54
v_Mixing_g03_c05.avi,Mixing,16:23:50,16:25:00
v_Mixing_g03_c06.avi,Mixing,08:55:48,08:57:36
v_Mixing_g03_c07.avi,Mixing,22:33:32,22:34:33
v_Mixing_g04_c01.avi,Mixing,17:32:12,17:33:17
v_Mixing_g04_c04.avi,Mixing,06:18:14,06:20:14
v_Mixing_g04_c05.avi,Mixing,09:45:24,09:46:40
v_Mixing_g04_c06.avi,Mixing,10:07:49,10:09:16
v_Mixing_g04_c07.avi,Mixing,12:09:57,12:10:10
v_Mixing_g05_c01.avi,Mixing,09:12:20,09:14:05
v_Mixing_g05_c02.avi,Mixing,08:00:45,08:02:42
v_Mixing_g05_c03.avi,Mixing,11:04:34,11:05:27
v_Mixing_g05_c04.avi,Mixing,10:29:09,10:29:53
v_Mixing_g05_c07.avi,Mixing,20:36:45,20:38:26
v_Mixing_g06_c01.avi,Mixing,18:51:49,18:52:58
v_Mixing_g06_c02.avi,Mixing,14:39:39,14:40:07
v_Mixing_g06_c03.avi,Mixing,22:14:58,22:16:55
v_Mixing_g06_c04.avi,Mixing,14:09:49,14:11:45
v_Mixing_g06_c05.avi,Mixing,12:48:25,12:49:57
v_Mixing_g06_c06.avi,Mixing,16:27:25,16:28:30
v_Mixing_g07_c02.avi,Mixing,18:45:25,18:47:18
v_Mixing_g07_c04.avi,Mixing,15:05:28,15:05:48
v_Mixing_g07_c05.avi,Mixing,15:33:54,15:34:13
v_Mixing_g08_c01.avi,Mixing,22:22:51,22:23:08
v_Mixing_g08_c02.avi,Mixing,14:43:58,14:45:45
v_Mixing_g08_c03.avi,Mixing,12:39:34,12:41:32
v_Mixing_g08_c04.avi,Mixing,18:25:41,18:26:31
v_Mixing_g09_c01.avi,Mixing,06:27:01,06:28:07
v_Mixing_g09_c02.avi,Mixing,19:18:08,19:18:45
v_Mixing_g09_c04.avi,Mixing,16:40:31,16:41:01
v_Mixing_g09_c05.avi,Mixing,16:10:25,16:12:09
v_Mixing_g09_c06.avi,Mixing,19:05:48,19:06:41
v_Mixing_g09_c07.avi,Mixing,16:03:13,16:05:11
v_Mixing_g10_c01.avi,Mixing,22:27:22,22:27:39
v_Mixing_g10_c03.avi,Mixing,16:23:14,16:23:52
v_Mixing_g10_c04.avi,Mixing,08:39:41,08:41:17
v_Mixing_g10_c05.avi,Mixing,17:50:20,17:51:34
v_Mixing_g11_c02.avi,Mixing,18:23:15,18:24:56
v_Mixing_g11_c03.avi,Mixing,09:37:15,09:38:05
v_Mixing_g11_c04.avi,Mixing,12:14:18,12:15:18
v_Mixing_g11_c05.avi,Mixing,20:49:19,20:50:16
v_Mixing_g11_c07.avi,Mixing,10:59:34,11:01:30
v_Mixing_g12_c01.avi,Mixing,18:58:09,19:00:07
v_Mixing_g12_c02.avi,Mixing,10:22:23,10:22:58
v_Mixing_g12_c03.avi,Mixing,17:19:03,17:19:46
v_Mixing_g12_c05.avi,Mixing,11:50:10,11:50:41
v_Mixing_g12_c06.avi,Mixing,13:49:58,13:50:56
v_Mixing_g12_c07.avi,Mixing,21:09:59,21:10:51
v_Mixing_g13_c02.avi,Mixing,15:47:41,15:48:54
v_Mixing_g13_c03.avi,Mixing,19:30:54,19:31:43
v_Mixing_g13_c04.avi,Mixing,17:42:57,17:44:50
v_Mixing_g13_c05.avi,Mixing,12:07:51,12:09:00
v_Mixing_g13_c06.avi,Mixing,18:50:09,18:50:19
v_Mixing_g14_c02.avi,Mixing,22:28:46,22:30:06
v_Mixing_g14_c03.avi,Mixing,09:26:29,09:27:03
v_Mixing_g14_c05.avi,Mixing,21:03:27,21:03:51
v_Mixing_g14_c06.avi,Mixing,21:52:35,21:53:07
v_Mixing_g14_c07.avi,Mixing,21:18:01,21:18:46
v_Mixing_g15_c01.avi,Mixing,08:09:12,08:11:07
v_Mixing_g15_c02.avi,Mixing,17:53:01,17:53:34
v_Mixing_g15_c03.avi,Mixing,10:41:43,10:42:02
v_Mixing_g15_c05.avi,Mixing,08:56:42,08:57:04
v_Mixing_g15_c07.avi,Mixing,07:41:12,07:42:24
v_Mixing_g16_c01.avi,Mixing,07:28:23,07:29:26
v_Mixing_g16_c02.avi,Mixing,06:29:00,06:30:26
v_Mixing_g16_c03.avi,Mixing,08:38:16,08:38:34
v_Mixing_g16_c04.avi,Mixing,21:59:50,22:01:31
v_Mixing_g17_c01.avi,Mixing,12:26:57,12:28:09
v_Mixing_g17_c02.avi,Mixing,11:45:26,11:46:18
v_Mixing_g18_c03.avi,Mixing,13:50:00,13:51:52
v_Mixing_g18_c04.avi,Mixing,19:43:29,19:44:52
v_Mixing_g19_c01.avi,Mixing,08:53:50,08:55:13
v_Mixing_g19_c02.avi,Mixing,06:00:24,06:02:02
v_Mixing_g19_c03.avi,Mixing,17:03:26,17:03:48
v_Mixing_g19_c04.avi,Mixing,21:20:54,21:21:58
v_Mixing_g20_c03.avi,Mixing,06:49:23,06:49:57
v_Mixing_g20_c04.avi,Mixing,15:30:11,15:31:50
v_Mixing_g21_c01.avi,Mixing,21:38:32,21:40:00
v_Mixing_g21_c02.avi,Mixing,12:11:24,12:13:05
v_Mixing_g21_c03.avi,Mixing,21:40:56,21:41:51
v_Mixing_g21_c04.avi,Mixing,17:10:11,17:11:00
v_Mixing_g22_c01.avi,Mixing,10:23:09,10:24:14
v_Mixing_g22_c03.avi,Mixing,15:58:31,15:59:38
v_Mixing_g23_c01.avi,Mixing,14:53:23,14:54:36
v_Mixing_g23_c02.avi,Mixing,22:43:41,22:44:42
v_Mixing_g24_c01.avi,Mixing,10:29:54,10:30:29
v_Mixing_g24_c02.avi,Mixing,20:57:09,20:58:50
v_Mixing_g24_c04.avi,Mixing,14:20:42,14:21:22
v_MoppingFloor_g01_c01.avi,MoppingFloor,06:40:00,06:40:12
v_MoppingFloor_g01_c02.avi,MoppingFloor,15:15:04,15:16:27
v_MoppingFloor_g01_c03.avi,MoppingFloor,19:40:16,19:41:49
v_MoppingFloor_g02_c01.avi,MoppingFloor,17:20:52,17:22:49
v_MoppingFloor_g02_c02.avi,MoppingFloor,18:14:13,18:14:47
v_MoppingFloor_g02_c03.avi,MoppingFloor,16:35:06,16:35:30
v_MoppingFloor_g02_c04.avi,MoppingFloor,14:23:53,14:25:01
v_MoppingFloor_g02_c05.avi,MoppingFloor,21:45:18,21:45:55
v_MoppingFloor_g02_c06.avi,MoppingFloor,13:22:15,13:22:46
v_MoppingFloor_g03_c01.avi,MoppingFloor,12:08:31,12:09:21
v_MoppingFloor_g03_c02.avi,MoppingFloor,20:57:49,20:58:02
v_MoppingFloor_g03_c04.avi,MoppingFloor,09:23:16,09:24:48
v_MoppingFloor_g04_c01.avi,MoppingFloor,22:30:13,22:31:08
v_MoppingFloor_g04_c02.avi,MoppingFloor,18:37:47,18:38:59
v_MoppingFloor_g04_c03.avi,MoppingFloor,12:06:22,12:07:37
v_MoppingFloor_g04_c04.avi,MoppingFloor,20:12:48,20:13:57
v_MoppingFloor_g04_c05.avi,MoppingFloor,13:41:19,13:42:13
v_MoppingFloor_g04_c06.avi,MoppingFloor,16:35:50,16:36:10
v_MoppingFloor_g05_c01.avi,MoppingFloor,19:08:11,19:08:24
v_MoppingFloor_g05_c03.avi,MoppingFloor,07:57:18,07:57:41
v_MoppingFloor_g05_c04.avi,MoppingFloor,11:40:04,11:40:28
v_MoppingFloor_g05_c05.avi,MoppingFloor,10:03:19,10:04:48
v_MoppingFloor_g06_c01.avi,MoppingFloor,09:47:29,09:48:44
v_MoppingFloor_g06_c02.avi,MoppingFloor,19:33:54,19:35:44
v_MoppingFloor_g06_c03.avi,MoppingFloor,06:15:51,06:16:49
v_MoppingFloor_g06_c04.avi,MoppingFloor,19:08:03,19:09:24
v_MoppingFloor_g07_c01.avi,MoppingFloor,06:15:10,06:15:39
v_MoppingFloor_g07_c03.avi,MoppingFloor,18:33:48,18:35:25
v_MoppingFloor_g07_c04.avi,MoppingFloor,10:50:38,10:50:52
v_MoppingFloor_g07_c05.avi,MoppingFloor,10:15:14,10:16:14
v_MoppingFloor_g08_c01.avi,MoppingFloor,14:08:00,14:08:52
v_MoppingFloor_g08_c02.avi,MoppingFloor,15:37:51,15:38:58
v_MoppingFloor_g08_c03.avi,MoppingFloor,18:37:33,18:38:29
v_MoppingFloor_g08_c04.avi,MoppingFloor,15:52:28,15:52:42
v_MoppingFloor_g09_c01.avi,MoppingFloor,21:48:12,21:50:02
v_MoppingFloor_g09_c03.avi,MoppingFloor,12:23:36,12:24:24
v_MoppingFloor_g09_c04.avi,MoppingFloor,18:47:44,18:48:52
v_MoppingFloor_g10_c01.avi,MoppingFloor,09:36:19,09:36:45
v_MoppingFloor_g10_c02.avi,MoppingFloor,16:36:58,16:37:10
v_MoppingFloor_g10_c03.avi,MoppingFloor,21:25:45,21:26:13
v_MoppingFloor_g10_c04.avi,MoppingFloor,09:46:30,09:47:12
v_MoppingFloor_g11_c01.avi,MoppingFloor,13:54:55,13:55:25
v_MoppingFloor_g11_c02.avi,MoppingFloor,16:20:25,16:21:43
v_MoppingFloor_g11_c04.avi,MoppingFloor,17:52:02,17:52:40
v_MoppingFloor_g12_c01.avi,MoppingFloor,20:56:27,20:57:57
v_MoppingFloor_g12_c02.avi,MoppingFloor,06:49:35,06:50:12
v_MoppingFloor_g12_c03.avi,MoppingFloor,12:33:53,12:34:51
v_MoppingFloor_g12_c04.avi,MoppingFloor,21:06:48,21:08:41
v_MoppingFloor_g13_c01.avi,MoppingFloor,08:11:02,08:12:44
v_MoppingFloor_g13_c02.avi,MoppingFloor,22:25:49,22:26:47
v_MoppingFloor_g13_c03.avi,MoppingFloor,14:38:13,14:38:34
v_MoppingFloor_g14_c01.avi,MoppingFloor,15:44:19,15:45:22
v_MoppingFloor_g14_c02.avi,MoppingFloor,14:03:55,14:04:47
v_MoppingFloor_g14_c03.avi,MoppingFloor,15:49:10,15:50:48
v_MoppingFloor_g14_c04.avi,MoppingFloor,11:29:27,11:31:15
v_MoppingFloor_g15_c01.avi,MoppingFloor,22:27:14,22:27:51
v_MoppingFloor_g15_c02.avi,MoppingFloor,10:41:09,10:41:50
v_MoppingFloor_g15_c03.avi,MoppingFloor,15:40:48,15:41:37
v_MoppingFloor_g15_c04.avi,MoppingFloor,10:46:32,10:47:25
v_MoppingFloor_g16_c02.avi,MoppingFloor,12:24:22,12:25:55
v_MoppingFloor_g16_c03.avi,MoppingFloor,07:10:54,07:11:29
v_MoppingFloor_g16_c04.avi,MoppingFloor,07:50:04,07:51:52
v_MoppingFloor_g17_c01.avi,MoppingFloor,18:56:52,18:58:48
v_MoppingFloor_g17_c02.avi,MoppingFloor,20:24:33,20:25:20
v_MoppingFloor_g17_c03.avi,MoppingFloor,14:18:30,14:19:49
v_MoppingFloor_g17_c04.avi,MoppingFloor,17:17:46,17:18:07
v_MoppingFloor_g17_c05.avi,MoppingFloor,17:56:34,17:57:11
v_MoppingFloor_g18_c01.avi,MoppingFloor,15:08:19,15:09:19
v_MoppingFloor_g18_c02.avi,MoppingFloor,18:24:47,18:25:25
v_MoppingFloor_g18_c03.avi,MoppingFloor,19:38:56,19:39:43
v_MoppingFloor_g18_c04.avi,MoppingFloor,10:00:50,10:02:40
v_MoppingFloor_g18_c05.avi,MoppingFloor,21:01:49,21:03:25
v_MoppingFloor_g18_c06.avi,MoppingFloor,13:42:01,13:43:46
v_MoppingFloor_g19_c01.avi,MoppingFloor,21:05:48,21:07:46
v_MoppingFloor_g19_c02.avi,MoppingFloor,08:45:11,08:47:08
v_MoppingFloor_g19_c04.avi,MoppingFloor,07:48:44,07:49:52
v_MoppingFloor_g20_c01.avi,MoppingFloor,17:30:11,17:31:46
v_MoppingFloor_g20_c02.avi,MoppingFloor,10:37:58,10:38:11
v_MoppingFloor_g20_c03.avi,MoppingFloor,07:57:21,07:58:26
v_MoppingFloor_g20_c04.avi,MoppingFloor,17:48:26,17:50:03
v_MoppingFloor_g21_c01.avi,MoppingFloor,13:49:24,13:50:15
v_MoppingFloor_g21_c02.avi,MoppingFloor,11:20:34,11:20:57
v_MoppingFloor_g21_c03.avi,MoppingFloor,19:16:33,19:18:15
v_MoppingFloor_g21_c04.avi,MoppingFloor,17:41:31,17:42:22
v_MoppingFloor_g22_c01.avi,MoppingFloor,14:29:43,14:31:22
v_MoppingFloor_g22_c02.avi,MoppingFloor,22:52:12,22:54:02
v_MoppingFloor_g22_c03.avi,MoppingFloor,11:51:57,11:53:05
v_MoppingFloor_g22_c04.avi,MoppingFloor,17:23:43,17:24:41
v_MoppingFloor_g23_c01.avi,MoppingFloor,13:41:56,13:43:41
v_MoppingFloor_g23_c02.avi,MoppingFloor,10:09:52,10:11:34
v_MoppingFloor_g23_c03.avi,MoppingFloor,15:28:09,15:29:14
v_MoppingFloor_g23_c04.avi,MoppingFloor,20:52:22,20:53:29
v_MoppingFloor_g24_c01.avi,MoppingFloor,19:34:11,19:34:44
v_MoppingFloor_g24_c02.avi,MoppingFloor,12:15:21,12:16:21
v_MoppingFloor_g24_c03.avi,MoppingFloor,22:43:12,22:44:47
v_MoppingFloor_g24_c04.avi,MoppingFloor,11:58:08,11:59:20
v_MoppingFloor_g25_c01.avi,MoppingFloor,09:51:30,09:52:56
v_MoppingFloor_g25_c02.avi,MoppingFloor,16:40:11,16:41:33
v_MoppingFloor_g25_c03.avi,MoppingFloor,07:37:12,07:39:05
v_MoppingFloor_g25_c04.avi,MoppingFloor,22:07:48,22:09:24
v_ParallelBars_g01_c02.avi,ParallelBars,17:36:50,17:38:40
v_ParallelBars_g01_c03.avi,ParallelBars,20:25:13,20:25:24
v_ParallelBars_g01_c04.avi,ParallelBars,06:42:34,06:43:05
v_ParallelBars_g02_c01.avi,ParallelBars,16:54:17,16:55:44
v_ParallelBars_g02_c02.avi,ParallelBars,11:12:43,11:14:41
v_ParallelBars_g02_c03.avi,ParallelBars,17:31:03,17:32:59
v_ParallelBars_g02_c04.avi,ParallelBars,21:12:14,21:13:44
v_ParallelBars_g03_c01.avi,ParallelBars,10:51:32,10:52:39
v_ParallelBars_g03_c03.avi,ParallelBars,10:46:13,10:47:54
v_ParallelBars_g03_c04.avi,ParallelBars,09:05:09,09:06:39
v_ParallelBars_g04_c01.avi,ParallelBars,14:28:18,14:30:16
v_ParallelBars_g04_c02.avi,ParallelBars,18:52:55,18:54:08
v_ParallelBars_g04_c03.avi,ParallelBars,18:05:29,18:07:02
v_ParallelBars_g04_c04.avi,ParallelBars,22:15:54,22:16:19
v_ParallelBars_g04_c05.avi,ParallelBars,06:25:02,06:26:16
v_ParallelBars_g04_c06.avi,ParallelBars,11:27:12,11:29:08
v_ParallelBars_g05_c01.avi,ParallelBars,14:24:19,14:25:07
v_ParallelBars_g05_c02.avi,ParallelBars,07:33:30,07:33:46
v_ParallelBars_g05_c03.avi,ParallelBars,16:09:34,16:11:05
v_ParallelBars_g05_c04.avi,ParallelBars,20:31:41,20:33:09
v_ParallelBars_g05_c05.avi,ParallelBars,08:21:44,08:22:11
v_ParallelBars_g06_c01.avi,ParallelBars,19:57:41,19:58:20
v_ParallelBars_g06_c02.avi,ParallelBars,19:58:17,19:58:32
v_ParallelBars_g06_c03.avi,ParallelBars,08:28:56,08:30:53
v_ParallelBars_g06_c05.avi,ParallelBars,09:22:26,09:23:19
v_ParallelBars_g06_c06.avi,ParallelBars,07:35:03,07:36:40
v_ParallelBars_g06_c07.avi,ParallelBars,09:14:17,09:15:29
v_ParallelBars_g07_c01.avi,ParallelBars,17:24:09,17:25:10
v_ParallelBars_g07_c02.avi,ParallelBars,19:32:34,19:33:57
v_ParallelBars_g07_c03.avi,ParallelBars,08:23:48,08:25:12
v_ParallelBars_g07_c04.avi,ParallelBars,15:55:35,15:57:23
v_ParallelBars_g07_c05.avi,ParallelBars,22:08:51,22:09:10
v_ParallelBars_g08_c01.avi,ParallelBars,17:06:07,17:06:42
v_ParallelBars_g08_c02.avi,ParallelBars,21:03:30,21:04:57
v_ParallelBars_g08_c03.avi,ParallelBars,07:55:26,07:56:31
v_ParallelBars_g08_c04.avi,ParallelBars,16:34:06,16:35:11
v_ParallelBars_g08_c05.avi,ParallelBars,22:21:35,22:22:47
v_ParallelBars_g09_c01.avi,ParallelBars,10:53:29,10:54:59
v_ParallelBars_g09_c02.avi,ParallelBars,18:18:28,18:19:23
v_ParallelBars_g09_c03.avi,ParallelBars,20:07:18,20:08:49
v_ParallelBars_g09_c05.avi,ParallelBars,06:49:45,06:51:38
v_ParallelBars_g09_c06.avi,ParallelBars,12:41:40,12:41:58
v_ParallelBars_g10_c01.avi,ParallelBars,17:43:53,17:44:49
v_ParallelBars_g10_c02.avi,ParallelBars,22:15:33,22:17:07
v_ParallelBars_g10_c03.avi,ParallelBars,11:22:48,11:24:30
v_ParallelBars_g10_c04.avi,ParallelBars,21:49:43,21:50:46
v_ParallelBars_g11_c01.avi,ParallelBars,08:43:46,08:45:31
v_ParallelBars_g11_c02.avi,ParallelBars,10:12:09,10:13:55
v_ParallelBars_g11_c04.avi,ParallelBars,11:13:05,11:14:12
v_ParallelBars_g11_c05.avi,ParallelBars,11:50:31,11:51:05
v_ParallelBars_g11_c06.avi,ParallelBars,12:46:08,12:47:09
v_ParallelBars_g12_c01.avi,ParallelBars,22:31:12,22:31:54
v_ParallelBars_g12_c02.avi,ParallelBars,09:11:40,09:13:02
v_ParallelBars_g12_c03.avi,ParallelBars,08:25:44,08:26:17
v_ParallelBars_g12_c04.avi,ParallelBars,14:19:21,14:19:36
v_ParallelBars_g13_c01.avi,ParallelBars,09:16:53,09:18:20
v_ParallelBars_g13_c03.avi,ParallelBars,07:53:45,07:54:32
v_ParallelBars_g13_c04.avi,ParallelBars,22:18:20,22:18:49
v_ParallelBars_g14_c01.avi,ParallelBars,14:21:49,14:22:17
v_ParallelBars_g14_c02.avi,ParallelBars,13:13:23,13:14:27
v_ParallelBars_g14_c03.avi,ParallelBars,13:51:53,13:53:39
v_ParallelBars_g14_c04.avi,ParallelBars,10:30:32,10:30:52
v_ParallelBars_g15_c01.avi,ParallelBars,14:12:05,14:13:21
v_ParallelBars_g15_c02.avi,ParallelBars,17:44:00,17:45:04
v_ParallelBars_g15_c04.avi,ParallelBars,18:29:52,18:31:22
v_ParallelBars_g16_c01.avi,ParallelBars,18:18:23,18:20:22
v_ParallelBars_g16_c02.avi,ParallelBars,11:52:52,11:53:44
v_ParallelBars_g16_c03.avi,ParallelBars,09:26:14,09:28:06
v_ParallelBars_g16_c04.avi,ParallelBars,08:46:03,08:46:28
v_ParallelBars_g17_c01.avi,ParallelBars,18:38:55,18:40:17
v_ParallelBars_g17_c02.avi,ParallelBars,18:42:27,18:43:35
v_ParallelBars_g17_c03.avi,ParallelBars,11:27:50,11:29:40
v_ParallelBars_g18_c01.avi,ParallelBars,11:16:06,11:17:09
v_ParallelBars_g18_c02.avi,ParallelBars,10:34:27,10:36:07
v_ParallelBars_g18_c03.avi,ParallelBars,16:41:02,16:42:30
v_ParallelBars_g18_c04.avi,ParallelBars,14:03:18,14:03:32
v_ParallelBars_g19_c01.avi,ParallelBars,13:23:20,13:25:04
v_ParallelBars_g19_c02.avi,ParallelBars,22:02:26,22:03:34
v_ParallelBars_g19_c03.avi,ParallelBars,06:59:11,07:00:44
v_ParallelBars_g19_c04.avi,ParallelBars,11:04:23,11:05:07
v_ParallelBars_g20_c02.avi,ParallelBars,13:42:11,13:42:54
v_ParallelBars_g20_c03.avi,ParallelBars,15:33:46,15:35:10
v_ParallelBars_g20_c04.avi,ParallelBars,13:14:22,13:15:23
v_ParallelBars_g21_c01.avi,ParallelBars,15:33:34,15:33:58
v_ParallelBars_g21_c02.avi,ParallelBars,14:53:46,14:55:45
v_ParallelBars_g21_c03.avi,ParallelBars,12:36:50,12:37:17
v_ParallelBars_g21_c04.avi,ParallelBars,06:13:36,06:14:39
v_ParallelBars_g22_c01.avi,ParallelBars,06:38:40,06:39:10
v_ParallelBars_g22_c03.avi,ParallelBars,07:56:19,07:57:15
v_ParallelBars_g22_c04.avi,ParallelBars,14:42:53,14:44:37
v_ParallelBars_g23_c02.avi,ParallelBars,06:24:30,06:26:15
v_ParallelBars_g23_c03.avi,ParallelBars,13:42:17,13:43:13
v_ParallelBars_g23_c04.avi,ParallelBars,08:06:51,08:07:42
v_ParallelBars_g24_c01.avi,ParallelBars,20:54:40,20:56:29
v_ParallelBars_g24_c02.avi,ParallelBars,10:34:58,10:35:14
v_ParallelBars_g24_c04.avi,ParallelBars,11:03:57,11:04:26
v_ParallelBars_g25_c01.avi,ParallelBars,10:39:55,10:41:19
v_ParallelBars_g25_c02.avi,ParallelBars,13:36:58,13:38:05
v_ParallelBars_g25_c03.avi,ParallelBars,11:22:16,11:22:42
v_ParallelBars_g25_c04.avi,ParallelBars,22:46:57,22:48:12
v_PlayingCello_g01_c01.avi,PlayingCello,13:53:47,13:54:27
v_PlayingCello_g01_c03.avi,PlayingCello,07:40:12,07:42:07
v_PlayingCello_g01_c07.avi,PlayingCello,16:42:58,16:43:15
v_PlayingCello_g02_c03.avi,PlayingCello,09:52:53,09:54:11
v_PlayingCello_g02_c06.avi,PlayingCello,22:04:57,22:05:35
v_PlayingCello_g02_c07.avi,PlayingCello,17:54:27,17:55:11
v_PlayingCello_g03_c02.avi,PlayingCello,16:34:18,16:34:53
v_PlayingCello_g03_c03.avi,PlayingCello,18:41:55,18:43:01
v_PlayingCello_g04_c03.avi,PlayingCello,18:09:25,18:10:46
v_PlayingCello_g04_c04.avi,PlayingCello,07:18:26,07:20:12
v_PlayingCello_g05_c02.avi,PlayingCello,12:13:17,12:13:36
v_PlayingCello_g05_c03.avi,PlayingCello,20:31:52,20:32:59
v_PlayingCello_g05_c04.avi,PlayingCello,12:47:02,12:48:26
v_PlayingCello_g05_c07.avi,PlayingCello,14:00:02,14:00:36
v_PlayingCello_g06_c01.avi,PlayingCello,18:46:47,18:47:26
v_PlayingCello_g06_c02.avi,PlayingCello,08:48:32,08:48:53
v_PlayingCello_g06_c03.avi,PlayingCello,07:49:22,07:51:17
v_PlayingCello_g06_c04.avi,PlayingCello,12:22:38,12:23:05
v_PlayingCello_g07_c03.avi,PlayingCello,10:33:45,10:34:09
v_PlayingCello_g07_c04.avi,PlayingCello,09:23:02,09:24:46
v_PlayingCello_g07_c05.avi,PlayingCello,15:29:19,15:30:18
v_PlayingCello_g08_c03.avi,PlayingCello,13:27:16,13:28:46
v_PlayingCello_g09_c02.avi,PlayingCello,13:37:26,13:38:16
v_PlayingCello_g09_c03.avi,PlayingCello,15:50:45,15:51:03
v_PlayingCello_g09_c04.avi,PlayingCello,06:31:16,06:32:32
v_PlayingCello_g09_c05.avi,PlayingCello,06:18:01,06:18:16
v_PlayingCello_g09_c06.avi,PlayingCello,15:03:35,15:04:01
v_PlayingCello_g10_c03.avi,PlayingCello,08:05:48,08:06:41
v_PlayingCello_g10_c05.avi,PlayingCello,15:01:52,15:03:22
v_PlayingCello_g10_c06.avi,PlayingCello,12:40:47,12:42:17
v_PlayingCello_g11_c01.avi,PlayingCello,22:35:51,22:36:55
v_PlayingCello_g11_c03.avi,PlayingCello,09:41:04,09:41:28
v_PlayingCello_g11_c04.avi,PlayingCello,21:44:59,21:46:12
v_PlayingCello_g11_c05.avi,PlayingCello,21:19:20,21:20:52
v_PlayingCello_g11_c06.avi,PlayingCello,09:36:26,09:36:40
v_PlayingCello_g12_c01.avi,PlayingCello,15:05:20,15:06:16
v_PlayingCello_g12_c02.avi,PlayingCello,15:32:05,15:33:00
v_PlayingCello_g12_c03.avi,PlayingCello,10:38:17,10:39:13
v_PlayingCello_g12_c06.avi,PlayingCello,21:21:36,21:22:48
v_PlayingCello_g12_c07.avi,PlayingCello,07:59:58,08:00:09
v_PlayingCello_g13_c01.avi,PlayingCello,15:00:34,15:02:22
v_PlayingCello_g13_c02.avi,PlayingCello,11:36:08,11:36:27
v_PlayingCello_g13_c04.avi,PlayingCello,06:01:36,06:01:54
v_PlayingCello_g13_c05.avi,PlayingCello,22:01:44,22:02:29
v_PlayingCello_g13_c07.avi,PlayingCello,07:38:29,07:39:20
v_PlayingCello_g14_c01.avi,PlayingCello,06:23:19,06:25:11
v_PlayingCello_g14_c03.avi,PlayingCello,15:23:14,15:24:00
v_PlayingCello_g14_c04.avi,PlayingCello,20:06:51,20:07:48
v_PlayingCello_g15_c01.avi,PlayingCello,09:28:05,09:28:30
v_PlayingCello_g15_c03.avi,PlayingCello,13:04:12,13:06:06
v_PlayingCello_g15_c05.avi,PlayingCello,10:29:20,10:30:09
v_PlayingCello_g15_c06.avi,PlayingCello,16:46:02,16:47:46
v_PlayingCello_g15_c07.avi,PlayingCello,22:40:51,22:42:14
v_PlayingCello_g16_c01.avi,PlayingCello,20:59:35,21:01:22
v_PlayingCello_g16_c03.avi,PlayingCello,09:55:40,09:56:48
v_PlayingCello_g16_c04.avi,PlayingCello,19:44:59,19:45:46
v_PlayingCello_g16_c07.avi,PlayingCello,18:44:14,18:45:23
v_PlayingCello_g17_c01.avi,PlayingCello,11:48:02,11:49:35
v_PlayingCello_g17_c02.avi,PlayingCello,18:50:07,18:51:49
v_PlayingCello_g17_c03.avi,PlayingCello,22:37:16,22:37:30
v_PlayingCello_g17_c04.avi,PlayingCello,07:07:42,07:08:35
v_PlayingCello_g17_c05.avi,PlayingCello,22:49:18,22:51:12
v_PlayingCello_g17_c07.avi,PlayingCello,10:51:54,10:52:33
v_PlayingCello_g18_c03.avi,PlayingCello,11:47:29,11:49:15
v_PlayingCello_g18_c04.avi,PlayingCello,15:27:46,15:28:38
v_PlayingCello_g18_c05.avi,PlayingCello,06:38:01,06:39:09
v_PlayingCello_g18_c06.avi,PlayingCello,15:16:19,15:16:53
v_PlayingCello_g18_c07.avi,PlayingCello,09:03:53,09:04:14
v_PlayingCello_g19_c01.avi,PlayingCello,22:09:00,22:10:36
v_PlayingCello_g19_c02.avi,PlayingCello,17:37:59,17:39:40
v_PlayingCello_g19_c06.avi,PlayingCello,13:44:53,13:46:48
v_PlayingCello_g19_c07.avi,PlayingCello,07:33:48,07:34:51
v_PlayingCello_g20_c01.avi,PlayingCello,06:30:02,06:30:24
v_PlayingCello_g20_c02.avi,PlayingCello,16:19:57,16:21:26
v_PlayingCello_g20_c03.avi,PlayingCello,15:59:09,16:00:46
v_PlayingCello_g20_c04.avi,PlayingCello,09:05:12,09:06:02
v_PlayingCello_g20_c06.avi,PlayingCello,07:24:13,07:25:11
v_PlayingCello_g20_c07.avi,PlayingCello,15:46:45,15:48:22
v_PlayingCello_g21_c03.avi,PlayingCello,17:09:19,17:10:57
v_PlayingCello_g21_c04.avi,PlayingCello,19:05:32,19:06:15
v_PlayingCello_g21_c05.avi,PlayingCello,19:33:54,19:34:24
v_PlayingCello_g22_c01.avi,PlayingCello,13:05:26,13:05:38
v_PlayingCello_g22_c03.avi,PlayingCello,11:17:25,11:17:45
v_PlayingCello_g22_c04.avi,PlayingCello,07:58:55,07:59:56
v_PlayingCello_g22_c05.avi,PlayingCello,17:44:18,17:45:26
v_PlayingCello_g22_c07.avi,PlayingCello,12:56:18,12:57:24
v_PlayingCello_g23_c02.avi,PlayingCello,18:08:11,18:08:39
v_PlayingCello_g23_c03.avi,PlayingCello,20:33:18,20:35:08
v_PlayingCello_g23_c05.avi,PlayingCello,20:50:16,20:52:01
v_PlayingCello_g23_c06.avi,PlayingCello,06:49:26,06:49:57
v_PlayingCello_g23_c07.avi,PlayingCello,22:25:26,22:27:12
v_PlayingCello_g24_c01.avi,PlayingCello,07:41:16,07:42:04
v_PlayingCello_g24_c03.avi,PlayingCello,15:31:34,15:31:47
v_PlayingCello_g24_c04.avi,PlayingCello,18:31:29,18:33:24
v_PlayingCello_g24_c07.avi,PlayingCello,11:49:16,11:50:02
v_PlayingCello_g25_c01.avi,PlayingCello,15:24:38,15:25:45
v_PlayingCello_g25_c02.avi,PlayingCello,13:47:44,13:49:11
v_PlayingCello_g25_c03.avi,PlayingCello,07:48:59,07:49:29
v_PlayingCello_g25_c04.avi,PlayingCello,10:07:47,10:08:30
v_PlayingCello_g25_c06.avi,PlayingCello,22:01:56,22:03:41
v_PlayingTabla_g01_c01.avi,PlayingTabla,07:08:00,07:08:30
v_PlayingTabla_g01_c02.avi,PlayingTabla,19:06:52,19:08:43
v_PlayingTabla_g01_c03.avi,PlayingTabla,20:51:21,20:52:53
v_PlayingTabla_g01_c04.avi,PlayingTabla,16:20:09,16:20:28
v_PlayingTabla_g02_c01.avi,PlayingTabla,15:43:15,15:44:37
v_PlayingTabla_g02_c02.avi,PlayingTabla,18:17:17,18:17:32
v_PlayingTabla_g02_c03.avi,PlayingTabla,10:46:52,10:47:43
v_PlayingTabla_g02_c04.avi,PlayingTabla,07:16:36,07:17:56
v_PlayingTabla_g03_c01.avi,PlayingTabla,15:15:21,15:16:26
v_PlayingTabla_g03_c02.avi,PlayingTabla,13:30:58,13:32:54
v_PlayingTabla_g04_c01.avi,PlayingTabla,22:16:16,22:16:40
v_PlayingTabla_g04_c02.avi,PlayingTabla,22:06:48,22:07:43
v_PlayingTabla_g04_c04.avi,PlayingTabla,15:22:46,15:23:45
v_PlayingTabla_g04_c05.avi,PlayingTabla,15:21:40,15:22:02
v_PlayingTabla_g04_c06.avi,PlayingTabla,06:59:44,07:01:30
v_PlayingTabla_g05_c01.avi,PlayingTabla,22:30:18,22:30:36
v_PlayingTabla_g05_c02.avi,PlayingTabla,16:16:00,16:17:27
v_PlayingTabla_g05_c03.avi,PlayingTabla,17:36:28,17:38:12
v_PlayingTabla_g05_c04.avi,PlayingTabla,20:02:32,20:03:49
v_PlayingTabla_g06_c03.avi,PlayingTabla,07:31:45,07:33:12
v_PlayingTabla_g06_c04.avi,PlayingTabla,20:51:03,20:52:03
v_PlayingTabla_g07_c02.avi,PlayingTabla,16:03:49,16:04:52
v_PlayingTabla_g07_c03.avi,PlayingTabla,22:50:14,22:51:30
v_PlayingTabla_g07_c04.avi,PlayingTabla,18:49:01,18:50:38
v_PlayingTabla_g08_c01.avi,PlayingTabla,12:41:24,12:42:09
v_PlayingTabla_g08_c02.avi,PlayingTabla,14:36:21,14:38:09
v_PlayingTabla_g08_c03.avi,PlayingTabla,18:11:57,18:12:55
v_PlayingTabla_g08_c04.avi,PlayingTabla,14:14:25,14:15:44
v_PlayingTabla_g09_c01.avi,PlayingTabla,22:12:21,22:13:40
v_PlayingTabla_g09_c02.avi,PlayingTabla,06:17:42,06:18:59
v_PlayingTabla_g09_c03.avi,PlayingTabla,17:12:06,17:13:18
v_PlayingTabla_g09_c04.avi,PlayingTabla,09:05:11,09:05:26
v_PlayingTabla_g09_c05.avi,PlayingTabla,11:56:11,11:56:45
v_PlayingTabla_g10_c01.avi,PlayingTabla,07:24:40,07:24:56
v_PlayingTabla_g10_c02.avi,PlayingTabla,07:33:40,07:34:31
v_PlayingTabla_g10_c03.avi,PlayingTabla,14:02:59,14:04:16
v_PlayingTabla_g10_c04.avi,PlayingTabla,13:54:39,13:55:11
v_PlayingTabla_g10_c05.avi,PlayingTabla,07:44:44,07:45:14
v_PlayingTabla_g11_c01.avi,PlayingTabla,10:58:46,11:00:38
v_PlayingTabla_g11_c02.avi,PlayingTabla,10:31:53,10:32:36
v_PlayingTabla_g11_c03.avi,PlayingTabla,12:58:05,12:58:21
v_PlayingTabla_g11_c04.avi,PlayingTabla,11:52:01,11:53:56
v_PlayingTabla_g12_c01.avi,PlayingTabla,12:16:08,12:17:58
v_PlayingTabla_g12_c02.avi,PlayingTabla,19:40:41,19:41:27
v_PlayingTabla_g12_c03.avi,PlayingTabla,08:41:50,08:42:52
v_PlayingTabla_g12_c04.avi,PlayingTabla,08:50:55,08:52:32
v_PlayingTabla_g12_c05.avi,PlayingTabla,19:33:24,19:34:07
v_PlayingTabla_g13_c01.avi,PlayingTabla,22:12:22,22:14:21
v_PlayingTabla_g13_c02.avi,PlayingTabla,09:45:22,09:46:18
v_PlayingTabla_g13_c03.avi,PlayingTabla,22:22:17,22:22:28
v_PlayingTabla_g13_c04.avi,PlayingTabla,09:43:33,09:45:30
v_PlayingTabla_g13_c05.avi,PlayingTabla,12:54:10,12:54:43
v_PlayingTabla_g14_c01.avi,PlayingTabla,12:04:58,12:06:57
v_PlayingTabla_g14_c02.avi,PlayingTabla,22:45:38,22:46:28
v_PlayingTabla_g14_c03.avi,PlayingTabla,15:15:03,15:15:14
v_PlayingTabla_g14_c04.avi,PlayingTabla,20:12:36,20:14:17
v_PlayingTabla_g15_c01.avi,PlayingTabla,13:35:56,13:37:40
v_PlayingTabla_g15_c02.avi,PlayingTabla,06:46:48,06:48:09
v_PlayingTabla_g15_c03.avi,PlayingTabla,11:05:27,11:05:55
v_PlayingTabla_g15_c04.avi,PlayingTabla,10:06:48,10:07:47
v_PlayingTabla_g16_c01.avi,PlayingTabla,10:19:43,10:20:59
v_PlayingTabla_g16_c02.avi,PlayingTabla,10:35:16,10:36:19
v_PlayingTabla_g16_c03.avi,PlayingTabla,08:04:03,08:05:45
v_PlayingTabla_g16_c04.avi,PlayingTabla,20:57:29,20:59:24
v_PlayingTabla_g16_c05.avi,PlayingTabla,07:26:23,07:27:15
v_PlayingTabla_g17_c01.avi,PlayingTabla,16:07:37,16:08:49
v_PlayingTabla_g17_c03.avi,PlayingTabla,20:09:49,20:11:06
v_PlayingTabla_g17_c04.avi,PlayingTabla,12:12:47,12:13:44
v_PlayingTabla_g18_c01.avi,PlayingTabla,10:58:38,10:58:50
v_PlayingTabla_g18_c02.avi,PlayingTabla,11:30:22,11:31:43
v_PlayingTabla_g18_c03.avi,PlayingTabla,08:55:51,08:56:01
v_PlayingTabla_g18_c04.avi,PlayingTabla,21:34:18,21:35:57
v_PlayingTabla_g18_c05.avi,PlayingTabla,11:40:29,11:41:49
v_PlayingTabla_g18_c06.avi,PlayingTabla,18:36:03,18:36:17
v_PlayingTabla_g19_c01.avi,PlayingTabla,21:48:11,21:48:57
v_PlayingTabla_g19_c02.avi,PlayingTabla,19:22:08,19:22:52
v_PlayingTabla_g19_c03.avi,PlayingTabla,07:57:59,07:59:30
v_PlayingTabla_g19_c04.avi,PlayingTabla,15:05:53,15:07:01
v_PlayingTabla_g20_c01.avi,PlayingTabla,22:45:54,22:47:16
v_PlayingTabla_g20_c02.avi,PlayingTabla,17:32:02,17:33:44
v_PlayingTabla_g20_c03.avi,PlayingTabla,10:23:13,10:24:43
v_PlayingTabla_g20_c04.avi,PlayingTabla,20:23:20,20:24:51
v_PlayingTabla_g21_c01.avi,PlayingTabla,22:14:35,22:16:11
v_PlayingTabla_g21_c02.avi,PlayingTabla,20:44:46,20:46:24
v_PlayingTabla_g21_c03.avi,PlayingTabla,19:57:30,19:58:17
v_PlayingTabla_g21_c04.avi,PlayingTabla,17:43:22,17:44:22
v_PlayingTabla_g22_c01.avi,PlayingTabla,15:55:51,15:57:23
v_PlayingTabla_g22_c02.avi,PlayingTabla,16:01:49,16:02:23
v_PlayingTabla_g22_c03.avi,PlayingTabla,21:52:58,21:53:21
v_PlayingTabla_g22_c04.avi,PlayingTabla,14:52:02,14:53:12
v_PlayingTabla_g23_c01.avi,PlayingTabla,11:57:59,11:58:12
v_PlayingTabla_g23_c02.avi,PlayingTabla,09:18:34,09:18:53
v_PlayingTabla_g23_c03.avi,PlayingTabla,17:54:35,17:56:22
v_PlayingTabla_g23_c04.avi,PlayingTabla,08:47:02,08:47:38
v_PlayingTabla_g24_c04.avi,PlayingTabla,16:44:01,16:44:28
v_PlayingTabla_g25_c01.avi,PlayingTabla,20:34:02,20:35:53
v_PlayingTabla_g25_c02.avi,PlayingTabla,06:30:02,06:31:16
v_PlayingTabla_g25_c03.avi,PlayingTabla,21:15:16,21:16:20
v_PlayingTabla_g25_c04.avi,PlayingTabla,16:01:23,16:02:54
v_PlayingTabla_g25_c05.avi,PlayingTabla,22:03:01,22:03:11
v_PommelHorse_g01_c01.avi,PommelHorse,06:30:55,06:32:15
v_PommelHorse_g01_c03.avi,PommelHorse,08:46:58,08:47:14
v_PommelHorse_g01_c04.avi,PommelHorse,10:28:27,10:30:20
v_PommelHorse_g01_c05.avi,PommelHorse,14:11:57,14:12:53
v_PommelHorse_g01_c06.avi,PommelHorse,13:13:06,13:13:29
v_PommelHorse_g01_c07.avi,PommelHorse,07:51:24,07:52:06
v_PommelHorse_g02_c01.avi,PommelHorse,17:27:16,17:28:34
v_PommelHorse_g02_c02.avi,PommelHorse,18:04:45,18:06:03
v_PommelHorse_g02_c03.avi,PommelHorse,12:43:04,12:43:36
v_PommelHorse_g03_c01.avi,PommelHorse,08:03:32,08:03:48
v_PommelHorse_g03_c02.avi,PommelHorse,12:08:38,12:10:15
v_PommelHorse_g03_c03.avi,PommelHorse,17:59:13,18:00:35
v_PommelHorse_g03_c04.avi,PommelHorse,22:43:16,22:43:32
v_PommelHorse_g04_c01.avi,PommelHorse,18:17:22,18:19:05
v_PommelHorse_g04_c02.avi,PommelHorse,10:11:02,10:12:06
v_PommelHorse_g04_c03.avi,PommelHorse,19:46:08,19:46:20
v_PommelHorse_g04_c04.avi,PommelHorse,06:39:05,06:40:41
v_PommelHorse_g05_c01.avi,PommelHorse,17:55:22,17:56:05
v_PommelHorse_g05_c02.avi,PommelHorse,06:17:07,06:17:40
v_PommelHorse_g05_c03.avi,PommelHorse,13:43:56,13:45:53
v_PommelHorse_g05_c04.avi,PommelHorse,06:04:48,06:06:21
v_PommelHorse_g06_c01.avi,PommelHorse,14:11:58,14:13:00
v_PommelHorse_g06_c02.avi,PommelHorse,17:29:07,17:30:13
v_PommelHorse_g06_c03.avi,PommelHorse,22:17:51,22:19:05
v_PommelHorse_g06_c04.avi,PommelHorse,18:25:10,18:25:31
v_PommelHorse_g07_c02.avi,PommelHorse,16:46:49,16:48:47
v_PommelHorse_g07_c03.avi,PommelHorse,15:30:38,15:30:54
v_PommelHorse_g07_c04.avi,PommelHorse,07:05:31,07:05:53
v_PommelHorse_g07_c05.avi,PommelHorse,20:06:37,20:08:16
v_PommelHorse_g07_c07.avi,PommelHorse,06:23:00,06:23:39
v_PommelHorse_g08_c01.avi,PommelHorse,08:43:03,08:43:24
v_PommelHorse_g08_c02.avi,PommelHorse,20:44:08,20:45:52
v_PommelHorse_g08_c04.avi,PommelHorse,14:39:27,14:39:54
v_PommelHorse_g09_c01.avi,PommelHorse,19:55:47,19:57:22
v_PommelHorse_g09_c02.avi,PommelHorse,06:53:18,06:55:16
v_PommelHorse_g09_c03.avi,PommelHorse,10:25:10,10:25:33
v_PommelHorse_g09_c04.avi,PommelHorse,18:22:39,18:24:31
v_PommelHorse_g10_c02.avi,PommelHorse,06:19:57,06:20:17
v_PommelHorse_g10_c03.avi,PommelHorse,20:49:06,20:49:47
v_PommelHorse_g11_c01.avi,PommelHorse,20:47:50,20:48:32
v_PommelHorse_g11_c02.avi,PommelHorse,16:39:27,16:39:37
v_PommelHorse_g11_c03.avi,PommelHorse,16:29:08,16:29:49
v_PommelHorse_g11_c04.avi,PommelHorse,19:17:56,19:18:41
v_PommelHorse_g12_c01.avi,PommelHorse,19:27:54,19:29:18
v_PommelHorse_g12_c02.avi,PommelHorse,12:29:52,12:30:52
v_PommelHorse_g12_c04.avi,PommelHorse,19:41:11,19:42:32
v_PommelHorse_g12_c06.avi,PommelHorse,08:08:23,08:09:09
v_PommelHorse_g12_c07.avi,PommelHorse,21:00:29,21:02:23
v_PommelHorse_g13_c01.avi,PommelHorse,12:06:35,12:08:29
v_PommelHorse_g13_c02.avi,PommelHorse,21:28:57,21:30:10
v_PommelHorse_g13_c03.avi,PommelHorse,06:03:41,06:05:37
v_PommelHorse_g13_c04.avi,PommelHorse,22:49:08,22:50:46
v_PommelHorse_g13_c05.avi,PommelHorse,14:57:31,14:58:58
v_PommelHorse_g14_c01.avi,PommelHorse,09:08:23,09:09:29
v_PommelHorse_g14_c02.avi,PommelHorse,17:58:26,17:59:00
v_PommelHorse_g14_c03.avi,PommelHorse,11:19:55,11:21:16
v_PommelHorse_g14_c04.avi,PommelHorse,22:45:05,22:47:03
v_PommelHorse_g15_c01.avi,PommelHorse,09:18:38,09:19:07
v_PommelHorse_g15_c02.avi,PommelHorse,18:51:42,18:53:12
v_PommelHorse_g15_c03.avi,PommelHorse,18:08:14,18:08:24
v_PommelHorse_g15_c04.avi,PommelHorse,09:17:18,09:18:25
v_PommelHorse_g16_c03.avi,PommelHorse,19:08:48,19:09:14
v_PommelHorse_g16_c04.avi,PommelHorse,11:52:04,11:53:24
v_PommelHorse_g17_c01.avi,PommelHorse,17:53:57,17:54:56
v_PommelHorse_g17_c02.avi,PommelHorse,20:15:30,20:16:16
v_PommelHorse_g17_c03.avi,PommelHorse,08:16:00,08:17:25
v_PommelHorse_g17_c04.avi,PommelHorse,07:38:05,07:38:46
v_PommelHorse_g17_c05.avi,PommelHorse,12:39:54,12:41:32
v_PommelHorse_g18_c01.avi,PommelHorse,22:22:57,22:23:18
v_PommelHorse_g18_c03.avi,PommelHorse,21:42:20,21:42:49
v_PommelHorse_g18_c04.avi,PommelHorse,22:26:40,22:27:48
v_PommelHorse_g19_c01.avi,PommelHorse,15:36:14,15:37:03
v_PommelHorse_g19_c02.avi,PommelHorse,21:47:42,21:49:04
v_PommelHorse_g19_c03.avi,PommelHorse,21:36:38,21:37:17
v_PommelHorse_g19_c04.avi,PommelHorse,20:40:33,20:42:24
v_PommelHorse_g19_c06.avi,PommelHorse,22:35:44,22:37:35
v_PommelHorse_g20_c01.avi,PommelHorse,16:17:56,16:19:05
v_PommelHorse_g20_c03.avi,PommelHorse,19:38:56,19:40:24
v_PommelHorse_g20_c04.avi,PommelHorse,15:59:49,16:00:26
v_PommelHorse_g20_c05.avi,PommelHorse,06:13:21,06:13:58
v_PommelHorse_g20_c06.avi,PommelHorse,15:45:34,15:46:48
v_PommelHorse_g20_c07.avi,PommelHorse,13:26:10,13:27:56
v_PommelHorse_g21_c02.avi,PommelHorse,21:47:26,21:49:17
v_PommelHorse_g21_c03.avi,PommelHorse,14:08:50,14:10:42
v_PommelHorse_g21_c04.avi,PommelHorse,19:25:22,19:25:50
v_PommelHorse_g22_c02.avi,PommelHorse,09:12:54,09:13:30
v_PommelHorse_g22_c03.avi,PommelHorse,14:40:44,14:42:13
v_PommelHorse_g22_c04.avi,PommelHorse,16:02:18,16:03:44
v_PommelHorse_g22_c05.avi,PommelHorse,08:52:10,08:52:24
v_PommelHorse_g22_c07.avi,PommelHorse,19:17:56,19:19:53
v_PommelHorse_g23_c01.avi,PommelHorse,22:08:31,22:09:46
v_PommelHorse_g23_c02.avi,PommelHorse,11:19:41,11:20:19
v_PommelHorse_g23_c03.avi,PommelHorse,16:44:52,16:45:22
v_PommelHorse_g24_c01.avi,PommelHorse,18:34:12,18:34:40
v_PommelHorse_g24_c02.avi,PommelHorse,21:51:24,21:51:53
v_PommelHorse_g24_c03.avi,PommelHorse,13:16:14,13:17:38
v_PommelHorse_g25_c01.avi,PommelHorse,18:43:25,18:45:25
v_PommelHorse_g25_c02.avi,PommelHorse,16:18:08,16:19:55
v_PommelHorse_g25_c03.avi,PommelHorse,15:36:10,15:38:07
v_PommelHorse_g25_c04.avi,PommelHorse,07:22:43,07:24:33
v_PullUps_g01_c01.avi,PullUps,13:06:14,13:06:51
v_PullUps_g01_c02.avi,PullUps,21:17:15,21:18:11
v_PullUps_g01_c03.avi,PullUps,11:05:31,11:06:16
v_PullUps_g01_c04.avi,PullUps,07:44:38,07:45:07
v_PullUps_g02_c01.avi,PullUps,06:27:33,06:28:19
v_PullUps_g02_c02.avi,PullUps,14:55:20,14:55:54
v_PullUps_g02_c03.avi,PullUps,07:59:51,08:01:22
v_PullUps_g02_c04.avi,PullUps,06:18:52,06:20:48
v_PullUps_g03_c01.avi,PullUps,08:19:17,08:20:20
v_PullUps_g03_c02.avi,PullUps,10:34:16,10:36:15
v_PullUps_g03_c03.avi,PullUps,16:53:10,16:54:42
v_PullUps_g03_c04.avi,PullUps,18:41:53,18:43:22
v_PullUps_g04_c01.avi,PullUps,13:17:36,13:18:07
v_PullUps_g04_c02.avi,PullUps,22:29:39,22:31:13
v_PullUps_g04_c03.avi,PullUps,10:25:21,10:27:14
v_PullUps_g04_c04.avi,PullUps,10:49:44,10:51:34
v_PullUps_g05_c01.avi,PullUps,11:29:50,11:31:28
v_PullUps_g05_c02.avi,PullUps,12:37:48,12:38:57
v_PullUps_g05_c03.avi,PullUps,10:24:30,10:25:33
v_PullUps_g05_c04.avi,PullUps,16:33:42,16:34:23
v_PullUps_g06_c01.avi,PullUps,10:04:06,10:05:35
v_PullUps_g06_c02.avi,PullUps,12:22:15,12:22:34
v_PullUps_g06_c03.avi,PullUps,15:49:23,15:50:52
v_PullUps_g06_c04.avi,PullUps,19:30:12,19:30:41
v_PullUps_g07_c01.avi,PullUps,20:09:40,20:10:29
v_PullUps_g07_c02.avi,PullUps,19:08:29,19:10:21
v_PullUps_g07_c03.avi,PullUps,22:38:54,22:39:30
v_PullUps_g07_c04.avi,PullUps,08:46:48,08:47:06
v_PullUps_g08_c01.avi,PullUps,20:43:35,20:44:07
v_PullUps_g08_c02.avi,PullUps,16:05:01,16:06:00
v_PullUps_g08_c03.avi,PullUps,15:57:03,15:58:08
v_PullUps_g08_c04.avi,PullUps,06:48:20,06:50:12
v_PullUps_g09_c01.avi,PullUps,06:09:40,06:10:03
v_PullUps_g09_c02.avi,PullUps,13:48:57,13:50:41
v_PullUps_g09_c03.avi,PullUps,14:27:24,14:27:46
v_PullUps_g09_c04.avi,PullUps,19:56:09,19:57:13
v_PullUps_g10_c01.avi,PullUps,06:01:52,06:02:59
v_PullUps_g10_c02.avi,PullUps,21:12:12,21:14:11
v_PullUps_g10_c03.avi,PullUps,12:16:16,12:17:21
v_PullUps_g10_c04.avi,PullUps,19:37:09,19:38:28
v_PullUps_g11_c01.avi,PullUps,10:12:33,10:13:55
v_PullUps_g11_c02.avi,PullUps,20:13:35,20:14:25
v_PullUps_g11_c03.avi,PullUps,19:04:36,19:05:34
v_PullUps_g11_c04.avi,PullUps,12:24:50,12:26:45
v_PullUps_g12_c01.avi,PullUps,19:18:24,19:18:55
v_PullUps_g12_c02.avi,PullUps,12:43:14,12:44:43
v_PullUps_g12_c03.avi,PullUps,14:46:56,14:47:39
v_PullUps_g12_c04.avi,PullUps,07:32:18,07:32:38
v_PullUps_g13_c01.avi,PullUps,14:49:21,14:51:13
v_PullUps_g13_c02.avi,PullUps,22:39:36,22:39:57
v_PullUps_g13_c03.avi,PullUps,09:15:53,09:16:09
v_PullUps_g13_c04.avi,PullUps,20:50:50,20:51:27
v_PullUps_g14_c01.avi,PullUps,14:21:37,14:22:11
v_PullUps_g14_c02.avi,PullUps,14:57:24,14:57:42
v_PullUps_g14_c03.avi,PullUps,09:55:34,09:56:14
v_PullUps_g14_c04.avi,PullUps,13:48:17,13:49:51
v_PullUps_g15_c01.avi,PullUps,06:38:57,06:39:27
v_PullUps_g15_c02.avi,PullUps,12:55:53,12:56:33
v_PullUps_g15_c03.avi,PullUps,17:28:00,17:28:58
v_PullUps_g15_c04.avi,PullUps,18:33:08,18:33:30
v_PullUps_g16_c01.avi,PullUps,20:20:26,20:21:23
v_PullUps_g16_c02.avi,PullUps,13:37:25,13:38:22
v_PullUps_g16_c03.avi,PullUps,06:46:49,06:47:21
v_PullUps_g16_c04.avi,PullUps,09:35:47,09:37:41
v_PullUps_g17_c01.avi,PullUps,14:28:51,14:30:28
v_PullUps_g17_c02.avi,PullUps,11:46:07,11:48:06
v_PullUps_g17_c03.avi,PullUps,18:16:43,18:17:04
v_PullUps_g17_c04.avi,PullUps,13:52:29,13:53:42
v_PullUps_g18_c01.avi,PullUps,07:01:19,07:01:50
v_PullUps_g18_c02.avi,PullUps,22:25:30,22:26:58
v_PullUps_g18_c03.avi,PullUps,16:46:33,16:47:03
v_PullUps_g18_c04.avi,PullUps,18:02:15,18:03:55
v_PullUps_g19_c01.avi,PullUps,07:23:09,07:24:42
v_PullUps_g19_c02.avi,PullUps,14:13:16,14:13:47
v_PullUps_g19_c03.avi,PullUps,09:05:48,09:06:18
v_PullUps_g19_c04.avi,PullUps,19:30:27,19:31:10
v_PullUps_g20_c01.avi,PullUps,10:33:52,10:35:21
v_PullUps_g20_c02.avi,PullUps,08:24:00,08:25:56
v_PullUps_g20_c03.avi,PullUps,06:09:21,06:09:49
v_PullUps_g20_c04.avi,PullUps,14:02:55,14:04:33
v_PullUps_g21_c01.avi,PullUps,14:19:03,14:20:58
v_PullUps_g21_c02.avi,PullUps,16:28:50,16:30:15
v_PullUps_g21_c03.avi,PullUps,10:18:15,10:20:03
v_PullUps_g21_c04.avi,PullUps,11:33:59,11:35:06
v_PullUps_g22_c01.avi,PullUps,15:25:32,15:27:00
v_PullUps_g22_c02.avi,PullUps,16:54:10,16:54:28
v_PullUps_g22_c03.avi,PullUps,07:52:45,07:53:36
v_PullUps_g22_c04.avi,PullUps,18:25:05,18:25:55
v_PullUps_g23_c01.avi,PullUps,22:20:16,22:21:36
v_PullUps_g23_c02.avi,PullUps,13:52:21,13:54:18
v_PullUps_g23_c03.avi,PullUps,20:08:48,20:09:39
v_PullUps_g23_c04.avi,PullUps,16:14:06,16:14:29
v_PullUps_g24_c01.avi,PullUps,08:28:59,08:30:41
v_PullUps_g24_c02.avi,PullUps,15:21:13,15:22:40
v_PullUps_g24_c03.avi,PullUps,10:27:13,10:29:04
v_PullUps_g24_c04.avi,PullUps,14:25:33,14:27:00
v_PullUps_g25_c01.avi,PullUps,06:53:38,06:54:21
v_PullUps_g25_c02.avi,PullUps,11:22:09,11:23:55
v_PullUps_g25_c03.avi,PullUps,13:17:33,13:17:54
v_PullUps_g25_c04.avi,PullUps,12:47:33,12:47:52
v_PushUps_g01_c01.avi,PushUps,19:07:49,19:08:38
v_PushUps_g01_c03.avi,PushUps,12:00:13,12:01:47
v_PushUps_g01_c04.avi,PushUps,15:32:25,15:33:48
v_PushUps_g01_c05.avi,PushUps,21:13:55,21:14:05
v_PushUps_g02_c01.avi,PushUps,17:56:02,17:56:46
v_PushUps_g02_c02.avi,PushUps,09:57:37,09:57:56
v_PushUps_g02_c03.avi,PushUps,08:01:24,08:02:47
v_PushUps_g02_c04.avi,PushUps,15:24:51,15:26:48
v_PushUps_g03_c01.avi,PushUps,09:39:39,09:41:05
v_PushUps_g03_c02.avi,PushUps,13:34:51,13:35:55
v_PushUps_g03_c03.avi,PushUps,17:06:17,17:06:31
v_PushUps_g03_c04.avi,PushUps,18:26:46,18:27:33
v_PushUps_g04_c02.avi,PushUps,10:37:37,10:38:05
v_PushUps_g04_c03.avi,PushUps,18:11:44,18:12:04
v_PushUps_g04_c04.avi,PushUps,07:10:21,07:12:00
v_PushUps_g04_c05.avi,PushUps,20:34:16,20:34:45
v_PushUps_g05_c01.avi,PushUps,13:45:38,13:47:17
v_PushUps_g05_c02.avi,PushUps,21:35:51,21:36:02
v_PushUps_g05_c03.avi,PushUps,22:54:45,22:56:22
v_PushUps_g05_c04.avi,PushUps,09:00:21,09:02:07
v_PushUps_g06_c01.avi,PushUps,18:58:34,18:59:50
v_PushUps_g06_c02.avi,PushUps,11:22:24,11:22:37
v_PushUps_g06_c03.avi,PushUps,06:00:01,06:01:22
v_PushUps_g06_c04.avi,PushUps,10:33:36,10:35:32
v_PushUps_g07_c01.avi,PushUps,20:49:11,20:50:12
v_PushUps_g07_c02.avi,PushUps,19:31:44,19:32:48
v_PushUps_g07_c03.avi,PushUps,17:04:37,17:06:00
v_PushUps_g07_c04.avi,PushUps,17:44:10,17:45:45
v_PushUps_g08_c01.avi,PushUps,08:04:02,08:05:52
v_PushUps_g08_c02.avi,PushUps,09:07:30,09:08:56
v_PushUps_g08_c03.avi,PushUps,16:37:10,16:38:47
v_PushUps_g08_c04.avi,PushUps,22:27:13,22:28:54
v_PushUps_g09_c01.avi,PushUps,08:36:25,08:36:53
v_PushUps_g09_c02.avi,PushUps,11:25:58,11:27:27
v_PushUps_g09_c03.avi,PushUps,12:30:06,12:30:47
v_PushUps_g09_c04.avi,PushUps,11:48:52,11:50:00
v_PushUps_g10_c01.avi,PushUps,18:31:24,18:32:27
v_PushUps_g10_c02.avi,PushUps,17:20:31,17:22:04
v_PushUps_g10_c03.avi,PushUps,07:27:50,07:29:20
v_PushUps_g10_c04.avi,PushUps,14:25:22,14:26:25
v_PushUps_g11_c01.avi,PushUps,11:19:04,11:20:16
v_PushUps_g11_c02.avi,PushUps,07:14:01,07:15:51
v_PushUps_g11_c03.avi,PushUps,08:21:29,08:23:04
v_PushUps_g11_c04.avi,PushUps,15:19:54,15:21:24
v_PushUps_g12_c01.avi,PushUps,10:18:54,10:20:35
v_PushUps_g12_c02.avi,PushUps,08:34:49,08:36:12
v_PushUps_g12_c03.avi,PushUps,12:30:17,12:32:09
v_PushUps_g12_c04.avi,PushUps,16:06:28,16:07:47
v_PushUps_g13_c01.avi,PushUps,06:09:04,06:10:51
v_PushUps_g13_c02.avi,PushUps,10:29:38,10:30:35
v_PushUps_g13_c03.avi,PushUps,15:34:55,15:35:39
v_PushUps_g13_c04.avi,PushUps,19:00:10,19:00:30
v_PushUps_g14_c01.avi,PushUps,13:20:20,13:20:37
v_PushUps_g14_c02.avi,PushUps,14:18:29,14:20:21
v_PushUps_g14_c03.avi,PushUps,22:35:03,22:35:53
v_PushUps_g14_c04.avi,PushUps,18:29:40,18:30:32
v_PushUps_g15_c01.avi,PushUps,11:28:07,11:29:43
v_PushUps_g15_c02.avi,PushUps,13:35:44,13:35:58
v_PushUps_g15_c03.avi,PushUps,17:27:04,17:27:25
v_PushUps_g15_c04.avi,PushUps,09:26:54,09:28:09
v_PushUps_g16_c01.avi,PushUps,06:03:19,06:03:42
v_PushUps_g16_c02.avi,PushUps,18:15:08,18:15:51
v_PushUps_g16_c03.avi,PushUps,18:02:57,18:03:12
v_PushUps_g16_c04.avi,PushUps,21:22:38,21:22:58
v_PushUps_g17_c01.avi,PushUps,17:29:38,17:30:34
v_PushUps_g17_c02.avi,PushUps,18:43:28,18:44:54
v_PushUps_g17_c03.avi,PushUps,08:12:37,08:13:10
v_PushUps_g17_c04.avi,PushUps,07:48:48,07:49:50
v_PushUps_g18_c01.avi,PushUps,09:30:20,09:31:56
v_PushUps_g18_c02.avi,PushUps,16:05:09,16:06:40
v_PushUps_g18_c03.avi,PushUps,10:50:37,10:52:34
v_PushUps_g18_c04.avi,PushUps,07:43:53,07:45:09
v_PushUps_g19_c01.avi,PushUps,07:36:38,07:36:59
v_PushUps_g19_c02.avi,PushUps,16:22:53,16:23:58
v_PushUps_g19_c03.avi,PushUps,11:59:27,12:00:16
v_PushUps_g19_c04.avi,PushUps,11:44:57,11:46:30
v_PushUps_g20_c01.avi,PushUps,08:50:24,08:52:06
v_PushUps_g20_c02.avi,PushUps,14:04:13,14:05:02
v_PushUps_g20_c03.avi,PushUps,06:00:30,06:01:19
v_PushUps_g20_c04.avi,PushUps,16:34:27,16:35:48
v_PushUps_g21_c01.avi,PushUps,20:11:13,20:11:28
v_PushUps_g21_c02.avi,PushUps,13:09:55,13:11:48
v_PushUps_g21_c03.avi,PushUps,19:02:03,19:02:47
v_PushUps_g21_c04.avi,PushUps,18:55:29,18:57:13
v_PushUps_g22_c01.avi,PushUps,15:15:00,15:15:47
v_PushUps_g22_c02.avi,PushUps,14:04:30,14:05:02
v_PushUps_g22_c03.avi,PushUps,09:35:03,09:36:29
v_PushUps_g22_c04.avi,PushUps,12:52:31,12:53:02
v_PushUps_g23_c01.avi,PushUps,22:46:40,22:47:29
v_PushUps_g23_c02.avi,PushUps,08:36:55,08:38:49
v_PushUps_g23_c03.avi,PushUps,19:32:16,19:34:11
v_PushUps_g23_c04.avi,PushUps,14:30:48,14:32:26
v_PushUps_g24_c01.avi,PushUps,13:25:08,13:26:51
v_PushUps_g24_c02.avi,PushUps,12:04:14,12:05:07
v_PushUps_g24_c03.avi,PushUps,16:12:23,16:13:22
v_PushUps_g24_c04.avi,PushUps,09:02:05,09:03:03
v_PushUps_g25_c01.avi,PushUps,19:09:04,19:10:15
v_PushUps_g25_c02.avi,PushUps,19:57:23,19:58:07
v_PushUps_g25_c03.avi,PushUps,22:37:20,22:38:17
v_PushUps_g25_c04.avi,PushUps,06:02:37,06:04:32
v_Rafting_g01_c01.avi,Rafting,10:18:15,10:19:39
v_Rafting_g01_c02.avi,Rafting,13:57:31,13:58:17
v_Rafting_g02_c01.avi,Rafting,21:19:46,21:20:00
v_Rafting_g02_c03.avi,Rafting,08:13:49,08:14:24
v_Rafting_g02_c04.avi,Rafting,16:07:22,16:08:49
v_Rafting_g03_c01.avi,Rafting,16:42:44,16:42:57
v_Rafting_g03_c02.avi,Rafting,13:36:26,13:37:00
v_Rafting_g03_c03.avi,Rafting,22:41:44,22:41:59
v_Rafting_g03_c04.avi,Rafting,13:02:06,13:02:44
v_Rafting_g04_c02.avi,Rafting,17:06:43,17:08:39
v_Rafting_g05_c01.avi,Rafting,08:04:59,08:06:27
v_Rafting_g05_c02.avi,Rafting,21:12:05,21:13:29
v_Rafting_g05_c03.avi,Rafting,20:37:37,20:38:47
v_Rafting_g05_c04.avi,Rafting,14:20:39,14:22:25
v_Rafting_g06_c01.avi,Rafting,07:17:49,07:18:41
v_Rafting_g06_c03.avi,Rafting,08:30:09,08:31:13
v_Rafting_g06_c04.avi,Rafting,18:16:36,18:18:15
v_Rafting_g07_c01.avi,Rafting,20:29:49,20:30:15
v_Rafting_g07_c04.avi,Rafting,14:59:40,15:01:15
v_Rafting_g08_c01.avi,Rafting,09:41:23,09:42:32
v_Rafting_g08_c02.avi,Rafting,11:57:53,11:59:50
v_Rafting_g08_c03.avi,Rafting,17:39:16,17:40:26
v_Rafting_g08_c04.avi,Rafting,10:52:50,10:53:05
v_Rafting_g08_c05.avi,Rafting,11:31:25,11:32:02
v_Rafting_g08_c06.avi,Rafting,06:21:20,06:23:18
v_Rafting_g09_c02.avi,Rafting,07:05:42,07:06:26
v_Rafting_g09_c04.avi,Rafting,19:58:46,19:59:30
v_Rafting_g10_c01.avi,Rafting,22:09:28,22:09:41
v_Rafting_g10_c02.avi,Rafting,10:36:04,10:36:52
v_Rafting_g10_c03.avi,Rafting,09:36:02,09:37:56
v_Rafting_g10_c04.avi,Rafting,19:34:37,19:35:31
v_Rafting_g10_c05.avi,Rafting,16:48:16,16:49:53
v_Rafting_g11_c01.avi,Rafting,06:32:39,06:34:31
v_Rafting_g11_c02.avi,Rafting,09:55:30,09:56:49
v_Rafting_g11_c03.avi,Rafting,22:40:08,22:41:33
v_Rafting_g11_c04.avi,Rafting,08:12:35,08:13:14
v_Rafting_g12_c01.avi,Rafting,09:07:16,09:07:27
v_Rafting_g12_c02.avi,Rafting,12:48:13,12:49:52
v_Rafting_g12_c03.avi,Rafting,17:41:03,17:41:54
v_Rafting_g12_c04.avi,Rafting,22:41:35,22:43:22
v_Rafting_g13_c01.avi,Rafting,14:38:16,14:38:39
v_Rafting_g13_c02.avi,Rafting,06:43:11,06:44:01
v_Rafting_g13_c03.avi,Rafting,22:10:45,22:11:53
v_Rafting_g13_c04.avi,Rafting,12:36:28,12:37:33
v_Rafting_g13_c05.avi,Rafting,09:52:50,09:54:22
v_Rafting_g14_c01.avi,Rafting,19:54:40,19:55:03
v_Rafting_g14_c02.avi,Rafting,19:47:03,19:49:03
v_Rafting_g14_c03.avi,Rafting,20:56:35,20:57:51
v_Rafting_g14_c04.avi,Rafting,13:38:44,13:40:02
v_Rafting_g14_c05.avi,Rafting,19:55:16,19:57:14
v_Rafting_g15_c01.avi,Rafting,13:40:51,13:42:51
v_Rafting_g15_c02.avi,Rafting,20:39:17,20:40:36
v_Rafting_g15_c03.avi,Rafting,14:30:11,14:32:05
v_Rafting_g15_c04.avi,Rafting,14:44:31,14:46:15
v_Rafting_g16_c01.avi,Rafting,09:14:58,09:16:08
v_Rafting_g16_c02.avi,Rafting,18:50:59,18:51:10
v_Rafting_g16_c03.avi,Rafting,12:56:54,12:57:56
v_Rafting_g16_c04.avi,Rafting,08:35:01,08:36:39
v_Rafting_g16_c05.avi,Rafting,09:56:29,09:56:44
v_Rafting_g16_c06.avi,Rafting,11:15:04,11:16:22
v_Rafting_g16_c07.avi,Rafting,20:16:14,20:16:38
v_Rafting_g17_c01.avi,Rafting,12:56:23,12:57:38
v_Rafting_g17_c02.avi,Rafting,19:32:46,19:33:44
v_Rafting_g17_c03.avi,Rafting,20:41:05,20:42:22
v_Rafting_g17_c04.avi,Rafting,15:31:32,15:32:28
v_Rafting_g17_c05.avi,Rafting,12:56:23,12:58:02
v_Rafting_g17_c06.avi,Rafting,11:39:40,11:40:36
v_Rafting_g18_c01.avi,Rafting,13:30:41,13:31:24
v_Rafting_g18_c02.avi,Rafting,14:03:17,14:03:51
v_Rafting_g18_c03.avi,Rafting,06:21:06,06:22:48
v_Rafting_g18_c04.avi,Rafting,09:11:08,09:13:06
v_Rafting_g19_c01.avi,Rafting,18:58:24,18:59:13
v_Rafting_g19_c02.avi,Rafting,19:27:15,19:28:15
v_Rafting_g19_c03.avi,Rafting,12:02:45,12:04:14
v_Rafting_g19_c04.avi,Rafting,17:55:59,17:57:37
v_Rafting_g19_c05.avi,Rafting,17:05:41,17:07:01
v_Rafting_g20_c01.avi,Rafting,10:36:56,10:38:15
v_Rafting_g20_c02.avi,Rafting,09:19:04,09:20:57
v_Rafting_g20_c03.avi,Rafting,09:10:02,09:11:46
v_Rafting_g20_c04.avi,Rafting,17:38:35,17:39:38
v_Rafting_g21_c01.avi,Rafting,17:45:22,17:46:45
v_Rafting_g21_c02.avi,Rafting,11:18:26,11:19:23
v_Rafting_g21_c03.avi,Rafting,17:29:10,17:30:23
v_Rafting_g21_c04.avi,Rafting,18:45:47,18:46:31
v_Rafting_g22_c01.avi,Rafting,21:12:26,21:14:02
v_Rafting_g22_c02.avi,Rafting,21:09:51,21:11:25
v_Rafting_g22_c03.avi,Rafting,14:33:09,14:33:38
v_Rafting_g22_c04.avi,Rafting,14:56:39,14:58:22
v_Rafting_g23_c01.avi,Rafting,15:14:00,15:15:32
v_Rafting_g23_c02.avi,Rafting,07:05:24,07:06:29
v_Rafting_g23_c03.avi,Rafting,13:04:33,13:05:33
v_Rafting_g23_c04.avi,Rafting,06:53:21,06:53:51
v_Rafting_g24_c01.avi,Rafting,22:22:22,22:22:58
v_Rafting_g24_c02.avi,Rafting,22:48:31,22:50:14
v_Rafting_g24_c03.avi,Rafting,16:01:08,16:01:46
v_Rafting_g24_c04.avi,Rafting,13:51:33,13:51:57
v_Rafting_g25_c01.avi,Rafting,08:03:34,08:05:29
v_Rafting_g25_c02.avi,Rafting,22:07:33,22:07:54
v_Rafting_g25_c03.avi,Rafting,14:10:47,14:12:46
v_Rafting_g25_c04.avi,Rafting,18:35:22,18:37:16
v_RockClimbingIndoor_g01_c01.avi,RockClimbingIndoor,22:35:16,22:35:29
v_RockClimbingIndoor_g01_c03.avi,RockClimbingIndoor,12:17:26,12:19:21
v_RockClimbingIndoor_g01_c05.avi,RockClimbingIndoor,21:27:49,21:28:09
v_RockClimbingIndoor_g02_c02.avi,RockClimbingIndoor,17:06:31,17:07:37
v_RockClimbingIndoor_g02_c03.avi,RockClimbingIndoor,14:31:14,14:32:29
v_RockClimbingIndoor_g02_c04.avi,RockClimbingIndoor,17:55:26,17:57:01
v_RockClimbingIndoor_g02_c05.avi,RockClimbingIndoor,06:26:17,06:28:10
v_RockClimbingIndoor_g03_c01.avi,RockClimbingIndoor,18:42:02,18:42:50
v_RockClimbingIndoor_g03_c04.avi,RockClimbingIndoor,20:14:44,20:15:39
v_RockClimbingIndoor_g03_c05.avi,RockClimbingIndoor,11:43:31,11:43:52
v_RockClimbingIndoor_g03_c06.avi,RockClimbingIndoor,07:43:42,07:45:31
v_RockClimbingIndoor_g04_c01.avi,RockClimbingIndoor,06:49:43,06:51:17
v_RockClimbingIndoor_g04_c02.avi,RockClimbingIndoor,20:15:26,20:16:57
v_RockClimbingIndoor_g04_c03.avi,RockClimbingIndoor,15:30:18,15:31:55
v_RockClimbingIndoor_g04_c04.avi,RockClimbingIndoor,19:35:08,19:36:38
v_RockClimbingIndoor_g05_c03.avi,RockClimbingIndoor,14:28:01,14:29:40
v_RockClimbingIndoor_g05_c04.avi,RockClimbingIndoor,08:36:32,08:36:42
v_RockClimbingIndoor_g05_c05.avi,RockClimbingIndoor,17:13:08,17:13:53
v_RockClimbingIndoor_g05_c06.avi,RockClimbingIndoor,11:36:11,11:36:28
v_RockClimbingIndoor_g06_c02.avi,RockClimbingIndoor,07:45:11,07:45:59
v_RockClimbingIndoor_g06_c03.avi,RockClimbingIndoor,17:57:39,17:58:49
v_RockClimbingIndoor_g06_c05.avi,RockClimbingIndoor,12:47:26,12:49:10
v_RockClimbingIndoor_g06_c07.avi,RockClimbingIndoor,14:33:45,14:35:45
v_RockClimbingIndoor_g07_c01.avi,RockClimbingIndoor,21:27:38,21:28:11
v_RockClimbingIndoor_g07_c02.avi,RockClimbingIndoor,22:32:59,22:33:20
v_RockClimbingIndoor_g07_c03.avi,RockClimbingIndoor,15:14:49,15:15:32
v_RockClimbingIndoor_g07_c04.avi,RockClimbingIndoor,07:58:40,08:00:17
v_RockClimbingIndoor_g07_c07.avi,RockClimbingIndoor,12:37:42,12:39:22
v_RockClimbingIndoor_g08_c01.avi,RockClimbingIndoor,16:22:00,16:23:04
v_RockClimbingIndoor_g08_c03.avi,RockClimbingIndoor,19:20:20,19:20:42
v_RockClimbingIndoor_g08_c04.avi,RockClimbingIndoor,18:03:23,18:04:34
v_RockClimbingIndoor_g08_c05.avi,RockClimbingIndoor,13:15:24,13:16:45
v_RockClimbingIndoor_g08_c06.avi,RockClimbingIndoor,18:19:07,18:20:30
v_RockClimbingIndoor_g08_c07.avi,RockClimbingIndoor,18:58:57,19:00:30
v_RockClimbingIndoor_g09_c02.avi,RockClimbingIndoor,18:47:53,18:48:07
v_RockClimbingIndoor_g09_c04.avi,RockClimbingIndoor,20:34:02,20:35:28
v_RockClimbingIndoor_g10_c02.avi,RockClimbingIndoor,18:59:17,19:01:06
v_RockClimbingIndoor_g10_c03.avi,RockClimbingIndoor,06:15:46,06:15:56
v_RockClimbingIndoor_g10_c04.avi,RockClimbingIndoor,14:08:47,14:09:58
v_RockClimbingIndoor_g10_c05.avi,RockClimbingIndoor,18:39:17,18:40:39
v_RockClimbingIndoor_g10_c07.avi,RockClimbingIndoor,06:04:06,06:04:50
v_RockClimbingIndoor_g11_c01.avi,RockClimbingIndoor,17:34:17,17:34:32
v_RockClimbingIndoor_g11_c02.avi,RockClimbingIndoor,11:33:34,11:34:11
v_RockClimbingIndoor_g12_c01.avi,RockClimbingIndoor,22:07:22,22:08:44
v_RockClimbingIndoor_g12_c02.avi,RockClimbingIndoor,12:20:17,12:21:32
v_RockClimbingIndoor_g12_c03.avi,RockClimbingIndoor,21:24:17,21:24:31
v_RockClimbingIndoor_g12_c05.avi,RockClimbingIndoor,06:20:32,06:20:45
v_RockClimbingIndoor_g12_c06.avi,RockClimbingIndoor,15:45:41,15:47:06
v_RockClimbingIndoor_g13_c01.avi,RockClimbingIndoor,15:21:37,15:23:29
v_RockClimbingIndoor_g13_c02.avi,RockClimbingIndoor,20:14:46,20:16:22
v_RockClimbingIndoor_g13_c03.avi,RockClimbingIndoor,21:10:24,21:11:49
v_RockClimbingIndoor_g13_c06.avi,RockClimbingIndoor,06:18:16,06:19:30
v_RockClimbingIndoor_g14_c02.avi,RockClimbingIndoor,22:25:42,22:27:11
v_RockClimbingIndoor_g14_c03.avi,RockClimbingIndoor,16:53:53,16:55:52
v_RockClimbingIndoor_g14_c04.avi,RockClimbingIndoor,13:33:47,13:34:12
v_RockClimbingIndoor_g14_c05.avi,RockClimbingIndoor,06:19:38,06:21:18
v_RockClimbingIndoor_g15_c01.avi,RockClimbingIndoor,15:15:06,15:15:22
v_RockClimbingIndoor_g15_c02.avi,RockClimbingIndoor,08:03:40,08:05:05
v_RockClimbingIndoor_g15_c04.avi,RockClimbingIndoor,12:10:35,12:12:35
v_RockClimbingIndoor_g16_c03.avi,RockClimbingIndoor,11:34:06,11:35:23
v_RockClimbingIndoor_g16_c04.avi,RockClimbingIndoor,12:44:06,12:45:10
v_RockClimbingIndoor_g16_c05.avi,RockClimbingIndoor,11:54:24,11:55:19
v_RockClimbingIndoor_g17_c01.avi,RockClimbingIndoor,19:57:44,19:58:51
v_RockClimbingIndoor_g17_c02.avi,RockClimbingIndoor,19:50:50,19:52:29
v_RockClimbingIndoor_g17_c03.avi,RockClimbingIndoor,13:40:48,13:41:08
v_RockClimbingIndoor_g17_c06.avi,RockClimbingIndoor,20:23:27,20:24:21
v_RockClimbingIndoor_g17_c07.avi,RockClimbingIndoor,14:48:35,14:49:18
v_RockClimbingIndoor_g18_c02.avi,RockClimbingIndoor,07:04:23,07:04:53
v_RockClimbingIndoor_g18_c03.avi,RockClimbingIndoor,17:45:36,17:46:49
v_RockClimbingIndoor_g18_c04.avi,RockClimbingIndoor,08:31:56,08:32:35
v_RockClimbingIndoor_g19_c01.avi,RockClimbingIndoor,15:31:19,15:32:05
v_RockClimbingIndoor_g19_c02.avi,RockClimbingIndoor,09:31:30,09:32:20
v_RockClimbingIndoor_g20_c01.avi,RockClimbingIndoor,06:41:26,06:43:01
v_RockClimbingIndoor_g20_c02.avi,RockClimbingIndoor,22:53:24,22:54:25
v_RockClimbingIndoor_g20_c03.avi,RockClimbingIndoor,22:57:39,22:59:15
v_RockClimbingIndoor_g20_c05.avi,RockClimbingIndoor,19:46:33,19:48:12
v_RockClimbingIndoor_g20_c06.avi,RockClimbingIndoor,20:41:53,20:42:26
v_RockClimbingIndoor_g21_c01.avi,RockClimbingIndoor,10:39:36,10:41:18
v_RockClimbingIndoor_g21_c03.avi,RockClimbingIndoor,22:49:05,22:49:33
v_RockClimbingIndoor_g21_c05.avi,RockClimbingIndoor,22:59:03,22:59:15
v_RockClimbingIndoor_g21_c06.avi,RockClimbingIndoor,07:14:14,07:15:00
v_RockClimbingIndoor_g21_c07.avi,RockClimbingIndoor,19:23:35,19:23:49
v_RockClimbingIndoor_g22_c01.avi,RockClimbingIndoor,15:41:37,15:43:36
v_RockClimbingIndoor_g22_c03.avi,RockClimbingIndoor,13:27:58,13:28:30
v_RockClimbingIndoor_g22_c05.avi,RockClimbingIndoor,19:20:35,19:22:14
v_RockClimbingIndoor_g22_c06.avi,RockClimbingIndoor,19:04:16,19:04:41
v_RockClimbingIndoor_g23_c01.avi,RockClimbingIndoor,19:07:08,19:07:19
v_RockClimbingIndoor_g23_c02.avi,RockClimbingIndoor,14:50:56,14:52:18
v_RockClimbingIndoor_g23_c03.avi,RockClimbingIndoor,07:56:10,07:57:36
v_RockClimbingIndoor_g23_c04.avi,RockClimbingIndoor,20:35:02,20:35:43
v_RockClimbingIndoor_g23_c05.avi,RockClimbingIndoor,06:29:38,06:30:15
v_RockClimbingIndoor_g24_c02.avi,RockClimbingIndoor,06:55:28,06:56:39
v_RockClimbingIndoor_g24_c03.avi,RockClimbingIndoor,10:00:40,10:02:01
v_RockClimbingIndoor_g24_c05.avi,RockClimbingIndoor,18:57:21,18:58:11
v_RockClimbingIndoor_g24_c06.avi,RockClimbingIndoor,10:25:16,10:26:02
v_RockClimbingIndoor_g24_c07.avi,RockClimbingIndoor,17:38:08,17:39:12
v_RockClimbingIndoor_g25_c01.avi,RockClimbingIndoor,21:39:43,21:40:06
v_RockClimbingIndoor_g25_c03.avi,RockClimbingIndoor,10:13:54,10:14:59
v_RockClimbingIndoor_g25_c04.avi,RockClimbingIndoor,19:53:42,19:54:03
v_RockClimbingIndoor_g25_c06.avi,RockClimbingIndoor,08:10:58,08:12:41
v_RopeClimbing_g01_c01.avi,RopeClimbing,15:32:32,15:34:32
v_RopeClimbing_g01_c02.avi,RopeClimbing,14:29:02,14:30:38
v_RopeClimbing_g01_c04.avi,RopeClimbing,07:23:19,07:24:48
v_RopeClimbing_g02_c01.avi,RopeClimbing,14:06:02,14:06:38
v_RopeClimbing_g02_c02.avi,RopeClimbing,11:17:08,11:18:34
v_RopeClimbing_g02_c03.avi,RopeClimbing,15:28:52,15:30:40
v_RopeClimbing_g02_c04.avi,RopeClimbing,15:21:58,15:22:09
v_RopeClimbing_g02_c05.avi,RopeClimbing,07:34:43,07:35:55
v_RopeClimbing_g02_c06.avi,RopeClimbing,12:57:41,12:58:34
v_RopeClimbing_g03_c01.avi,RopeClimbing,18:38:17,18:38:52
v_RopeClimbing_g03_c03.avi,RopeClimbing,19:10:38,19:12:17
v_RopeClimbing_g04_c01.avi,RopeClimbing,09:16:32,09:18:27
v_RopeClimbing_g04_c02.avi,RopeClimbing,11:02:29,11:02:46
v_RopeClimbing_g04_c03.avi,RopeClimbing,11:55:29,11:55:52
v_RopeClimbing_g04_c04.avi,RopeClimbing,11:31:45,11:33:15
v_RopeClimbing_g05_c01.avi,RopeClimbing,09:39:40,09:41:15
v_RopeClimbing_g05_c02.avi,RopeClimbing,12:12:25,12:13:17
v_RopeClimbing_g05_c04.avi,RopeClimbing,11:30:45,11:32:34
v_RopeClimbing_g05_c05.avi,RopeClimbing,20:38:40,20:39:53
v_RopeClimbing_g05_c07.avi,RopeClimbing,19:29:34,19:30:37
v_RopeClimbing_g06_c01.avi,RopeClimbing,14:45:56,14:46:48
v_RopeClimbing_g06_c02.avi,RopeClimbing,18:07:29,18:08:59
v_RopeClimbing_g06_c03.avi,RopeClimbing,06:41:12,06:42:02
v_RopeClimbing_g06_c04.avi,RopeClimbing,12:57:05,12:58:17
v_RopeClimbing_g07_c01.avi,RopeClimbing,07:07:02,07:08:20
v_RopeClimbing_g07_c02.avi,RopeClimbing,11:46:34,11:46:50
v_RopeClimbing_g07_c03.avi,RopeClimbing,17:10:50,17:12:17
v_RopeClimbing_g07_c05.avi,RopeClimbing,13:32:35,13:33:19
v_RopeClimbing_g08_c01.avi,RopeClimbing,13:53:25,13:55:15
v_RopeClimbing_g08_c02.avi,RopeClimbing,13:42:22,13:43:45
v_RopeClimbing_g08_c03.avi,RopeClimbing,08:48:19,08:49:26
v_RopeClimbing_g08_c04.avi,RopeClimbing,20:16:09,20:16:32
v_RopeClimbing_g09_c01.avi,RopeClimbing,19:41:05,19:41:41
v_RopeClimbing_g09_c02.avi,RopeClimbing,11:27:03,11:28:18
v_RopeClimbing_g09_c03.avi,RopeClimbing,18:35:41,18:35:53
v_RopeClimbing_g10_c01.avi,RopeClimbing,18:54:28,18:55:08
v_RopeClimbing_g10_c02.avi,RopeClimbing,14:11:12,14:12:46
v_RopeClimbing_g10_c03.avi,RopeClimbing,21:42:38,21:43:18
v_RopeClimbing_g10_c04.avi,RopeClimbing,12:11:43,12:12:50
v_RopeClimbing_g10_c05.avi,RopeClimbing,17:43:07,17:45:06
v_RopeClimbing_g11_c01.avi,RopeClimbing,19:13:46,19:14:34
v_RopeClimbing_g11_c02.avi,RopeClimbing,09:18:40,09:20:39
v_RopeClimbing_g11_c03.avi,RopeClimbing,18:43:51,18:45:20
v_RopeClimbing_g12_c01.avi,RopeClimbing,21:48:00,21:49:40
v_RopeClimbing_g12_c02.avi,RopeClimbing,20:22:25,20:24:10
v_RopeClimbing_g12_c03.avi,RopeClimbing,12:45:51,12:46:55
v_RopeClimbing_g12_c04.avi,RopeClimbing,11:20:05,11:20:51
v_RopeClimbing_g13_c01.avi,RopeClimbing,19:13:49,19:14:28
v_RopeClimbing_g13_c02.avi,RopeClimbing,18:25:30,18:25:45
v_RopeClimbing_g13_c03.avi,RopeClimbing,21:56:30,21:57:22
v_RopeClimbing_g13_c04.avi,RopeClimbing,07:29:08,07:29:23
v_RopeClimbing_g13_c06.avi,RopeClimbing,19:31:27,19:31:53
v_RopeClimbing_g13_c07.avi,RopeClimbing,07:12:17,07:12:45
v_RopeClimbing_g14_c01.avi,RopeClimbing,20:51:44,20:53:07
v_RopeClimbing_g14_c02.avi,RopeClimbing,13:03:05,13:03:31
v_RopeClimbing_g14_c03.avi,RopeClimbing,20:35:50,20:37:30
v_RopeClimbing_g14_c04.avi,RopeClimbing,21:53:24,21:55:05
v_RopeClimbing_g14_c05.avi,RopeClimbing,16:57:34,16:58:41
v_RopeClimbing_g15_c01.avi,RopeClimbing,17:12:55,17:13:42
v_RopeClimbing_g15_c03.avi,RopeClimbing,12:04:34,12:05:35
v_RopeClimbing_g15_c04.avi,RopeClimbing,17:35:58,17:37:10
v_RopeClimbing_g15_c05.avi,RopeClimbing,10:17:47,10:19:40
v_RopeClimbing_g16_c01.avi,RopeClimbing,13:51:18,13:53:18
v_RopeClimbing_g16_c02.avi,RopeClimbing,18:34:40,18:34:56
v_RopeClimbing_g16_c03.avi,RopeClimbing,06:48:20,06:50:01
v_RopeClimbing_g16_c04.avi,RopeClimbing,17:40:13,17:42:08
v_RopeClimbing_g16_c05.avi,RopeClimbing,08:38:27,08:38:52
v_RopeClimbing_g17_c02.avi,RopeClimbing,12:42:46,12:43:51
v_RopeClimbing_g17_c03.avi,RopeClimbing,18:43:33,18:43:58
v_RopeClimbing_g17_c04.avi,RopeClimbing,18:24:44,18:26:33
v_RopeClimbing_g17_c05.avi,RopeClimbing,19:50:33,19:52:15
v_RopeClimbing_g18_c01.avi,RopeClimbing,21:50:11,21:50:40
v_RopeClimbing_g18_c02.avi,RopeClimbing,06:14:03,06:15:55
v_RopeClimbing_g18_c03.avi,RopeClimbing,15:52:32,15:54:27
v_RopeClimbing_g19_c01.avi,RopeClimbing,22:58:06,22:58:49
v_RopeClimbing_g19_c02.avi,RopeClimbing,20:23:38,20:24:31
v_RopeClimbing_g19_c03.avi,RopeClimbing,11:11:44,11:12:51
v_RopeClimbing_g19_c04.avi,RopeClimbing,12:51:26,12:52:36
v_RopeClimbing_g19_c05.avi,RopeClimbing,13:34:36,13:36:18
v_RopeClimbing_g19_c06.avi,RopeClimbing,18:21:15,18:22:46
v_RopeClimbing_g19_c07.avi,RopeClimbing,08:37:15,08:38:39
v_RopeClimbing_g20_c01.avi,RopeClimbing,11:13:06,11:13:46
v_RopeClimbing_g20_c04.avi,RopeClimbing,13:22:58,13:24:23
v_RopeClimbing_g21_c01.avi,RopeClimbing,13:32:22,13:33:02
v_RopeClimbing_g21_c02.avi,RopeClimbing,13:37:55,13:38:31
v_RopeClimbing_g21_c03.avi,RopeClimbing,14:06:34,14:08:30
v_RopeClimbing_g21_c04.avi,RopeClimbing,14:59:05,15:00:35
v_RopeClimbing_g22_c01.avi,RopeClimbing,15:12:38,15:13:20
v_RopeClimbing_g22_c02.avi,RopeClimbing,18:38:30,18:40:19
v_RopeClimbing_g22_c04.avi,RopeClimbing,21:17:47,21:18:54
v_RopeClimbing_g23_c02.avi,RopeClimbing,13:06:31,13:06:59
v_RopeClimbing_g23_c03.avi,RopeClimbing,10:08:48,10:09:27
v_RopeClimbing_g23_c04.avi,RopeClimbing,19:01:12,19:01:37
v_RopeClimbing_g24_c01.avi,RopeClimbing,06:05:44,06:06:12
v_RopeClimbing_g24_c02.avi,RopeClimbing,14:56:57,14:58:02
v_RopeClimbing_g24_c03.avi,RopeClimbing,22:03:03,22:04:44
v_RopeClimbing_g25_c01.avi,RopeClimbing,21:45:54,21:47:36
v_RopeClimbing_g25_c02.avi,RopeClimbing,15:23:25,15:23:38
v_RopeClimbing_g25_c04.avi,RopeClimbing,15:40:00,15:40:12
v_RopeClimbing_g25_c05.avi,RopeClimbing,14:21:33,14:22:24
v_Rowing_g01_c01.avi,Rowing,19:29:27,19:31:08
v_Rowing_g01_c03.avi,Rowing,10:49:58,10:51:50
v_Rowing_g01_c04.avi,Rowing,12:03:52,12:05:04
v_Rowing_g02_c01.avi,Rowing,09:17:15,09:18:01
v_Rowing_g02_c03.avi,Rowing,06:53:55,06:54:32
v_Rowing_g02_c04.avi,Rowing,07:58:48,08:00:29
v_Rowing_g02_c05.avi,Rowing,06:09:21,06:11:16
v_Rowing_g02_c06.avi,Rowing,11:48:09,11:49:40
v_Rowing_g03_c02.avi,Rowing,09:18:43,09:20:42
v_Rowing_g03_c03.avi,Rowing,19:12:38,19:12:48
v_Rowing_g03_c04.avi,Rowing,11:36:42,11:37:35
v_Rowing_g03_c05.avi,Rowing,21:17:41,21:17:56
v_Rowing_g03_c07.avi,Rowing,17:49:20,17:50:19
v_Rowing_g04_c01.avi,Rowing,17:56:21,17:58:05
v_Rowing_g04_c02.avi,Rowing,22:10:47,22:12:33
v_Rowing_g04_c04.avi,Rowing,07:53:53,07:54:17
v_Rowing_g04_c05.avi,Rowing,12:12:30,12:13:07
v_Rowing_g04_c06.avi,Rowing,20:37:36,20:38:36
v_Rowing_g05_c01.avi,Rowing,18:23:43,18:24:01
v_Rowing_g05_c02.avi,Rowing,15:21:05,15:21:36
v_Rowing_g05_c04.avi,Rowing,16:59:22,17:00:59
v_Rowing_g06_c01.avi,Rowing,06:27:21,06:29:14
v_Rowing_g06_c03.avi,Rowing,09:50:45,09:52:11
v_Rowing_g06_c04.avi,Rowing,14:02:03,14:02:27
v_Rowing_g07_c01.avi,Rowing,08:57:46,08:58:28
v_Rowing_g07_c02.avi,Rowing,21:21:20,21:22:19
v_Rowing_g07_c03.avi,Rowing,12:41:42,12:42:10
v_Rowing_g07_c04.avi,Rowing,15:57:21,15:58:38
v_Rowing_g08_c01.avi,Rowing,16:56:38,16:57:16
v_Rowing_g08_c03.avi,Rowing,22:47:21,22:48:52
v_Rowing_g08_c04.avi,Rowing,22:17:37,22:19:08
v_Rowing_g09_c01.avi,Rowing,14:31:52,14:33:11
v_Rowing_g09_c02.avi,Rowing,09:07:10,09:07:53
v_Rowing_g09_c03.avi,Rowing,21:15:45,21:17:32
v_Rowing_g09_c04.avi,Rowing,15:21:58,15:22:11
v_Rowing_g09_c05.avi,Rowing,19:13:17,19:13:51
v_Rowing_g10_c02.avi,Rowing,17:07:12,17:07:42
v_Rowing_g10_c03.avi,Rowing,12:49:37,12:51:08
v_Rowing_g10_c04.avi,Rowing,13:05:46,13:07:12
v_Rowing_g10_c05.avi,Rowing,14:42:30,14:42:51
v_Rowing_g10_c06.avi,Rowing,17:43:44,17:44:16
v_Rowing_g10_c07.avi,Rowing,20:36:10,20:36:47
v_Rowing_g11_c01.avi,Rowing,13:46:57,13:47:09
v_Rowing_g11_c02.avi,Rowing,16:44:20,16:44:54
v_Rowing_g11_c05.avi,Rowing,14:10:38,14:12:24
v_Rowing_g11_c06.avi,Rowing,21:59:34,22:01:17
v_Rowing_g12_c01.avi,Rowing,19:46:04,19:46:37
v_Rowing_g12_c02.avi,Rowing,20:35:35,20:36:00
v_Rowing_g12_c03.avi,Rowing,15:05:54,15:07:41
v_Rowing_g12_c04.avi,Rowing,11:52:43,11:53:19
v_Rowing_g12_c05.avi,Rowing,09:12:53,09:14:42
v_Rowing_g12_c07.avi,Rowing,21:24:24,21:24:44
v_Rowing_g13_c02.avi,Rowing,20:01:03,20:01:24
v_Rowing_g13_c03.avi,Rowing,13:53:08,13:54:33
v_Rowing_g13_c04.avi,Rowing,20:33:08,20:33:28
v_Rowing_g13_c05.avi,Rowing,17:34:16,17:35:26
v_Rowing_g13_c06.avi,Rowing,13:02:16,13:03:41
v_Rowing_g13_c07.avi,Rowing,19:22:05,19:23:33
v_Rowing_g14_c02.avi,Rowing,13:40:28,13:41:13
v_Rowing_g14_c03.avi,Rowing,21:34:32,21:35:11
v_Rowing_g14_c05.avi,Rowing,16:09:31,16:10:49
v_Rowing_g14_c06.avi,Rowing,15:30:41,15:32:17
v_Rowing_g14_c07.avi,Rowing,20:39:22,20:40:00
v_Rowing_g15_c01.avi,Rowing,11:12:50,11:13:28
v_Rowing_g15_c02.avi,Rowing,06:18:02,06:19:19
v_Rowing_g15_c04.avi,Rowing,19:06:53,19:07:53
v_Rowing_g15_c05.avi,Rowing,06:21:30,06:23:23
v_Rowing_g15_c06.avi,Rowing,11:32:00,11:32:14
v_Rowing_g16_c01.avi,Rowing,21:31:37,21:33:35
v_Rowing_g16_c02.avi,Rowing,07:21:23,07:21:39
v_Rowing_g16_c03.avi,Rowing,09:24:40,09:26:06
v_Rowing_g16_c04.avi,Rowing,19:31:21,19:32:18
v_Rowing_g17_c02.avi,Rowing,20:14:05,20:15:02
v_Rowing_g17_c03.avi,Rowing,06:24:37,06:25:30
v_Rowing_g17_c04.avi,Rowing,21:18:51,21:19:40
v_Rowing_g17_c07.avi,Rowing,21:11:24,21:12:28
v_Rowing_g18_c02.avi,Rowing,12:03:50,12:04:56
v_Rowing_g18_c04.avi,Rowing,19:04:15,19:05:50
v_Rowing_g19_c01.avi,Rowing,12:22:26,12:23:41
v_Rowing_g19_c02.avi,Rowing,21:40:24,21:41:59
v_Rowing_g19_c03.avi,Rowing,07:25:24,07:27:11
v_Rowing_g20_c01.avi,Rowing,07:12:23,07:14:18
v_Rowing_g20_c03.avi,Rowing,06:52:53,06:53:11
v_Rowing_g20_c04.avi,Rowing,20:16:34,20:17:16
v_Rowing_g21_c02.avi,Rowing,08:40:29,08:41:44
v_Rowing_g21_c03.avi,Rowing,15:29:18,15:29:51
v_Rowing_g21_c05.avi,Rowing,10:37:29,10:38:47
v_Rowing_g22_c01.avi,Rowing,13:23:30,13:23:57
v_Rowing_g22_c03.avi,Rowing,14:27:39,14:29:21
v_Rowing_g22_c04.avi,Rowing,18:29:04,18:30:48
v_Rowing_g23_c01.avi,Rowing,11:37:30,11:37:58
v_Rowing_g23_c02.avi,Rowing,19:52:00,19:52:30
v_Rowing_g23_c04.avi,Rowing,17:42:53,17:43:51
v_Rowing_g24_c01.avi,Rowing,16:08:32,16:10:12
v_Rowing_g24_c03.avi,Rowing,14:55:53,14:57:19
v_Rowing_g24_c04.avi,Rowing,21:46:34,21:47:21
v_Rowing_g24_c05.avi,Rowing,08:02:18,08:03:33
v_Rowing_g25_c01.avi,Rowing,06:43:39,06:45:34
v_Rowing_g25_c02.avi,Rowing,18:20:00,18:21:10
v_Rowing_g25_c03.avi,Rowing,11:15:06,11:16:56
v_SalsaSpin_g01_c01.avi,SalsaSpin,16:32:59,16:33:13
v_SalsaSpin_g01_c03.avi,SalsaSpin,14:26:55,14:27:47
v_SalsaSpin_g01_c04.avi,SalsaSpin,15:40:41,15:41:34
v_SalsaSpin_g01_c06.avi,SalsaSpin,15:42:42,15:44:23
v_SalsaSpin_g02_c01.avi,SalsaSpin,15:45:42,15:47:16
v_SalsaSpin_g02_c03.avi,SalsaSpin,10:52:00,10:53:26
v_SalsaSpin_g02_c05.avi,SalsaSpin,10:06:51,10:08:46
v_SalsaSpin_g02_c06.avi,SalsaSpin,10:39:29,10:40:15
v_SalsaSpin_g02_c07.avi,SalsaSpin,13:00:15,13:02:01
v_SalsaSpin_g03_c02.avi,SalsaSpin,07:25:02,07:26:29
v_SalsaSpin_g03_c03.avi,SalsaSpin,19:17:04,19:17:22
v_SalsaSpin_g03_c05.avi,SalsaSpin,20:31:21,20:31:39
v_SalsaSpin_g04_c03.avi,SalsaSpin,22:53:52,22:55:07
v_SalsaSpin_g04_c06.avi,SalsaSpin,10:06:04,10:06:55
v_SalsaSpin_g05_c01.avi,SalsaSpin,12:56:04,12:56:37
v_SalsaSpin_g05_c02.avi,SalsaSpin,14:44:07,14:44:22
v_SalsaSpin_g05_c05.avi,SalsaSpin,20:07:13,20:09:06
v_SalsaSpin_g05_c06.avi,SalsaSpin,06:19:19,06:19:57
v_SalsaSpin_g06_c04.avi,SalsaSpin,22:13:17,22:13:49
v_SalsaSpin_g06_c05.avi,SalsaSpin,14:32:09,14:33:43
v_SalsaSpin_g07_c01.avi,SalsaSpin,19:35:53,19:36:46
v_SalsaSpin_g07_c04.avi,SalsaSpin,07:28:46,07:30:46
v_SalsaSpin_g07_c05.avi,SalsaSpin,22:12:58,22:13:31
v_SalsaSpin_g07_c06.avi,SalsaSpin,16:24:15,16:25:25
v_SalsaSpin_g08_c03.avi,SalsaSpin,15:38:12,15:40:04
v_SalsaSpin_g08_c04.avi,SalsaSpin,07:24:08,07:26:04
v_SalsaSpin_g08_c05.avi,SalsaSpin,17:56:44,17:57:56
v_SalsaSpin_g09_c01.avi,SalsaSpin,17:17:46,17:19:37
v_SalsaSpin_g09_c02.avi,SalsaSpin,10:09:29,10:10:15
v_SalsaSpin_g09_c04.avi,SalsaSpin,07:13:39,07:14:45
v_SalsaSpin_g09_c05.avi,SalsaSpin,08:43:21,08:44:07
v_SalsaSpin_g09_c06.avi,SalsaSpin,07:26:18,07:27:29
v_SalsaSpin_g10_c01.avi,SalsaSpin,22:13:47,22:14:53
v_SalsaSpin_g10_c02.avi,SalsaSpin,22:25:18,22:26:48
v_SalsaSpin_g10_c03.avi,SalsaSpin,08:38:46,08:40:15
v_SalsaSpin_g10_c04.avi,SalsaSpin,10:38:12,10:39:55
v_SalsaSpin_g10_c05.avi,SalsaSpin,18:24:00,18:24:34
v_SalsaSpin_g11_c01.avi,SalsaSpin,12:37:12,12:39:08
v_SalsaSpin_g11_c02.avi,SalsaSpin,11:15:37,11:16:12
v_SalsaSpin_g11_c03.avi,SalsaSpin,22:07:05,22:07:42
v_SalsaSpin_g11_c04.avi,SalsaSpin,17:32:52,17:34:50
v_SalsaSpin_g11_c05.avi,SalsaSpin,21:01:38,21:02:42
v_SalsaSpin_g11_c06.avi,SalsaSpin,09:14:11,09:14:49
v_SalsaSpin_g12_c01.avi,SalsaSpin,15:19:57,15:20:20
v_SalsaSpin_g12_c02.avi,SalsaSpin,07:59:00,08:00:45
v_SalsaSpin_g12_c04.avi,SalsaSpin,11:04:58,11:06:50
v_SalsaSpin_g12_c05.avi,SalsaSpin,11:11:08,11:12:19
v_SalsaSpin_g12_c06.avi,SalsaSpin,17:42:26,17:43:57
v_SalsaSpin_g13_c01.avi,SalsaSpin,18:39:40,18:40:37
v_SalsaSpin_g13_c02.avi,SalsaSpin,10:01:34,10:02:40
v_SalsaSpin_g13_c03.avi,SalsaSpin,20:20:42,20:22:18
v_SalsaSpin_g13_c04.avi,SalsaSpin,22:47:02,22:47:35
v_SalsaSpin_g14_c01.avi,SalsaSpin,18:53:40,18:55:02
v_SalsaSpin_g14_c03.avi,SalsaSpin,12:49:54,12:51:16
v_SalsaSpin_g14_c04.avi,SalsaSpin,22:01:40,22:01:57
v_SalsaSpin_g14_c05.avi,SalsaSpin,07:23:28,07:24:31
v_SalsaSpin_g14_c06.avi,SalsaSpin,12:24:43,12:26:19
v_SalsaSpin_g15_c01.avi,SalsaSpin,18:39:22,18:41:09
v_SalsaSpin_g15_c02.avi,SalsaSpin,20:33:43,20:35:04
v_SalsaSpin_g15_c03.avi,SalsaSpin,10:02:04,10:03:57
v_SalsaSpin_g15_c04.avi,SalsaSpin,16:55:08,16:56:40
v_SalsaSpin_g15_c06.avi,SalsaSpin,20:16:54,20:18:01
v_SalsaSpin_g16_c01.avi,SalsaSpin,06:14:04,06:15:23
v_SalsaSpin_g16_c02.avi,SalsaSpin,09:17:50,09:19:13
v_SalsaSpin_g16_c03.avi,SalsaSpin,19:45:02,19:45:29
v_SalsaSpin_g16_c04.avi,SalsaSpin,11:55:42,11:56:45
v_SalsaSpin_g16_c05.avi,SalsaSpin,10:26:52,10:27:41
v_SalsaSpin_g17_c01.avi,SalsaSpin,17:48:22,17:49:41
v_SalsaSpin_g17_c02.avi,SalsaSpin,15:15:05,15:16:06
v_SalsaSpin_g17_c04.avi,SalsaSpin,09:55:39,09:55:56
v_SalsaSpin_g18_c01.avi,SalsaSpin,22:51:56,22:53:55
v_SalsaSpin_g18_c02.avi,SalsaSpin,20:03:16,20:03:58
v_SalsaSpin_g18_c03.avi,SalsaSpin,10:28:59,10:30:30
v_SalsaSpin_g18_c04.avi,SalsaSpin,10:35:25,10:35:52
v_SalsaSpin_g19_c01.avi,SalsaSpin,08:22:45,08:23:45
v_SalsaSpin_g19_c02.avi,SalsaSpin,15:59:28,16:00:14
v_SalsaSpin_g19_c03.avi,SalsaSpin,06:31:27,06:33:25
v_SalsaSpin_g20_c01.avi,SalsaSpin,18:48:27,18:49:27
v_SalsaSpin_g20_c02.avi,SalsaSpin,21:08:38,21:09:08
v_SalsaSpin_g20_c03.avi,SalsaSpin,18:04:07,18:05:04
v_SalsaSpin_g20_c04.avi,SalsaSpin,12:57:07,12:58:08
v_SalsaSpin_g20_c05.avi,SalsaSpin,15:58:02,15:58:21
v_SalsaSpin_g21_c02.avi,SalsaSpin,08:48:26,08:50:11
v_SalsaSpin_g21_c03.avi,SalsaSpin,15:21:33,15:22:14
v_SalsaSpin_g21_c05.avi,SalsaSpin,17:42:56,17:43:39
v_SalsaSpin_g22_c01.avi,SalsaSpin,08:05:50,08:06:39
v_SalsaSpin_g22_c02.avi,SalsaSpin,13:11:04,13:11:26
v_SalsaSpin_g22_c03.avi,SalsaSpin,16:07:37,16:09:25
v_SalsaSpin_g22_c04.avi,SalsaSpin,11:11:47,11:12:21
v_SalsaSpin_g22_c05.avi,SalsaSpin,17:41:02,17:42:19
v_SalsaSpin_g23_c01.avi,SalsaSpin,09:17:02,09:18:21
v_SalsaSpin_g23_c04.avi,SalsaSpin,16:43:39,16:45:33
v_SalsaSpin_g24_c01.avi,SalsaSpin,21:59:14,22:00:39
v_SalsaSpin_g24_c02.avi,SalsaSpin,18:00:01,18:01:36
v_SalsaSpin_g24_c03.avi,SalsaSpin,12:16:25,12:17:07
v_SalsaSpin_g24_c04.avi,SalsaSpin,06:07:58,06:08:15
v_SalsaSpin_g24_c05.avi,SalsaSpin,18:29:41,18:31:18
v_SalsaSpin_g25_c01.avi,SalsaSpin,16:28:52,16:30:14
v_SalsaSpin_g25_c02.avi,SalsaSpin,17:33:44,17:35:10
v_SalsaSpin_g25_c04.avi,SalsaSpin,19:30:34,19:31:48
v_ShavingBeard_g01_c01.avi,ShavingBeard,09:19:25,09:21:19
v_ShavingBeard_g01_c03.avi,ShavingBeard,07:24:19,07:25:18
v_ShavingBeard_g02_c01.avi,ShavingBeard,10:41:38,10:42:33
v_ShavingBeard_g02_c02.avi,ShavingBeard,17:39:27,17:39:50
v_ShavingBeard_g02_c05.avi,ShavingBeard,22:33:25,22:34:05
v_ShavingBeard_g02_c06.avi,ShavingBeard,12:29:03,12:30:53
v_ShavingBeard_g03_c01.avi,ShavingBeard,10:03:20,10:03:41
v_ShavingBeard_g03_c02.avi,ShavingBeard,16:54:06,16:55:13
v_ShavingBeard_g03_c04.avi,ShavingBeard,16:29:24,16:30:53
v_ShavingBeard_g03_c05.avi,ShavingBeard,08:14:09,08:15:27
v_ShavingBeard_g03_c06.avi,ShavingBeard,19:54:25,19:55:05
v_ShavingBeard_g04_c01.avi,ShavingBeard,19:38:00,19:38:40
v_ShavingBeard_g04_c04.avi,ShavingBeard,18:29:15,18:30:34
v_ShavingBeard_g05_c01.avi,ShavingBeard,10:31:30,10:31:53
v_ShavingBeard_g05_c03.avi,ShavingBeard,13:24:48,13:25:34
v_ShavingBeard_g05_c04.avi,ShavingBeard,09:12:47,09:13:44
v_ShavingBeard_g05_c05.avi,ShavingBeard,20:27:55,20:29:07
v_ShavingBeard_g05_c06.avi,ShavingBeard,10:24:14,10:25:33
v_ShavingBeard_g06_c02.avi,ShavingBeard,15:38:40,15:39:38
v_ShavingBeard_g06_c03.avi,ShavingBeard,20:39:05,20:40:26
v_ShavingBeard_g06_c06.avi,ShavingBeard,19:54:17,19:54:30
v_ShavingBeard_g06_c07.avi,ShavingBeard,19:56:44,19:57:24
v_ShavingBeard_g07_c01.avi,ShavingBeard,09:28:28,09:28:49
v_ShavingBeard_g07_c02.avi,ShavingBeard,20:07:05,20:08:10
v_ShavingBeard_g07_c03.avi,ShavingBeard,22:50:15,22:51:30
v_ShavingBeard_g07_c05.avi,ShavingBeard,06:23:35,06:24:39
v_ShavingBeard_g07_c06.avi,ShavingBeard,19:41:49,19:42:25
v_ShavingBeard_g08_c01.avi,ShavingBeard,06:49:14,06:49:49
v_ShavingBeard_g08_c03.avi,ShavingBeard,12:28:46,12:30:38
v_ShavingBeard_g08_c04.avi,ShavingBeard,10:37:43,10:37:54
v_ShavingBeard_g08_c05.avi,ShavingBeard,08:36:18,08:37:49
v_ShavingBeard_g08_c06.avi,ShavingBeard,16:39:23,16:39:57
v_ShavingBeard_g09_c01.avi,ShavingBeard,09:19:32,09:20:57
v_ShavingBeard_g09_c03.avi,ShavingBeard,21:15:57,21:16:22
v_ShavingBeard_g09_c04.avi,ShavingBeard,09:23:06,09:23:44
v_ShavingBeard_g09_c05.avi,ShavingBeard,15:56:22,15:57:04
v_ShavingBeard_g09_c07.avi,ShavingBeard,15:42:39,15:43:07
v_ShavingBeard_g10_c01.avi,ShavingBeard,19:12:55,19:14:52
v_ShavingBeard_g10_c02.avi,ShavingBeard,21:11:41,21:12:26
v_ShavingBeard_g10_c05.avi,ShavingBeard,15:41:32,15:42:58
v_ShavingBeard_g10_c06.avi,ShavingBeard,16:55:15,16:55:37
v_ShavingBeard_g10_c07.avi,ShavingBeard,18:58:57,18:59:53
v_ShavingBeard_g11_c01.avi,ShavingBeard,11:05:54,11:07:00
v_ShavingBeard_g11_c02.avi,ShavingBeard,16:55:16,16:56:41
v_ShavingBeard_g11_c04.avi,ShavingBeard,20:25:03,20:26:54
v_ShavingBeard_g12_c01.avi,ShavingBeard,10:55:29,10:56:53
v_ShavingBeard_g12_c04.avi,ShavingBeard,11:44:40,11:45:22
v_ShavingBeard_g12_c05.avi,ShavingBeard,16:18:42,16:19:12
v_ShavingBeard_g12_c06.avi,ShavingBeard,13:46:16,13:48:02
v_ShavingBeard_g13_c01.avi,ShavingBeard,10:52:59,10:53:09
v_ShavingBeard_g13_c02.avi,ShavingBeard,20:13:44,20:15:01
v_ShavingBeard_g13_c03.avi,ShavingBeard,09:25:36,09:27:09
v_ShavingBeard_g13_c06.avi,ShavingBeard,17:57:48,17:59:22
v_ShavingBeard_g14_c02.avi,ShavingBeard,06:06:51,06:08:23
v_ShavingBeard_g14_c03.avi,ShavingBeard,07:59:49,08:00:45
v_ShavingBeard_g14_c04.avi,ShavingBeard,11:44:47,11:45:44
v_ShavingBeard_g14_c05.avi,ShavingBeard,19:39:09,19:41:06
v_ShavingBeard_g14_c06.avi,ShavingBeard,15:35:58,15:37:03
v_ShavingBeard_g15_c01.avi,ShavingBeard,06:17:19,06:17:46
v_ShavingBeard_g15_c06.avi,ShavingBeard,18:23:41,18:25:41
v_ShavingBeard_g15_c07.avi,ShavingBeard,15:12:01,15:13:21
v_ShavingBeard_g16_c01.avi,ShavingBeard,10:53:00,10:54:44
v_ShavingBeard_g16_c02.avi,ShavingBeard,15:19:17,15:21:03
v_ShavingBeard_g16_c03.avi,ShavingBeard,16:22:26,16:24:05
v_ShavingBeard_g16_c05.avi,ShavingBeard,14:22:28,14:22:39
v_ShavingBeard_g16_c06.avi,ShavingBeard,07:27:08,07:28:22
v_ShavingBeard_g17_c04.avi,ShavingBeard,19:03:03,19:03:20
v_ShavingBeard_g17_c06.avi,ShavingBeard,13:58:35,14:00:00
v_ShavingBeard_g18_c01.avi,ShavingBeard,12:12:38,12:13:07
v_ShavingBeard_g18_c02.avi,ShavingBeard,10:06:34,10:06:55
v_ShavingBeard_g18_c03.avi,ShavingBeard,09:30:07,09:30:27
v_ShavingBeard_g18_c04.avi,ShavingBeard,09:52:28,09:53:22
v_ShavingBeard_g18_c06.avi,ShavingBeard,12:21:27,12:22:10
v_ShavingBeard_g19_c03.avi,ShavingBeard,19:54:30,19:54:47
v_ShavingBeard_g19_c04.avi,ShavingBeard,06:42:15,06:43:27
v_ShavingBeard_g19_c06.avi,ShavingBeard,16:27:44,16:28:39
v_ShavingBeard_g19_c07.avi,ShavingBeard,14:36:22,14:38:15
v_ShavingBeard_g20_c02.avi,ShavingBeard,19:41:02,19:41:37
v_ShavingBeard_g20_c03.avi,ShavingBeard,17:24:42,17:25:35
v_ShavingBeard_g20_c06.avi,ShavingBeard,13:39:36,13:41:32
v_ShavingBeard_g21_c01.avi,ShavingBeard,19:34:24,19:34:50
v_ShavingBeard_g21_c02.avi,ShavingBeard,13:01:56,13:03:25
v_ShavingBeard_g21_c03.avi,ShavingBeard,07:02:47,07:04:34
v_ShavingBeard_g21_c07.avi,ShavingBeard,11:42:38,11:43:58
v_ShavingBeard_g22_c01.avi,ShavingBeard,20:42:52,20:43:14
v_ShavingBeard_g22_c03.avi,ShavingBeard,20:21:35,20:22:18
v_ShavingBeard_g22_c04.avi,ShavingBeard,18:45:46,18:46:10
v_ShavingBeard_g22_c06.avi,ShavingBeard,06:02:37,06:04:01
v_ShavingBeard_g23_c02.avi,ShavingBeard,14:30:45,14:32:04
v_ShavingBeard_g23_c03.avi,ShavingBeard,12:47:02,12:47:13
v_ShavingBeard_g23_c04.avi,ShavingBeard,13:39:46,13:41:23
v_ShavingBeard_g23_c07.avi,ShavingBeard,19:33:40,19:35:16
v_ShavingBeard_g24_c01.avi,ShavingBeard,06:52:06,06:53:05
v_ShavingBeard_g24_c02.avi,ShavingBeard,21:55:27,21:56:49
v_ShavingBeard_g24_c06.avi,ShavingBeard,18:16:03,18:17:38
v_ShavingBeard_g24_c07.avi,ShavingBeard,18:38:15,18:39:10
v_ShavingBeard_g25_c01.avi,ShavingBeard,19:08:30,19:10:13
v_ShavingBeard_g25_c02.avi,ShavingBeard,14:39:55,14:40:20
v_ShavingBeard_g25_c04.avi,ShavingBeard,22:44:26,22:44:54
v_ShavingBeard_g25_c06.avi,ShavingBeard,12:55:57,12:56:42
v_Shotput_g01_c01.avi,Shotput,16:43:11,16:43:27
v_Shotput_g01_c03.avi,Shotput,10:14:30,10:16:17
v_Shotput_g01_c04.avi,Shotput,10:36:22,10:37:49
v_Shotput_g01_c05.avi,Shotput,22:35:57,22:36:39
v_Shotput_g01_c06.avi,Shotput,17:33:32,17:35:32
v_Shotput_g01_c07.avi,Shotput,21:37:44,21:39:16
v_Shotput_g02_c01.avi,Shotput,07:05:46,07:05:56
v_Shotput_g02_c02.avi,Shotput,16:35:35,16:37:00
v_Shotput_g02_c03.avi,Shotput,07:52:25,07:54:04
v_Shotput_g02_c05.avi,Shotput,14:38:53,14:40:25
v_Shotput_g02_c06.avi,Shotput,13:49:36,13:50:03
v_Shotput_g02_c07.avi,Shotput,14:53:44,14:55:28
v_Shotput_g03_c01.avi,Shotput,17:04:18,17:05:15
v_Shotput_g03_c02.avi,Shotput,16:17:29,16:18:21
v_Shotput_g03_c03.avi,Shotput,18:54:00,18:55:49
v_Shotput_g03_c04.avi,Shotput,06:25:46,06:26:38
v_Shotput_g03_c05.avi,Shotput,09:14:56,09:16:29
v_Shotput_g04_c01.avi,Shotput,20:59:28,21:01:13
v_Shotput_g04_c02.avi,Shotput,17:23:49,17:25:45
v_Shotput_g04_c03.avi,Shotput,15:08:48,15:09:05
v_Shotput_g04_c04.avi,Shotput,18:52:29,18:54:26
v_Shotput_g04_c05.avi,Shotput,09:27:03,09:29:00
v_Shotput_g05_c01.avi,Shotput,22:30:23,22:30:46
v_Shotput_g05_c02.avi,Shotput,13:24:54,13:26:01
v_Shotput_g05_c03.avi,Shotput,22:38:28,22:38:42
v_Shotput_g05_c05.avi,Shotput,13:48:12,13:49:44
v_Shotput_g05_c06.avi,Shotput,21:24:35,21:24:55
v_Shotput_g05_c07.avi,Shotput,06:33:40,06:33:55
v_Shotput_g06_c01.avi,Shotput,16:00:12,16:01:13
v_Shotput_g06_c02.avi,Shotput,07:21:17,07:21:33
v_Shotput_g06_c03.avi,Shotput,12:18:27,12:20:08
v_Shotput_g06_c04.avi,Shotput,16:18:52,16:19:08
v_Shotput_g06_c05.avi,Shotput,17:33:40,17:35:36
v_Shotput_g06_c07.avi,Shotput,12:42:22,12:44:17
v_Shotput_g07_c01.avi,Shotput,13:10:43,13:11:52
v_Shotput_g07_c02.avi,Shotput,19:38:34,19:39:55
v_Shotput_g07_c03.avi,Shotput,07:51:13,07:53:05
v_Shotput_g07_c04.avi,Shotput,08:57:34,08:58:19
v_Shotput_g07_c05.avi,Shotput,17:37:48,17:38:24
v_Shotput_g07_c06.avi,Shotput,12:46:45,12:47:38
v_Shotput_g07_c07.avi,Shotput,06:05:46,06:07:25
v_Shotput_g08_c02.avi,Shotput,17:52:54,17:54:34
v_Shotput_g08_c03.avi,Shotput,20:49:48,20:51:21
v_Shotput_g08_c04.avi,Shotput,13:18:26,13:20:02
v_Shotput_g08_c05.avi,Shotput,15:42:12,15:43:29
v_Shotput_g08_c06.avi,Shotput,06:56:04,06:57:48
v_Shotput_g08_c07.avi,Shotput,21:22:19,21:23:10
v_Shotput_g09_c01.avi,Shotput,22:22:49,22:24:34
v_Shotput_g09_c02.avi,Shotput,17:10:38,17:11:43
v_Shotput_g09_c04.avi,Shotput,10:08:41,10:09:43
v_Shotput_g09_c05.avi,Shotput,12:52:31,12:53:40
v_Shotput_g09_c06.avi,Shotput,09:21:37,09:23:15
v_Shotput_g09_c07.avi,Shotput,14:38:01,14:38:17
v_Shotput_g10_c01.avi,Shotput,06:46:22,06:46:35
v_Shotput_g10_c02.avi,Shotput,18:17:09,18:18:45
v_Shotput_g10_c03.avi,Shotput,15:01:11,15:02:36
v_Shotput_g10_c04.avi,Shotput,12:30:00,12:31:56
v_Shotput_g10_c06.avi,Shotput,06:22:57,06:23:57
v_Shotput_g11_c01.avi,Shotput,19:57:56,19:59:23
v_Shotput_g11_c02.avi,Shotput,07:41:51,07:42:58
v_Shotput_g11_c03.avi,Shotput,19:09:40,19:09:52
v_Shotput_g11_c04.avi,Shotput,22:36:12,22:36:59
v_Shotput_g11_c05.avi,Shotput,07:33:48,07:35:18
v_Shotput_g11_c06.avi,Shotput,12:54:38,12:55:42
v_Shotput_g11_c07.avi,Shotput,21:13:57,21:15:52
v_Shotput_g12_c02.avi,Shotput,18:47:07,18:48:34
v_Shotput_g12_c03.avi,Shotput,11:53:22,11:54:14
v_Shotput_g12_c04.avi,Shotput,12:42:49,12:44:15
v_Shotput_g12_c05.avi,Shotput,21:27:39,21:29:16
v_Shotput_g12_c06.avi,Shotput,13:28:49,13:29:35
v_Shotput_g12_c07.avi,Shotput,06:30:57,06:31:15
v_Shotput_g13_c01.avi,Shotput,16:21:54,16:22:49
v_Shotput_g13_c02.avi,Shotput,14:49:27,14:51:07
v_Shotput_g14_c01.avi,Shotput,15:57:19,15:57:41
v_Shotput_g14_c02.avi,Shotput,18:19:20,18:20:36
v_Shotput_g14_c04.avi,Shotput,08:27:37,08:28:52
v_Shotput_g15_c01.avi,Shotput,20:47:47,20:49:36
v_Shotput_g15_c02.avi,Shotput,14:18:33,14:20:19
v_Shotput_g15_c03.avi,Shotput,13:09:03,13:10:25
v_Shotput_g15_c05.avi,Shotput,06:13:40,06:13:53
v_Shotput_g15_c07.avi,Shotput,14:28:55,14:30:43
v_Shotput_g16_c01.avi,Shotput,06:56:33,06:57:14
v_Shotput_g16_c07.avi,Shotput,14:29:59,14:31:23
v_Shotput_g17_c01.avi,Shotput,20:27:40,20:28:35
v_Shotput_g17_c02.avi,Shotput,09:04:35,09:06:06
v_Shotput_g17_c03.avi,Shotput,07:45:15,07:45:49
v_Shotput_g18_c04.avi,Shotput,17:44:42,17:46:07
v_Shotput_g19_c01.avi,Shotput,06:00:06,06:01:06
v_Shotput_g20_c01.avi,Shotput,21:50:16,21:50:53
v_Shotput_g20_c03.avi,Shotput,14:36:40,14:38:13
v_Shotput_g21_c03.avi,Shotput,13:21:33,13:21:57
v_Shotput_g22_c01.avi,Shotput,10:33:50,10:34:51
v_Shotput_g22_c03.avi,Shotput,07:21:49,07:23:21
v_Shotput_g23_c05.avi,Shotput,06:37:06,06:37:47
v_Shotput_g23_c06.avi,Shotput,06:15:49,06:17:05
v_Shotput_g24_c01.avi,Shotput,17:10:09,17:11:33
v_Shotput_g24_c04.avi,Shotput,08:18:48,08:19:00
v_Shotput_g25_c02.avi,Shotput,19:27:08,19:28:40
v_Shotput_g25_c03.avi,Shotput,21:27:52,21:29:48
v_Shotput_g25_c04.avi,Shotput,17:17:21,17:17:37
v_SkateBoarding_g01_c01.avi,SkateBoarding,20:40:44,20:41:21
v_SkateBoarding_g01_c02.avi,SkateBoarding,10:17:34,10:18:36
v_SkateBoarding_g01_c04.avi,SkateBoarding,21:55:17,21:56:23
v_SkateBoarding_g02_c01.avi,SkateBoarding,17:44:57,17:46:28
v_SkateBoarding_g02_c02.avi,SkateBoarding,09:29:29,09:31:25
v_SkateBoarding_g02_c03.avi,SkateBoarding,22:26:55,22:27:38
v_SkateBoarding_g02_c04.avi,SkateBoarding,06:12:01,06:13:37
v_SkateBoarding_g02_c05.avi,SkateBoarding,08:53:01,08:54:48
v_SkateBoarding_g02_c06.avi,SkateBoarding,22:22:14,22:23:44
v_SkateBoarding_g03_c01.avi,SkateBoarding,07:09:52,07:11:14
v_SkateBoarding_g03_c03.avi,SkateBoarding,10:19:18,10:21:03
v_SkateBoarding_g03_c04.avi,SkateBoarding,19:10:07,19:11:45
v_SkateBoarding_g04_c01.avi,SkateBoarding,20:30:50,20:32:01
v_SkateBoarding_g04_c02.avi,SkateBoarding,20:21:36,20:23:23
v_SkateBoarding_g04_c03.avi,SkateBoarding,10:57:47,10:58:05
v_SkateBoarding_g04_c04.avi,SkateBoarding,10:24:57,10:25:56
v_SkateBoarding_g04_c05.avi,SkateBoarding,07:02:41,07:03:40
v_SkateBoarding_g05_c01.avi,SkateBoarding,13:17:54,13:18:48
v_SkateBoarding_g05_c03.avi,SkateBoarding,09:17:34,09:17:45
v_SkateBoarding_g05_c04.avi,SkateBoarding,12:39:44,12:40:03
v_SkateBoarding_g06_c01.avi,SkateBoarding,17:35:04,17:36:15
v_SkateBoarding_g06_c02.avi,SkateBoarding,10:46:34,10:46:49
v_SkateBoarding_g06_c03.avi,SkateBoarding,13:32:12,13:33:22
v_SkateBoarding_g06_c04.avi,SkateBoarding,17:36:25,17:37:42
v_SkateBoarding_g07_c01.avi,SkateBoarding,15:47:19,15:48:50
v_SkateBoarding_g07_c02.avi,SkateBoarding,21:06:36,21:08:35
v_SkateBoarding_g07_c04.avi,SkateBoarding,16:20:16,16:22:07
v_SkateBoarding_g07_c05.avi,SkateBoarding,08:21:40,08:23:13
v_SkateBoarding_g08_c01.avi,SkateBoarding,07:29:41,07:31:06
v_SkateBoarding_g08_c02.avi,SkateBoarding,13:17:55,13:19:14
v_SkateBoarding_g08_c03.avi,SkateBoarding,16:35:53,16:36:21
v_SkateBoarding_g08_c04.avi,SkateBoarding,09:05:47,09:06:28
v_SkateBoarding_g08_c05.avi,SkateBoarding,13:19:03,13:19:57
v_SkateBoarding_g09_c01.avi,SkateBoarding,14:09:38,14:11:19
v_SkateBoarding_g09_c03.avi,SkateBoarding,16:16:14,16:18:03
v_SkateBoarding_g09_c04.avi,SkateBoarding,08:36:20,08:37:36
v_SkateBoarding_g10_c01.avi,SkateBoarding,07:43:36,07:45:27
v_SkateBoarding_g10_c02.avi,SkateBoarding,15:31:39,15:31:52
v_SkateBoarding_g10_c03.avi,SkateBoarding,10:09:16,10:10:45
v_SkateBoarding_g10_c04.avi,SkateBoarding,19:53:01,19:54:15
v_SkateBoarding_g10_c05.avi,SkateBoarding,12:22:00,12:22:29
v_SkateBoarding_g10_c06.avi,SkateBoarding,18:49:31,18:50:43
v_SkateBoarding_g11_c01.avi,SkateBoarding,19:10:53,19:12:17
v_SkateBoarding_g11_c02.avi,SkateBoarding,18:46:54,18:47:24
v_SkateBoarding_g11_c03.avi,SkateBoarding,15:58:30,15:59:11
v_SkateBoarding_g11_c04.avi,SkateBoarding,18:18:59,18:20:22
v_SkateBoarding_g11_c05.avi,SkateBoarding,09:10:14,09:10:28
v_SkateBoarding_g12_c01.avi,SkateBoarding,12:51:37,12:53:33
v_SkateBoarding_g12_c02.avi,SkateBoarding,09:08:25,09:08:42
v_SkateBoarding_g12_c03.avi,SkateBoarding,16:37:29,16:38:43
v_SkateBoarding_g12_c05.avi,SkateBoarding,21:16:05,21:17:24
v_SkateBoarding_g12_c06.avi,SkateBoarding,06:34:56,06:36:27
v_SkateBoarding_g13_c01.avi,SkateBoarding,21:25:36,21:27:01
v_SkateBoarding_g13_c02.avi,SkateBoarding,12:45:51,12:46:19
v_SkateBoarding_g13_c03.avi,SkateBoarding,09:15:28,09:16:23
v_SkateBoarding_g13_c04.avi,SkateBoarding,07:41:03,07:41:50
v_SkateBoarding_g14_c01.avi,SkateBoarding,09:25:24,09:27:23
v_SkateBoarding_g14_c02.avi,SkateBoarding,17:01:10,17:03:09
v_SkateBoarding_g14_c04.avi,SkateBoarding,11:51:21,11:52:29
v_SkateBoarding_g15_c01.avi,SkateBoarding,07:06:23,07:06:43
v_SkateBoarding_g15_c02.avi,SkateBoarding,12:00:04,12:02:02
v_SkateBoarding_g15_c03.avi,SkateBoarding,22:12:31,22:13:00
v_SkateBoarding_g15_c04.avi,SkateBoarding,10:58:39,10:59:04
v_SkateBoarding_g15_c05.avi,SkateBoarding,22:55:00,22:56:03
v_SkateBoarding_g15_c06.avi,SkateBoarding,14:36:38,14:38:11
v_SkateBoarding_g16_c01.avi,SkateBoarding,10:28:04,10:29:02
v_SkateBoarding_g16_c03.avi,SkateBoarding,12:40:15,12:41:55
v_SkateBoarding_g16_c04.avi,SkateBoarding,14:36:23,14:37:07
v_SkateBoarding_g17_c01.avi,SkateBoarding,15:27:02,15:28:22
v_SkateBoarding_g17_c02.avi,SkateBoarding,15:56:31,15:58:23
v_SkateBoarding_g17_c03.avi,SkateBoarding,14:07:22,14:08:41
v_SkateBoarding_g17_c04.avi,SkateBoarding,06:55:32,06:56:34
v_SkateBoarding_g18_c01.avi,SkateBoarding,14:40:36,14:41:49
v_SkateBoarding_g18_c02.avi,SkateBoarding,16:24:02,16:24:31
v_SkateBoarding_g18_c04.avi,SkateBoarding,09:32:47,09:34:46
v_SkateBoarding_g18_c05.avi,SkateBoarding,11:15:23,11:16:56
v_SkateBoarding_g19_c01.avi,SkateBoarding,22:22:13,22:22:55
v_SkateBoarding_g19_c02.avi,SkateBoarding,17:01:53,17:02:06
v_SkateBoarding_g19_c03.avi,SkateBoarding,07:28:59,07:29:09
v_SkateBoarding_g19_c04.avi,SkateBoarding,16:17:41,16:18:08
v_SkateBoarding_g19_c05.avi,SkateBoarding,07:09:12,07:09:40
v_SkateBoarding_g20_c02.avi,SkateBoarding,15:06:58,15:07:43
v_SkateBoarding_g20_c04.avi,SkateBoarding,15:48:55,15:49:34
v_SkateBoarding_g20_c05.avi,SkateBoarding,19:09:15,19:10:11
v_SkateBoarding_g21_c02.avi,SkateBoarding,22:18:41,22:19:39
v_SkateBoarding_g21_c03.avi,SkateBoarding,12:36:11,12:36:46
v_SkateBoarding_g21_c04.avi,SkateBoarding,09:11:15,09:12:08
v_SkateBoarding_g22_c02.avi,SkateBoarding,18:32:37,18:33:47
v_SkateBoarding_g22_c03.avi,SkateBoarding,16:38:28,16:38:52
v_SkateBoarding_g22_c05.avi,SkateBoarding,12:34:45,12:35:02
v_SkateBoarding_g23_c01.avi,SkateBoarding,08:46:01,08:47:04
v_SkateBoarding_g23_c02.avi,SkateBoarding,07:13:10,07:13:27
v_SkateBoarding_g23_c04.avi,SkateBoarding,22:53:31,22:54:40
v_SkateBoarding_g24_c02.avi,SkateBoarding,15:24:37,15:26:10
v_SkateBoarding_g24_c03.avi,SkateBoarding,12:54:47,12:56:26
v_SkateBoarding_g24_c04.avi,SkateBoarding,21:16:14,21:18:03
v_SkateBoarding_g25_c01.avi,SkateBoarding,11:41:31,11:43:11
v_SkateBoarding_g25_c02.avi,SkateBoarding,07:18:58,07:19:38
v_SkateBoarding_g25_c03.avi,SkateBoarding,15:22:31,15:23:48
v_SkateBoarding_g25_c04.avi,SkateBoarding,19:18:20,19:19:55
v_Skiing_g01_c01.avi,Skiing,06:01:25,06:01:42
v_Skiing_g01_c03.avi,Skiing,13:46:29,13:47:21
v_Skiing_g01_c04.avi,Skiing,21:57:37,21:58:30
v_Skiing_g01_c05.avi,Skiing,10:50:49,10:51:07
v_Skiing_g01_c06.avi,Skiing,14:08:47,14:10:12
v_Skiing_g02_c01.avi,Skiing,07:38:37,07:39:01
v_Skiing_g02_c02.avi,Skiing,18:43:36,18:44:48
v_Skiing_g02_c03.avi,Skiing,20:04:55,20:05:13
v_Skiing_g02_c04.avi,Skiing,15:32:59,15:33:12
v_Skiing_g03_c01.avi,Skiing,19:31:02,19:31:23
v_Skiing_g03_c02.avi,Skiing,20:48:40,20:48:52
v_Skiing_g03_c03.avi,Skiing,21:03:58,21:04:53
v_Skiing_g03_c04.avi,Skiing,06:07:54,06:09:18
v_Skiing_g03_c05.avi,Skiing,07:04:13,07:05:13
v_Skiing_g03_c06.avi,Skiing,08:02:08,08:02:53
v_Skiing_g03_c07.avi,Skiing,10:38:38,10:39:36
v_Skiing_g04_c01.avi,Skiing,06:39:36,06:40:11
v_Skiing_g04_c03.avi,Skiing,16:19:26,16:20:21
v_Skiing_g04_c04.avi,Skiing,18:34:46,18:35:26
v_Skiing_g04_c05.avi,Skiing,16:32:20,16:32:42
v_Skiing_g04_c06.avi,Skiing,08:07:53,08:08:40
v_Skiing_g04_c07.avi,Skiing,14:23:43,14:25:04
v_Skiing_g05_c01.avi,Skiing,08:04:47,08:05:24
v_Skiing_g05_c02.avi,Skiing,20:04:46,20:05:22
v_Skiing_g05_c03.avi,Skiing,14:51:41,14:52:10
v_Skiing_g06_c01.avi,Skiing,14:18:55,14:20:07
v_Skiing_g06_c02.avi,Skiing,07:18:07,07:18:55
v_Skiing_g06_c03.avi,Skiing,21:43:36,21:44:29
v_Skiing_g06_c04.avi,Skiing,15:06:06,15:08:00
v_Skiing_g06_c05.avi,Skiing,19:06:48,19:07:31
v_Skiing_g06_c06.avi,Skiing,18:49:22,18:50:05
v_Skiing_g06_c07.avi,Skiing,07:38:46,07:40:04
v_Skiing_g07_c01.avi,Skiing,12:04:45,12:06:04
v_Skiing_g07_c03.avi,Skiing,10:34:20,10:35:00
v_Skiing_g07_c04.avi,Skiing,20:25:58,20:26:41
v_Skiing_g08_c01.avi,Skiing,19:58:39,20:00:36
v_Skiing_g08_c02.avi,Skiing,14:22:00,14:23:26
v_Skiing_g08_c03.avi,Skiing,08:15:25,08:15:40
v_Skiing_g08_c04.avi,Skiing,19:17:09,19:17:28
v_Skiing_g08_c05.avi,Skiing,18:39:53,18:40:03
v_Skiing_g08_c06.avi,Skiing,12:24:33,12:25:23
v_Skiing_g09_c01.avi,Skiing,19:47:00,19:47:29
v_Skiing_g09_c02.avi,Skiing,20:28:36,20:29:00
v_Skiing_g09_c03.avi,Skiing,19:11:33,19:12:17
v_Skiing_g09_c04.avi,Skiing,10:48:09,10:49:41
v_Skiing_g09_c05.avi,Skiing,21:53:24,21:55:06
v_Skiing_g09_c06.avi,Skiing,14:59:02,15:00:58
v_Skiing_g10_c01.avi,Skiing,10:39:18,10:39:44
v_Skiing_g10_c02.avi,Skiing,16:21:35,16:21:53
v_Skiing_g10_c04.avi,Skiing,07:16:58,07:17:45
v_Skiing_g11_c02.avi,Skiing,07:29:09,07:30:22
v_Skiing_g11_c04.avi,Skiing,07:21:00,07:22:43
v_Skiing_g12_c01.avi,Skiing,17:23:22,17:25:19
v_Skiing_g12_c02.avi,Skiing,15:35:54,15:36:45
v_Skiing_g12_c04.avi,Skiing,07:31:32,07:33:17
v_Skiing_g13_c01.avi,Skiing,06:19:49,06:21:10
v_Skiing_g13_c02.avi,Skiing,06:54:58,06:56:27
v_Skiing_g13_c05.avi,Skiing,07:56:42,07:58:12
v_Skiing_g13_c06.avi,Skiing,19:01:27,19:02:18
v_Skiing_g13_c07.avi,Skiing,12:26:19,12:26:31
v_Skiing_g14_c03.avi,Skiing,07:55:52,07:56:06
v_Skiing_g14_c04.avi,Skiing,21:59:18,22:00:41
v_Skiing_g15_c01.avi,Skiing,06:44:29,06:44:51
v_Skiing_g15_c02.avi,Skiing,12:55:03,12:56:48
v_Skiing_g15_c03.avi,Skiing,18:18:08,18:19:59
v_Skiing_g15_c04.avi,Skiing,10:10:54,10:11:47
v_Skiing_g15_c05.avi,Skiing,07:08:44,07:09:49
v_Skiing_g16_c03.avi,Skiing,08:06:04,08:07:16
v_Skiing_g16_c04.avi,Skiing,11:43:26,11:45:20
v_Skiing_g16_c05.avi,Skiing,19:34:25,19:34:39
v_Skiing_g17_c02.avi,Skiing,21:26:38,21:27:19
v_Skiing_g17_c03.avi,Skiing,10:27:19,10:27:58
v_Skiing_g17_c04.avi,Skiing,12:28:58,12:29:13
v_Skiing_g18_c02.avi,Skiing,18:25:24,18:27:19
v_Skiing_g18_c04.avi,Skiing,11:24:18,11:25:00
v_Skiing_g19_c01.avi,Skiing,12:49:25,12:50:33
v_Skiing_g19_c02.avi,Skiing,07:35:40,07:35:58
v_Skiing_g19_c04.avi,Skiing,10:34:31,10:34:48
v_Skiing_g19_c05.avi,Skiing,22:29:03,22:29:43
v_Skiing_g20_c01.avi,Skiing,11:02:12,11:04:07
v_Skiing_g20_c02.avi,Skiing,09:30:44,09:31:43
v_Skiing_g20_c03.avi,Skiing,22:34:50,22:35:33
v_Skiing_g20_c06.avi,Skiing,08:58:31,08:59:20
v_Skiing_g20_c07.avi,Skiing,14:07:49,14:09:13
v_Skiing_g21_c03.avi,Skiing,09:55:15,09:55:46
v_Skiing_g21_c04.avi,Skiing,14:31:54,14:33:31
v_Skiing_g21_c05.avi,Skiing,06:06:19,06:06:37
v_Skiing_g21_c06.avi,Skiing,15:53:59,15:55:07
v_Skiing_g22_c01.avi,Skiing,16:21:37,16:22:37
v_Skiing_g22_c02.avi,Skiing,16:17:51,16:19:44
v_Skiing_g22_c05.avi,Skiing,08:03:28,08:03:38
v_Skiing_g23_c02.avi,Skiing,09:30:55,09:31:57
v_Skiing_g23_c03.avi,Skiing,20:55:28,20:56:42
v_Skiing_g23_c04.avi,Skiing,06:34:30,06:35:24
v_Skiing_g24_c02.avi,Skiing,13:37:50,13:38:59
v_Skiing_g24_c03.avi,Skiing,13:51:23,13:51:55
v_Skiing_g24_c05.avi,Skiing,19:27:38,19:28:13
v_Skiing_g24_c06.avi,Skiing,09:42:03,09:43:48
v_Skiing_g25_c03.avi,Skiing,08:28:25,08:29:45
v_Skiing_g25_c04.avi,Skiing,10:50:26,10:50:51
v_Skijet_g01_c01.avi,Skijet,12:05:42,12:06:03
v_Skijet_g01_c02.avi,Skijet,17:02:25,17:03:10
v_Skijet_g01_c03.avi,Skijet,08:24:09,08:25:01
v_Skijet_g01_c04.avi,Skijet,12:24:45,12:26:11
v_Skijet_g02_c01.avi,Skijet,16:59:52,17:01:03
v_Skijet_g02_c02.avi,Skijet,11:31:57,11:32:47
v_Skijet_g02_c03.avi,Skijet,21:48:47,21:50:08
v_Skijet_g02_c04.avi,Skijet,16:56:14,16:57:51
v_Skijet_g03_c01.avi,Skijet,19:43:13,19:44:31
v_Skijet_g03_c02.avi,Skijet,22:10:05,22:10:59
v_Skijet_g03_c03.avi,Skijet,14:57:10,14:58:38
v_Skijet_g03_c04.avi,Skijet,10:10:41,10:11:00
v_Skijet_g04_c01.avi,Skijet,22:35:09,22:35:58
v_Skijet_g04_c02.avi,Skijet,07:38:02,07:39:41
v_Skijet_g04_c03.avi,Skijet,07:15:02,07:16:28
v_Skijet_g04_c04.avi,Skijet,12:25:14,12:25:43
v_Skijet_g05_c01.avi,Skijet,22:13:34,22:14:59
v_Skijet_g05_c02.avi,Skijet,06:34:40,06:34:52
v_Skijet_g05_c03.avi,Skijet,16:05:21,16:06:45
v_Skijet_g05_c04.avi,Skijet,19:03:04,19:03:51
v_Skijet_g06_c01.avi,Skijet,11:06:46,11:08:04
v_Skijet_g06_c02.avi,Skijet,22:43:47,22:45:01
v_Skijet_g06_c03.avi,Skijet,14:44:15,14:45:16
v_Skijet_g06_c04.avi,Skijet,08:23:19,08:23:59
v_Skijet_g07_c01.avi,Skijet,13:20:00,13:21:11
v_Skijet_g07_c02.avi,Skijet,11:29:55,11:30:13
v_Skijet_g07_c03.avi,Skijet,09:17:20,09:18:54
v_Skijet_g07_c04.avi,Skijet,16:18:10,16:19:12
v_Skijet_g08_c01.avi,Skijet,19:44:04,19:45:41
v_Skijet_g08_c02.avi,Skijet,17:46:55,17:48:15
v_Skijet_g08_c03.avi,Skijet,10:45:01,10:45:58
v_Skijet_g08_c04.avi,Skijet,09:52:27,09:53:36
v_Skijet_g09_c01.avi,Skijet,17:50:31,17:50:56
v_Skijet_g09_c02.avi,Skijet,11:37:36,11:38:32
v_Skijet_g09_c03.avi,Skijet,06:30:46,06:32:20
v_Skijet_g09_c04.avi,Skijet,14:08:04,14:08:36
v_Skijet_g10_c01.avi,Skijet,16:46:54,16:48:54
v_Skijet_g10_c02.avi,Skijet,16:06:12,16:07:27
v_Skijet_g10_c03.avi,Skijet,14:49:45,14:51:42
v_Skijet_g10_c04.avi,Skijet,11:38:34,11:39:29
v_Skijet_g11_c01.avi,Skijet,19:35:59,19:37:29
v_Skijet_g11_c02.avi,Skijet,11:30:21,11:31:45
v_Skijet_g11_c03.avi,Skijet,09:55:17,09:56:02
v_Skijet_g11_c04.avi,Skijet,21:02:49,21:03:30
v_Skijet_g12_c01.avi,Skijet,06:35:17,06:36:54
v_Skijet_g12_c02.avi,Skijet,12:41:46,12:43:10
v_Skijet_g12_c03.avi,Skijet,07:41:20,07:41:40
v_Skijet_g12_c04.avi,Skijet,13:35:53,13:36:48
v_Skijet_g13_c01.avi,Skijet,20:47:11,20:48:58
v_Skijet_g13_c02.avi,Skijet,20:26:33,20:27:11
v_Skijet_g13_c03.avi,Skijet,17:24:09,17:25:21
v_Skijet_g13_c04.avi,Skijet,19:49:25,19:50:56
v_Skijet_g14_c01.avi,Skijet,12:08:53,12:09:24
v_Skijet_g14_c02.avi,Skijet,22:00:20,22:01:10
v_Skijet_g14_c03.avi,Skijet,16:31:00,16:31:23
v_Skijet_g14_c04.avi,Skijet,09:57:32,09:57:54
v_Skijet_g15_c01.avi,Skijet,17:23:05,17:23:56
v_Skijet_g15_c02.avi,Skijet,07:32:21,07:34:03
v_Skijet_g15_c03.avi,Skijet,17:23:42,17:24:11
v_Skijet_g15_c04.avi,Skijet,11:28:41,11:29:46
v_Skijet_g16_c01.avi,Skijet,08:09:40,08:10:46
v_Skijet_g16_c02.avi,Skijet,15:57:11,15:58:47
v_Skijet_g16_c03.avi,Skijet,08:48:51,08:50:10
v_Skijet_g16_c04.avi,Skijet,21:59:15,22:00:14
v_Skijet_g17_c01.avi,Skijet,12:19:32,12:19:48
v_Skijet_g17_c02.avi,Skijet,06:59:30,07:01:06
v_Skijet_g17_c03.avi,Skijet,07:43:11,07:44:47
v_Skijet_g17_c04.avi,Skijet,06:46:42,06:48:14
v_Skijet_g18_c01.avi,Skijet,09:25:49,09:26:16
v_Skijet_g18_c02.avi,Skijet,08:03:10,08:03:59
v_Skijet_g18_c03.avi,Skijet,09:58:33,09:58:44
v_Skijet_g18_c04.avi,Skijet,18:55:56,18:56:16
v_Skijet_g19_c01.avi,Skijet,21:46:07,21:46:40
v_Skijet_g19_c02.avi,Skijet,19:58:27,19:59:19
v_Skijet_g19_c03.avi,Skijet,07:51:24,07:52:14
v_Skijet_g19_c04.avi,Skijet,20:28:30,20:29:14
v_Skijet_g20_c01.avi,Skijet,21:46:06,21:46:44
v_Skijet_g20_c02.avi,Skijet,12:26:16,12:26:59
v_Skijet_g20_c03.avi,Skijet,13:45:11,13:46:31
v_Skijet_g20_c04.avi,Skijet,18:55:16,18:56:23
v_Skijet_g21_c01.avi,Skijet,10:59:59,11:01:50
v_Skijet_g21_c02.avi,Skijet,22:17:27,22:19:18
v_Skijet_g21_c03.avi,Skijet,16:00:30,16:01:25
v_Skijet_g21_c04.avi,Skijet,10:13:40,10:15:31
v_Skijet_g22_c01.avi,Skijet,09:20:24,09:22:03
v_Skijet_g22_c02.avi,Skijet,06:33:35,06:34:58
v_Skijet_g22_c03.avi,Skijet,07:46:19,07:46:52
v_Skijet_g22_c04.avi,Skijet,08:23:26,08:24:53
v_Skijet_g23_c01.avi,Skijet,13:44:58,13:46:30
v_Skijet_g23_c02.avi,Skijet,09:01:36,09:02:28
v_Skijet_g23_c03.avi,Skijet,08:29:21,08:29:59
v_Skijet_g23_c04.avi,Skijet,06:29:01,06:30:47
v_Skijet_g24_c01.avi,Skijet,07:37:30,07:39:24
v_Skijet_g24_c02.avi,Skijet,10:14:53,10:16:43
v_Skijet_g24_c03.avi,Skijet,12:18:27,12:19:43
v_Skijet_g24_c04.avi,Skijet,17:54:59,17:56:37
v_Skijet_g25_c01.avi,Skijet,09:56:33,09:58:13
v_Skijet_g25_c02.avi,Skijet,12:49:32,12:50:01
v_Skijet_g25_c03.avi,Skijet,16:41:39,16:43:06
v_Skijet_g25_c04.avi,Skijet,17:12:38,17:14:05
v_SkyDiving_g01_c01.avi,SkyDiving,08:44:21,08:45:05
v_SkyDiving_g01_c03.avi,SkyDiving,11:42:53,11:43:39
v_SkyDiving_g01_c04.avi,SkyDiving,06:16:19,06:16:39
v_SkyDiving_g02_c01.avi,SkyDiving,12:21:36,12:22:18
v_SkyDiving_g02_c02.avi,SkyDiving,08:56:07,08:57:40
v_SkyDiving_g02_c03.avi,SkyDiving,18:22:54,18:23:40
v_SkyDiving_g02_c04.avi,SkyDiving,11:32:51,11:33:29
v_SkyDiving_g03_c01.avi,SkyDiving,06:49:45,06:50:46
v_SkyDiving_g03_c02.avi,SkyDiving,21:41:48,21:43:25
v_SkyDiving_g03_c04.avi,SkyDiving,14:32:35,14:33:40
v_SkyDiving_g03_c05.avi,SkyDiving,16:58:29,16:59:37
v_SkyDiving_g04_c01.avi,SkyDiving,13:13:34,13:14:16
v_SkyDiving_g04_c02.avi,SkyDiving,09:56:44,09:58:19
v_SkyDiving_g04_c03.avi,SkyDiving,19:43:49,19:44:33
v_SkyDiving_g04_c04.avi,SkyDiving,16:00:34,16:01:05
v_SkyDiving_g05_c01.avi,SkyDiving,15:32:17,15:33:29
v_SkyDiving_g05_c02.avi,SkyDiving,09:11:49,09:13:37
v_SkyDiving_g05_c04.avi,SkyDiving,14:05:45,14:07:44
v_SkyDiving_g05_c05.avi,SkyDiving,07:08:57,07:10:21
v_SkyDiving_g06_c01.avi,SkyDiving,21:40:15,21:40:32
v_SkyDiving_g06_c02.avi,SkyDiving,22:13:21,22:13:55
v_SkyDiving_g06_c03.avi,SkyDiving,22:54:42,22:56:13
v_SkyDiving_g06_c04.avi,SkyDiving,10:29:54,10:31:33
v_SkyDiving_g07_c01.avi,SkyDiving,11:27:47,11:28:57
v_SkyDiving_g07_c02.avi,SkyDiving,19:05:08,19:06:56
v_SkyDiving_g07_c04.avi,SkyDiving,21:33:31,21:35:14
v_SkyDiving_g07_c05.avi,SkyDiving,15:08:23,15:09:12
v_SkyDiving_g08_c01.avi,SkyDiving,06:01:14,06:02:22
v_SkyDiving_g08_c02.avi,SkyDiving,08:19:52,08:20:59
v_SkyDiving_g08_c03.avi,SkyDiving,10:31:29,10:32:35
v_SkyDiving_g08_c04.avi,SkyDiving,16:07:24,16:07:42
v_SkyDiving_g09_c01.avi,SkyDiving,17:17:57,17:19:54
v_SkyDiving_g09_c02.avi,SkyDiving,21:13:06,21:13:30
v_SkyDiving_g09_c04.avi,SkyDiving,15:21:43,15:22:35
v_SkyDiving_g10_c01.avi,SkyDiving,12:11:53,12:13:44
v_SkyDiving_g10_c02.avi,SkyDiving,14:56:20,14:56:54
v_SkyDiving_g10_c03.avi,SkyDiving,16:36:50,16:37:31
v_SkyDiving_g10_c04.avi,SkyDiving,14:10:14,14:11:22
v_SkyDiving_g10_c05.avi,SkyDiving,14:28:28,14:29:56
v_SkyDiving_g11_c01.avi,SkyDiving,12:52:01,12:53:03
v_SkyDiving_g11_c02.avi,SkyDiving,13:26:10,13:27:32
v_SkyDiving_g11_c04.avi,SkyDiving,10:11:01,10:12:09
v_SkyDiving_g12_c01.avi,SkyDiving,09:30:03,09:31:47
v_SkyDiving_g12_c02.avi,SkyDiving,13:07:52,13:08:45
v_SkyDiving_g12_c03.avi,SkyDiving,16:59:07,17:01:00
v_SkyDiving_g12_c04.avi,SkyDiving,13:27:05,13:27:54
v_SkyDiving_g13_c01.avi,SkyDiving,18:45:55,18:47:44
v_SkyDiving_g13_c02.avi,SkyDiving,13:48:27,13:50:03
v_SkyDiving_g13_c03.avi,SkyDiving,19:17:14,19:18:18
v_SkyDiving_g14_c01.avi,SkyDiving,11:19:18,11:20:01
v_SkyDiving_g14_c02.avi,SkyDiving,13:31:40,13:33:13
v_SkyDiving_g14_c03.avi,SkyDiving,12:05:11,12:06:33
v_SkyDiving_g14_c04.avi,SkyDiving,21:03:16,21:04:21
v_SkyDiving_g15_c01.avi,SkyDiving,12:05:08,12:06:09
v_SkyDiving_g15_c02.avi,SkyDiving,12:43:49,12:44:34
v_SkyDiving_g15_c03.avi,SkyDiving,14:25:39,14:26:50
v_SkyDiving_g15_c04.avi,SkyDiving,17:28:48,17:30:12
v_SkyDiving_g16_c01.avi,SkyDiving,12:59:48,13:01:48
v_SkyDiving_g16_c02.avi,SkyDiving,15:05:23,15:06:12
v_SkyDiving_g16_c03.avi,SkyDiving,13:11:15,13:12:31
v_SkyDiving_g16_c04.avi,SkyDiving,20:49:56,20:51:14
v_SkyDiving_g17_c01.avi,SkyDiving,16:04:10,16:05:19
v_SkyDiving_g17_c02.avi,SkyDiving,16:34:33,16:35:58
v_SkyDiving_g17_c03.avi,SkyDiving,11:02:11,11:02:43
v_SkyDiving_g17_c04.avi,SkyDiving,13:41:51,13:43:16
v_SkyDiving_g18_c01.avi,SkyDiving,21:51:03,21:51:29
v_SkyDiving_g18_c02.avi,SkyDiving,13:36:39,13:37:51
v_SkyDiving_g18_c03.avi,SkyDiving,20:42:15,20:43:23
v_SkyDiving_g18_c04.avi,SkyDiving,09:06:30,09:06:44
v_SkyDiving_g18_c05.avi,SkyDiving,17:44:09,17:46:01
v_SkyDiving_g18_c06.avi,SkyDiving,06:06:27,06:07:56
v_SkyDiving_g19_c01.avi,SkyDiving,16:20:36,16:20:55
v_SkyDiving_g19_c02.avi,SkyDiving,12:23:30,12:23:55
v_SkyDiving_g19_c04.avi,SkyDiving,16:33:09,16:33:33
v_SkyDiving_g20_c01.avi,SkyDiving,22:28:52,22:30:09
v_SkyDiving_g20_c02.avi,SkyDiving,14:12:14,14:13:27
v_SkyDiving_g20_c03.avi,SkyDiving,06:23:17,06:24:50
v_SkyDiving_g20_c04.avi,SkyDiving,09:15:53,09:17:52
v_SkyDiving_g20_c05.avi,SkyDiving,15:54:21,15:55:24
v_SkyDiving_g20_c06.avi,SkyDiving,20:18:03,20:18:31
v_SkyDiving_g21_c01.avi,SkyDiving,17:28:07,17:29:27
v_SkyDiving_g21_c02.avi,SkyDiving,16:36:42,16:37:01
v_SkyDiving_g21_c03.avi,SkyDiving,07:32:53,07:34:08
v_SkyDiving_g21_c04.avi,SkyDiving,21:05:26,21:06:19
v_SkyDiving_g22_c01.avi,SkyDiving,06:25:01,06:26:00
v_SkyDiving_g22_c02.avi,SkyDiving,17:16:14,17:17:49
v_SkyDiving_g22_c03.avi,SkyDiving,10:49:38,10:51:34
v_SkyDiving_g22_c04.avi,SkyDiving,22:13:18,22:13:37
v_SkyDiving_g23_c01.avi,SkyDiving,07:04:42,07:06:38
v_SkyDiving_g23_c02.avi,SkyDiving,07:32:12,07:32:36
v_SkyDiving_g23_c03.avi,SkyDiving,21:21:24,21:23:11
v_SkyDiving_g23_c04.avi,SkyDiving,09:57:45,09:58:08
v_SkyDiving_g24_c01.avi,SkyDiving,14:54:39,14:55:28
v_SkyDiving_g24_c02.avi,SkyDiving,10:19:08,10:20:28
v_SkyDiving_g24_c03.avi,SkyDiving,21:30:55,21:32:12
v_SkyDiving_g24_c04.avi,SkyDiving,20:38:08,20:39:12
v_SkyDiving_g25_c01.avi,SkyDiving,13:52:27,13:53:00
v_SkyDiving_g25_c02.avi,SkyDiving,16:40:11,16:41:35
v_SkyDiving_g25_c03.avi,SkyDiving,06:43:29,06:44:43
v_SkyDiving_g25_c04.avi,SkyDiving,14:48:03,14:49:41
v_SoccerJuggling_g01_c01.avi,SoccerJuggling,11:28:29,11:28:45
v_SoccerJuggling_g01_c03.avi,SoccerJuggling,17:05:22,17:06:43
v_SoccerJuggling_g01_c04.avi,SoccerJuggling,22:38:21,22:38:43
v_SoccerJuggling_g02_c03.avi,SoccerJuggling,07:37:38,07:38:08
v_SoccerJuggling_g02_c04.avi,SoccerJuggling,08:37:28,08:38:25
v_SoccerJuggling_g03_c01.avi,SoccerJuggling,06:35:46,06:36:21
v_SoccerJuggling_g03_c02.avi,SoccerJuggling,09:07:12,09:08:55
v_SoccerJuggling_g03_c03.avi,SoccerJuggling,20:22:07,20:22:26
v_SoccerJuggling_g04_c01.avi,SoccerJuggling,13:41:09,13:42:25
v_SoccerJuggling_g04_c04.avi,SoccerJuggling,15:19:23,15:20:29
v_SoccerJuggling_g04_c06.avi,SoccerJuggling,21:20:10,21:21:30
v_SoccerJuggling_g05_c02.avi,SoccerJuggling,06:52:40,06:53:16
v_SoccerJuggling_g05_c05.avi,SoccerJuggling,20:49:32,20:51:29
v_SoccerJuggling_g05_c06.avi,SoccerJuggling,12:37:48,12:38:41
v_SoccerJuggling_g06_c04.avi,SoccerJuggling,10:51:21,10:53:21
v_SoccerJuggling_g06_c05.avi,SoccerJuggling,07:09:41,07:10:09
v_SoccerJuggling_g07_c01.avi,SoccerJuggling,11:16:54,11:18:26
v_SoccerJuggling_g07_c02.avi,SoccerJuggling,10:41:47,10:43:42
v_SoccerJuggling_g07_c04.avi,SoccerJuggling,09:03:32,09:05:29
v_SoccerJuggling_g07_c05.avi,SoccerJuggling,17:34:13,17:35:20
v_SoccerJuggling_g08_c04.avi,SoccerJuggling,18:04:51,18:06:29
v_SoccerJuggling_g09_c01.avi,SoccerJuggling,14:41:46,14:43:26
v_SoccerJuggling_g09_c03.avi,SoccerJuggling,22:32:28,22:33:34
v_SoccerJuggling_g09_c05.avi,SoccerJuggling,20:41:59,20:43:16
v_SoccerJuggling_g09_c06.avi,SoccerJuggling,21:28:27,21:30:06
v_SoccerJuggling_g09_c07.avi,SoccerJuggling,13:43:25,13:43:51
v_SoccerJuggling_g10_c01.avi,SoccerJuggling,09:53:23,09:53:42
v_SoccerJuggling_g10_c02.avi,SoccerJuggling,22:59:21,23:01:05
v_SoccerJuggling_g10_c03.avi,SoccerJuggling,11:30:13,11:31:17
v_SoccerJuggling_g10_c04.avi,SoccerJuggling,15:07:30,15:08:55
v_SoccerJuggling_g11_c03.avi,SoccerJuggling,21:13:04,21:14:23
v_SoccerJuggling_g11_c04.avi,SoccerJuggling,13:34:37,13:36:17
v_SoccerJuggling_g11_c05.avi,SoccerJuggling,08:29:21,08:29:48
v_SoccerJuggling_g11_c06.avi,SoccerJuggling,15:28:01,15:28:35
v_SoccerJuggling_g12_c01.avi,SoccerJuggling,18:10:03,18:11:54
v_SoccerJuggling_g12_c02.avi,SoccerJuggling,20:20:16,20:20:56
v_SoccerJuggling_g12_c03.avi,SoccerJuggling,16:32:40,16:33:09
v_SoccerJuggling_g12_c04.avi,SoccerJuggling,20:41:58,20:43:26
v_SoccerJuggling_g13_c01.avi,SoccerJuggling,14:49:22,14:50:45
v_SoccerJuggling_g13_c02.avi,SoccerJuggling,21:30:35,21:31:31
v_SoccerJuggling_g13_c03.avi,SoccerJuggling,22:52:26,22:53:12
v_SoccerJuggling_g13_c04.avi,SoccerJuggling,20:32:10,20:32:55
v_SoccerJuggling_g13_c05.avi,SoccerJuggling,22:50:16,22:51:29
v_SoccerJuggling_g14_c01.avi,SoccerJuggling,07:02:23,07:04:14
v_SoccerJuggling_g14_c02.avi,SoccerJuggling,16:43:09,16:43:23
v_SoccerJuggling_g14_c04.avi,SoccerJuggling,22:24:00,22:25:00
v_SoccerJuggling_g14_c06.avi,SoccerJuggling,19:09:35,19:10:19
v_SoccerJuggling_g14_c07.avi,SoccerJuggling,21:22:56,21:23:57
v_SoccerJuggling_g15_c01.avi,SoccerJuggling,14:51:36,14:52:58
v_SoccerJuggling_g15_c02.avi,SoccerJuggling,09:12:48,09:13:04
v_SoccerJuggling_g15_c03.avi,SoccerJuggling,08:58:10,08:59:31
v_SoccerJuggling_g15_c04.avi,SoccerJuggling,15:54:53,15:56:05
v_SoccerJuggling_g16_c02.avi,SoccerJuggling,14:50:44,14:51:02
v_SoccerJuggling_g16_c03.avi,SoccerJuggling,06:25:01,06:26:49
v_SoccerJuggling_g16_c05.avi,SoccerJuggling,17:36:56,17:38:18
v_SoccerJuggling_g16_c06.avi,SoccerJuggling,08:24:15,08:25:43
v_SoccerJuggling_g16_c07.avi,SoccerJuggling,19:41:08,19:42:34
v_SoccerJuggling_g17_c01.avi,SoccerJuggling,07:03:24,07:05:19
v_SoccerJuggling_g17_c02.avi,SoccerJuggling,12:07:50,12:09:42
v_SoccerJuggling_g17_c04.avi,SoccerJuggling,22:34:47,22:35:06
v_SoccerJuggling_g17_c05.avi,SoccerJuggling,07:04:04,07:04:35
v_SoccerJuggling_g17_c06.avi,SoccerJuggling,17:58:20,17:59:47
v_SoccerJuggling_g18_c01.avi,SoccerJuggling,21:33:13,21:33:49
v_SoccerJuggling_g18_c02.avi,SoccerJuggling,22:35:02,22:36:18
v_SoccerJuggling_g18_c03.avi,SoccerJuggling,16:58:59,17:00:12
v_SoccerJuggling_g18_c04.avi,SoccerJuggling,13:15:44,13:17:25
v_SoccerJuggling_g18_c06.avi,SoccerJuggling,20:44:34,20:46:13
v_SoccerJuggling_g18_c07.avi,SoccerJuggling,10:09:20,10:09:33
v_SoccerJuggling_g19_c01.avi,SoccerJuggling,21:15:42,21:16:24
v_SoccerJuggling_g19_c02.avi,SoccerJuggling,14:12:49,14:13:50
v_SoccerJuggling_g19_c04.avi,SoccerJuggling,14:03:24,14:04:55
v_SoccerJuggling_g19_c05.avi,SoccerJuggling,18:07:44,18:08:42
v_SoccerJuggling_g19_c06.avi,SoccerJuggling,18:56:50,18:57:56
v_SoccerJuggling_g20_c01.avi,SoccerJuggling,15:27:44,15:28:16
v_SoccerJuggling_g20_c02.avi,SoccerJuggling,13:00:01,13:00:40
v_SoccerJuggling_g20_c03.avi,SoccerJuggling,17:15:06,17:15:42
v_SoccerJuggling_g20_c04.avi,SoccerJuggling,11:26:17,11:28:00
v_SoccerJuggling_g20_c05.avi,SoccerJuggling,08:57:43,08:58:58
v_SoccerJuggling_g21_c01.avi,SoccerJuggling,18:50:53,18:52:07
v_SoccerJuggling_g21_c02.avi,SoccerJuggling,20:14:02,20:15:45
v_SoccerJuggling_g21_c04.avi,SoccerJuggling,07:05:29,07:07:21
v_SoccerJuggling_g21_c05.avi,SoccerJuggling,16:23:22,16:24:15
v_SoccerJuggling_g22_c01.avi,SoccerJuggling,19:29:36,19:30:01
v_SoccerJuggling_g22_c02.avi,SoccerJuggling,17:43:30,17:44:59
v_SoccerJuggling_g22_c03.avi,SoccerJuggling,21:22:20,21:22:49
v_SoccerJuggling_g22_c05.avi,SoccerJuggling,06:46:17,06:46:34
v_SoccerJuggling_g23_c01.avi,SoccerJuggling,22:03:23,22:05:13
v_SoccerJuggling_g23_c02.avi,SoccerJuggling,06:34:07,06:35:45
v_SoccerJuggling_g23_c03.avi,SoccerJuggling,08:00:33,08:00:46
v_SoccerJuggling_g23_c04.avi,SoccerJuggling,12:52:41,12:53:30
v_SoccerJuggling_g23_c05.avi,SoccerJuggling,13:23:52,13:25:03
v_SoccerJuggling_g23_c06.avi,SoccerJuggling,09:54:27,09:55:38
v_SoccerJuggling_g24_c02.avi,SoccerJuggling,19:53:25,19:54:52
v_SoccerJuggling_g24_c04.avi,SoccerJuggling,06:17:44,06:19:04
v_SoccerJuggling_g24_c06.avi,SoccerJuggling,13:48:45,13:50:36
v_SoccerJuggling_g24_c07.avi,SoccerJuggling,20:48:01,20:49:19
v_SoccerJuggling_g25_c01.avi,SoccerJuggling,19:59:01,20:00:27
v_SoccerJuggling_g25_c02.avi,SoccerJuggling,15:28:11,15:29:12
v_SoccerJuggling_g25_c03.avi,SoccerJuggling,13:52:56,13:53:57
v_SoccerJuggling_g25_c06.avi,SoccerJuggling,17:04:22,17:05:22
v_SoccerPenalty_g01_c01.avi,SoccerPenalty,13:49:44,13:51:00
v_SoccerPenalty_g01_c04.avi,SoccerPenalty,14:14:54,14:15:27
v_SoccerPenalty_g01_c05.avi,SoccerPenalty,14:47:06,14:47:47
v_SoccerPenalty_g01_c06.avi,SoccerPenalty,14:10:33,14:11:24
v_SoccerPenalty_g02_c01.avi,SoccerPenalty,19:13:06,19:13:39
v_SoccerPenalty_g02_c02.avi,SoccerPenalty,19:00:37,19:01:42
v_SoccerPenalty_g02_c03.avi,SoccerPenalty,19:20:50,19:22:08
v_SoccerPenalty_g02_c04.avi,SoccerPenalty,12:26:23,12:27:57
v_SoccerPenalty_g03_c01.avi,SoccerPenalty,12:12:12,12:12:32
v_SoccerPenalty_g03_c03.avi,SoccerPenalty,22:43:50,22:45:01
v_SoccerPenalty_g03_c04.avi,SoccerPenalty,18:26:33,18:27:54
v_SoccerPenalty_g03_c05.avi,SoccerPenalty,10:02:39,10:04:07
v_SoccerPenalty_g04_c01.avi,SoccerPenalty,14:05:32,14:05:43
v_SoccerPenalty_g04_c02.avi,SoccerPenalty,18:43:58,18:45:48
v_SoccerPenalty_g04_c03.avi,SoccerPenalty,06:30:50,06:32:25
v_SoccerPenalty_g04_c05.avi,SoccerPenalty,18:23:24,18:23:38
v_SoccerPenalty_g05_c01.avi,SoccerPenalty,21:57:28,21:58:12
v_SoccerPenalty_g05_c03.avi,SoccerPenalty,21:53:04,21:54:03
v_SoccerPenalty_g05_c04.avi,SoccerPenalty,07:38:37,07:40:13
v_SoccerPenalty_g05_c05.avi,SoccerPenalty,16:54:01,16:54:37
v_SoccerPenalty_g05_c06.avi,SoccerPenalty,09:32:23,09:33:13
v_SoccerPenalty_g05_c07.avi,SoccerPenalty,17:23:55,17:24:45
v_SoccerPenalty_g06_c02.avi,SoccerPenalty,21:50:12,21:50:43
v_SoccerPenalty_g06_c03.avi,SoccerPenalty,12:42:50,12:43:00
v_SoccerPenalty_g06_c04.avi,SoccerPenalty,21:35:39,21:37:08
v_SoccerPenalty_g06_c06.avi,SoccerPenalty,15:11:25,15:11:40
v_SoccerPenalty_g06_c07.avi,SoccerPenalty,12:03:53,12:04:37
v_SoccerPenalty_g07_c01.avi,SoccerPenalty,08:41:49,08:42:28
v_SoccerPenalty_g07_c02.avi,SoccerPenalty,14:32:20,14:33:14
v_SoccerPenalty_g07_c04.avi,SoccerPenalty,07:38:33,07:39:43
v_SoccerPenalty_g07_c05.avi,SoccerPenalty,08:23:58,08:25:37
v_SoccerPenalty_g07_c06.avi,SoccerPenalty,11:08:37,11:09:41
v_SoccerPenalty_g08_c01.avi,SoccerPenalty,14:22:13,14:23:26
v_SoccerPenalty_g08_c03.avi,SoccerPenalty,15:10:20,15:11:36
v_SoccerPenalty_g08_c04.avi,SoccerPenalty,13:43:33,13:44:52
v_SoccerPenalty_g08_c05.avi,SoccerPenalty,11:31:37,11:31:56
v_SoccerPenalty_g09_c01.avi,SoccerPenalty,17:19:52,17:21:46
v_SoccerPenalty_g09_c02.avi,SoccerPenalty,13:59:32,14:00:27
v_SoccerPenalty_g09_c03.avi,SoccerPenalty,15:24:01,15:25:51
v_SoccerPenalty_g09_c04.avi,SoccerPenalty,20:46:56,20:48:17
v_SoccerPenalty_g09_c05.avi,SoccerPenalty,13:05:27,13:06:23
v_SoccerPenalty_g10_c02.avi,SoccerPenalty,06:48:51,06:49:38
v_SoccerPenalty_g10_c03.avi,SoccerPenalty,21:20:03,21:21:31
v_SoccerPenalty_g10_c05.avi,SoccerPenalty,06:17:20,06:18:50
v_SoccerPenalty_g11_c01.avi,SoccerPenalty,18:35:55,18:37:36
v_SoccerPenalty_g11_c02.avi,SoccerPenalty,08:12:51,08:13:08
v_SoccerPenalty_g11_c03.avi,SoccerPenalty,22:26:34,22:26:59
v_SoccerPenalty_g11_c04.avi,SoccerPenalty,11:43:12,11:43:30
v_SoccerPenalty_g11_c05.avi,SoccerPenalty,20:18:07,20:18:53
v_SoccerPenalty_g12_c02.avi,SoccerPenalty,12:26:04,12:27:09
v_SoccerPenalty_g12_c04.avi,SoccerPenalty,09:25:34,09:26:25
v_SoccerPenalty_g12_c05.avi,SoccerPenalty,22:58:48,22:59:50
v_SoccerPenalty_g12_c06.avi,SoccerPenalty,07:50:36,07:50:51
v_SoccerPenalty_g12_c07.avi,SoccerPenalty,21:24:24,21:26:21
v_SoccerPenalty_g13_c01.avi,SoccerPenalty,09:04:32,09:05:22
v_SoccerPenalty_g13_c02.avi,SoccerPenalty,09:52:35,09:54:20
v_SoccerPenalty_g13_c03.avi,SoccerPenalty,07:07:21,07:08:28
v_SoccerPenalty_g13_c06.avi,SoccerPenalty,09:10:44,09:12:31
v_SoccerPenalty_g14_c01.avi,SoccerPenalty,14:50:43,14:51:26
v_SoccerPenalty_g14_c02.avi,SoccerPenalty,12:13:08,12:14:04
v_SoccerPenalty_g14_c03.avi,SoccerPenalty,20:17:01,20:18:34
v_SoccerPenalty_g14_c04.avi,SoccerPenalty,22:51:28,22:52:15
v_SoccerPenalty_g14_c05.avi,SoccerPenalty,12:45:18,12:47:14
v_SoccerPenalty_g14_c06.avi,SoccerPenalty,21:38:16,21:38:29
v_SoccerPenalty_g15_c01.avi,SoccerPenalty,09:15:02,09:15:22
v_SoccerPenalty_g15_c04.avi,SoccerPenalty,07:22:44,07:24:11
v_SoccerPenalty_g15_c05.avi,SoccerPenalty,14:40:15,14:40:43
v_SoccerPenalty_g15_c06.avi,SoccerPenalty,21:04:54,21:06:19
v_SoccerPenalty_g15_c07.avi,SoccerPenalty,21:59:52,22:00:08
v_SoccerPenalty_g16_c01.avi,SoccerPenalty,08:23:33,08:24:05
v_SoccerPenalty_g16_c02.avi,SoccerPenalty,20:37:13,20:37:58
v_SoccerPenalty_g16_c03.avi,SoccerPenalty,06:18:31,06:19:55
v_SoccerPenalty_g16_c05.avi,SoccerPenalty,10:44:18,10:46:09
v_SoccerPenalty_g17_c01.avi,SoccerPenalty,09:59:03,09:59:18
v_SoccerPenalty_g17_c03.avi,SoccerPenalty,20:23:20,20:24:35
v_SoccerPenalty_g17_c04.avi,SoccerPenalty,07:25:04,07:25:34
v_SoccerPenalty_g18_c01.avi,SoccerPenalty,15:11:28,15:13:24
v_SoccerPenalty_g18_c02.avi,SoccerPenalty,16:59:52,17:00:17
v_SoccerPenalty_g18_c03.avi,SoccerPenalty,11:15:22,11:16:09
v_SoccerPenalty_g18_c05.avi,SoccerPenalty,22:00:05,22:01:55
v_SoccerPenalty_g19_c01.avi,SoccerPenalty,21:50:24,21:50:43
v_SoccerPenalty_g19_c02.avi,SoccerPenalty,18:57:18,18:58:30
v_SoccerPenalty_g20_c03.avi,SoccerPenalty,09:58:40,09:59:22
v_SoccerPenalty_g20_c05.avi,SoccerPenalty,10:39:20,10:41:01
v_SoccerPenalty_g21_c01.avi,SoccerPenalty,07:55:49,07:57:41
v_SoccerPenalty_g21_c02.avi,SoccerPenalty,16:21:52,16:22:02
v_SoccerPenalty_g21_c03.avi,SoccerPenalty,07:10:46,07:11:48
v_SoccerPenalty_g21_c04.avi,SoccerPenalty,10:32:30,10:33:08
v_SoccerPenalty_g22_c01.avi,SoccerPenalty,12:33:27,12:34:07
v_SoccerPenalty_g22_c05.avi,SoccerPenalty,08:25:26,08:26:31
v_SoccerPenalty_g23_c02.avi,SoccerPenalty,07:52:35,07:54:26
v_SoccerPenalty_g23_c03.avi,SoccerPenalty,15:02:12,15:03:14
v_SoccerPenalty_g23_c04.avi,SoccerPenalty,09:24:20,09:25:37
v_SoccerPenalty_g23_c06.avi,SoccerPenalty,18:39:42,18:40:07
v_SoccerPenalty_g24_c02.avi,SoccerPenalty,15:03:54,15:05:35
v_SoccerPenalty_g24_c03.avi,SoccerPenalty,17:25:54,17:27:50
v_SoccerPenalty_g24_c04.avi,SoccerPenalty,19:14:59,19:16:08
v_SoccerPenalty_g24_c05.avi,SoccerPenalty,12:50:29,12:51:21
v_SoccerPenalty_g25_c01.avi,SoccerPenalty,10:20:38,10:21:38
v_SoccerPenalty_g25_c02.avi,SoccerPenalty,09:54:01,09:55:20
v_StillRings_g01_c01.avi,StillRings,16:42:29,16:43:23
v_StillRings_g01_c03.avi,StillRings,22:51:30,22:51:43
v_StillRings_g01_c04.avi,StillRings,06:43:30,06:44:58
v_StillRings_g01_c05.avi,StillRings,13:34:37,13:36:08
v_StillRings_g02_c01.avi,StillRings,09:10:48,09:11:57
v_StillRings_g02_c02.avi,StillRings,13:52:01,13:53:10
v_StillRings_g02_c03.avi,StillRings,08:19:45,08:20:35
v_StillRings_g02_c04.avi,StillRings,12:57:20,12:58:25
v_StillRings_g03_c01.avi,StillRings,08:33:32,08:35:25
v_StillRings_g03_c03.avi,StillRings,09:43:48,09:44:18
v_StillRings_g03_c04.avi,StillRings,12:41:16,12:41:27
v_StillRings_g03_c05.avi,StillRings,22:09:46,22:09:57
v_StillRings_g03_c06.avi,StillRings,11:14:43,11:16:21
v_StillRings_g03_c07.avi,StillRings,16:08:42,16:09:52
v_StillRings_g04_c01.avi,StillRings,20:08:16,20:09:23
v_StillRings_g04_c02.avi,StillRings,11:34:33,11:34:58
v_StillRings_g04_c03.avi,StillRings,06:19:45,06:21:11
v_StillRings_g05_c01.avi,StillRings,06:36:35,06:37:03
v_StillRings_g05_c02.avi,StillRings,09:06:01,09:06:41
v_StillRings_g05_c03.avi,StillRings,11:32:27,11:34:05
v_StillRings_g05_c04.avi,StillRings,22:31:54,22:33:46
v_StillRings_g06_c01.avi,StillRings,20:03:52,20:05:31
v_StillRings_g06_c02.avi,StillRings,20:35:08,20:35:24
v_StillRings_g06_c03.avi,StillRings,09:16:51,09:17:18
v_StillRings_g06_c04.avi,StillRings,14:51:39,14:53:23
v_StillRings_g07_c02.avi,StillRings,09:03:21,09:03:55
v_StillRings_g07_c03.avi,StillRings,06:11:49,06:12:58
v_StillRings_g07_c04.avi,StillRings,06:28:32,06:29:56
v_StillRings_g08_c01.avi,StillRings,12:15:37,12:17:34
v_StillRings_g08_c02.avi,StillRings,22:08:29,22:08:47
v_StillRings_g08_c03.avi,StillRings,12:41:50,12:42:09
v_StillRings_g08_c04.avi,StillRings,19:58:15,20:00:05
v_StillRings_g09_c01.avi,StillRings,07:26:24,07:28:10
v_StillRings_g09_c03.avi,StillRings,07:30:51,07:32:19
v_StillRings_g09_c04.avi,StillRings,20:43:26,20:45:08
v_StillRings_g10_c01.avi,StillRings,22:00:14,22:01:30
v_StillRings_g10_c02.avi,StillRings,06:35:14,06:35:37
v_StillRings_g10_c03.avi,StillRings,12:37:19,12:39:08
v_StillRings_g10_c04.avi,StillRings,12:24:47,12:25:47
v_StillRings_g10_c05.avi,StillRings,14:23:13,14:24:34
v_StillRings_g10_c06.avi,StillRings,20:00:49,20:01:31
v_StillRings_g11_c02.avi,StillRings,15:10:04,15:11:32
v_StillRings_g11_c03.avi,StillRings,10:55:44,10:56:32
v_StillRings_g11_c04.avi,StillRings,19:53:44,19:54:20
v_StillRings_g12_c01.avi,StillRings,06:13:42,06:15:39
v_StillRings_g12_c02.avi,StillRings,18:08:03,18:08:55
v_StillRings_g12_c03.avi,StillRings,14:56:15,14:57:08
v_StillRings_g12_c04.avi,StillRings,14:23:55,14:24:39
v_StillRings_g13_c01.avi,StillRings,18:01:50,18:03:49
v_StillRings_g13_c03.avi,StillRings,17:50:42,17:51:31
v_StillRings_g13_c04.avi,StillRings,14:44:46,14:45:29
v_StillRings_g14_c01.avi,StillRings,17:12:07,17:12:34
v_StillRings_g14_c02.avi,StillRings,19:03:31,19:04:25
v_StillRings_g14_c03.avi,StillRings,10:25:21,10:27:21
v_StillRings_g14_c04.avi,StillRings,12:26:44,12:28:06
v_StillRings_g15_c01.avi,StillRings,08:50:37,08:51:40
v_StillRings_g15_c02.avi,StillRings,08:10:02,08:10:54
v_StillRings_g15_c04.avi,StillRings,10:32:36,10:34:09
v_StillRings_g16_c01.avi,StillRings,08:09:37,08:10:21
v_StillRings_g16_c02.avi,StillRings,11:32:02,11:32:56
v_StillRings_g16_c03.avi,StillRings,14:49:54,14:50:22
v_StillRings_g16_c04.avi,StillRings,13:52:36,13:53:45
v_StillRings_g17_c01.avi,StillRings,17:06:32,17:08:26
v_StillRings_g17_c02.avi,StillRings,11:21:59,11:23:16
v_StillRings_g17_c03.avi,StillRings,16:03:32,16:04:48
v_StillRings_g18_c01.avi,StillRings,12:14:15,12:14:33
v_StillRings_g18_c02.avi,StillRings,13:57:49,13:59:38
v_StillRings_g18_c03.avi,StillRings,08:49:53,08:50:17
v_StillRings_g18_c04.avi,StillRings,07:20:01,07:21:34
v_StillRings_g19_c01.avi,StillRings,14:41:19,14:42:42
v_StillRings_g19_c02.avi,StillRings,10:07:20,10:08:11
v_StillRings_g19_c03.avi,StillRings,09:54:36,09:56:17
v_StillRings_g19_c04.avi,StillRings,12:59:17,13:00:36
v_StillRings_g20_c02.avi,StillRings,06:51:27,06:52:07
v_StillRings_g20_c03.avi,StillRings,21:55:02,21:56:40
v_StillRings_g20_c04.avi,StillRings,16:40:30,16:41:07
v_StillRings_g21_c01.avi,StillRings,11:24:32,11:26:12
v_StillRings_g21_c02.avi,StillRings,11:27:42,11:28:33
v_StillRings_g21_c03.avi,StillRings,09:58:36,09:59:13
v_StillRings_g21_c04.avi,StillRings,18:01:37,18:03:00
v_StillRings_g21_c05.avi,StillRings,11:42:11,11:42:51
v_StillRings_g21_c07.avi,StillRings,06:02:20,06:03:39
v_StillRings_g22_c01.avi,StillRings,09:36:39,09:38:11
v_StillRings_g22_c02.avi,StillRings,19:51:52,19:53:37
v_StillRings_g22_c03.avi,StillRings,08:04:29,08:04:44
v_StillRings_g22_c04.avi,StillRings,17:56:42,17:58:11
v_StillRings_g23_c01.avi,StillRings,13:47:12,13:49:04
v_StillRings_g23_c02.avi,StillRings,18:13:05,18:13:53
v_StillRings_g23_c03.avi,StillRings,21:03:07,21:04:58
v_StillRings_g24_c01.avi,StillRings,15:40:11,15:41:54
v_StillRings_g24_c02.avi,StillRings,13:51:44,13:52:10
v_StillRings_g24_c03.avi,StillRings,18:58:52,18:59:26
v_StillRings_g24_c04.avi,StillRings,15:55:53,15:57:34
v_StillRings_g25_c01.avi,StillRings,06:11:49,06:13:17
v_StillRings_g25_c02.avi,StillRings,22:34:53,22:35:56
v_StillRings_g25_c03.avi,StillRings,16:34:51,16:36:48
v_StillRings_g25_c04.avi,StillRings,08:30:56,08:31:56
v_StillRings_g25_c05.avi,StillRings,16:28:19,16:29:20
v_StillRings_g25_c06.avi,StillRings,11:35:08,11:37:03
v_StillRings_g25_c07.avi,StillRings,16:24:04,16:24:54
v_SumoWrestling_g01_c01.avi,SumoWrestling,22:00:01,22:00:11
v_SumoWrestling_g01_c03.avi,SumoWrestling,07:46:16,07:46:46
v_SumoWrestling_g01_c04.avi,SumoWrestling,22:37:52,22:38:56
v_SumoWrestling_g02_c01.avi,SumoWrestling,17:07:04,17:09:01
v_SumoWrestling_g02_c02.avi,SumoWrestling,22:02:27,22:02:43
v_SumoWrestling_g02_c03.avi,SumoWrestling,15:29:46,15:30:17
v_SumoWrestling_g02_c04.avi,SumoWrestling,10:30:20,10:31:53
v_SumoWrestling_g03_c01.avi,SumoWrestling,12:20:33,12:21:58
v_SumoWrestling_g03_c02.avi,SumoWrestling,09:22:05,09:23:32
v_SumoWrestling_g03_c04.avi,SumoWrestling,08:49:11,08:50:58
v_SumoWrestling_g04_c01.avi,SumoWrestling,17:58:22,17:58:40
v_SumoWrestling_g04_c02.avi,SumoWrestling,21:18:26,21:19:01
v_SumoWrestling_g04_c03.avi,SumoWrestling,22:59:52,23:00:51
v_SumoWrestling_g04_c04.avi,SumoWrestling,09:49:01,09:49:13
v_SumoWrestling_g05_c01.avi,SumoWrestling,20:48:50,20:49:18
v_SumoWrestling_g05_c02.avi,SumoWrestling,19:08:48,19:09:37
v_SumoWrestling_g05_c03.avi,SumoWrestling,17:15:30,17:16:45
v_SumoWrestling_g06_c01.avi,SumoWrestling,11:50:41,11:51:30
v_SumoWrestling_g06_c02.avi,SumoWrestling,10:34:35,10:36:02
v_SumoWrestling_g06_c03.avi,SumoWrestling,06:56:24,06:57:26
v_SumoWrestling_g06_c04.avi,SumoWrestling,17:25:19,17:25:33
v_SumoWrestling_g06_c05.avi,SumoWrestling,07:52:36,07:54:22
v_SumoWrestling_g06_c06.avi,SumoWrestling,13:52:33,13:53:13
v_SumoWrestling_g06_c07.avi,SumoWrestling,18:20:01,18:20:13
v_SumoWrestling_g07_c01.avi,SumoWrestling,18:44:25,18:46:19
v_SumoWrestling_g07_c03.avi,SumoWrestling,17:22:23,17:22:47
v_SumoWrestling_g07_c04.avi,SumoWrestling,11:44:19,11:44:31
v_SumoWrestling_g07_c05.avi,SumoWrestling,15:24:53,15:25:45
v_SumoWrestling_g07_c06.avi,SumoWrestling,17:10:01,17:11:33
v_SumoWrestling_g07_c07.avi,SumoWrestling,16:22:58,16:23:51
v_SumoWrestling_g08_c01.avi,SumoWrestling,12:28:40,12:29:23
v_SumoWrestling_g08_c02.avi,SumoWrestling,14:57:04,14:58:20
v_SumoWrestling_g08_c03.avi,SumoWrestling,12:31:15,12:31:38
v_SumoWrestling_g08_c05.avi,SumoWrestling,07:18:38,07:20:21
v_SumoWrestling_g08_c06.avi,SumoWrestling,12:09:44,12:11:12
v_SumoWrestling_g08_c07.avi,SumoWrestling,07:10:42,07:11:50
v_SumoWrestling_g09_c01.avi,SumoWrestling,10:04:29,10:05:48
v_SumoWrestling_g09_c02.avi,SumoWrestling,08:31:12,08:32:54
v_SumoWrestling_g09_c03.avi,SumoWrestling,07:48:44,07:49:28
v_SumoWrestling_g09_c04.avi,SumoWrestling,13:21:48,13:22:58
v_SumoWrestling_g10_c01.avi,SumoWrestling,18:34:24,18:35:12
v_SumoWrestling_g10_c03.avi,SumoWrestling,14:55:34,14:55:48
v_SumoWrestling_g10_c04.avi,SumoWrestling,07:21:26,07:22:54
v_SumoWrestling_g11_c01.avi,SumoWrestling,14:05:50,14:06:22
v_SumoWrestling_g11_c02.avi,SumoWrestling,19:32:45,19:33:36
v_SumoWrestling_g11_c03.avi,SumoWrestling,13:54:49,13:55:49
v_SumoWrestling_g11_c04.avi,SumoWrestling,18:18:42,18:20:30
v_SumoWrestling_g12_c01.avi,SumoWrestling,08:38:31,08:39:58
v_SumoWrestling_g12_c02.avi,SumoWrestling,22:32:41,22:33:00
v_SumoWrestling_g12_c04.avi,SumoWrestling,11:42:33,11:44:07
v_SumoWrestling_g12_c05.avi,SumoWrestling,18:31:45,18:32:34
v_SumoWrestling_g13_c01.avi,SumoWrestling,09:42:48,09:43:42
v_SumoWrestling_g13_c02.avi,SumoWrestling,16:26:09,16:26:40
v_SumoWrestling_g13_c03.avi,SumoWrestling,13:46:14,13:48:00
v_SumoWrestling_g13_c04.avi,SumoWrestling,20:28:59,20:30:41
v_SumoWrestling_g13_c05.avi,SumoWrestling,17:33:31,17:35:02
v_SumoWrestling_g14_c01.avi,SumoWrestling,07:06:16,07:07:20
v_SumoWrestling_g14_c03.avi,SumoWrestling,16:06:04,16:06:54
v_SumoWrestling_g14_c04.avi,SumoWrestling,13:29:49,13:30:58
v_SumoWrestling_g15_c01.avi,SumoWrestling,19:20:06,19:21:40
v_SumoWrestling_g15_c02.avi,SumoWrestling,07:15:39,07:16:13
v_SumoWrestling_g15_c03.avi,SumoWrestling,06:40:25,06:42:00
v_SumoWrestling_g15_c04.avi,SumoWrestling,14:17:05,14:17:29
v_SumoWrestling_g16_c01.avi,SumoWrestling,11:07:25,11:08:41
v_SumoWrestling_g16_c02.avi,SumoWrestling,08:51:52,08:52:51
v_SumoWrestling_g16_c04.avi,SumoWrestling,18:15:55,18:16:20
v_SumoWrestling_g17_c01.avi,SumoWrestling,21:51:10,21:51:50
v_SumoWrestling_g17_c02.avi,SumoWrestling,06:58:50,06:59:08
v_SumoWrestling_g17_c03.avi,SumoWrestling,14:46:21,14:47:12
v_SumoWrestling_g17_c04.avi,SumoWrestling,16:25:34,16:26:35
v_SumoWrestling_g17_c05.avi,SumoWrestling,09:59:49,10:00:41
v_SumoWrestling_g18_c01.avi,SumoWrestling,11:00:54,11:01:24
v_SumoWrestling_g18_c02.avi,SumoWrestling,16:42:43,16:43:44
v_SumoWrestling_g18_c04.avi,SumoWrestling,17:57:24,17:59:19
v_SumoWrestling_g18_c05.avi,SumoWrestling,22:02:25,22:04:13
v_SumoWrestling_g18_c06.avi,SumoWrestling,06:59:16,07:00:14
v_SumoWrestling_g18_c07.avi,SumoWrestling,09:17:57,09:19:48
v_SumoWrestling_g19_c01.avi,SumoWrestling,20:59:30,21:01:10
v_SumoWrestling_g19_c02.avi,SumoWrestling,15:06:37,15:08:25
v_SumoWrestling_g19_c03.avi,SumoWrestling,14:41:55,14:43:48
v_SumoWrestling_g19_c04.avi,SumoWrestling,08:00:12,08:01:32
v_SumoWrestling_g20_c01.avi,SumoWrestling,17:46:18,17:47:53
v_SumoWrestling_g20_c02.avi,SumoWrestling,14:25:15,14:26:07
v_SumoWrestling_g20_c04.avi,SumoWrestling,15:50:45,15:51:39
v_SumoWrestling_g21_c01.avi,SumoWrestling,13:30:55,13:32:21
v_SumoWrestling_g21_c02.avi,SumoWrestling,20:38:49,20:39:15
v_SumoWrestling_g21_c03.avi,SumoWrestling,06:04:09,06:05:56
v_SumoWrestling_g21_c04.avi,SumoWrestling,15:50:38,15:51:56
v_SumoWrestling_g22_c02.avi,SumoWrestling,22:43:42,22:45:16
v_SumoWrestling_g22_c03.avi,SumoWrestling,17:08:25,17:10:24
v_SumoWrestling_g22_c04.avi,SumoWrestling,18:35:44,18:37:23
v_SumoWrestling_g23_c01.avi,SumoWrestling,12:18:50,12:19:13
v_SumoWrestling_g23_c02.avi,SumoWrestling,17:09:39,17:11:09
v_SumoWrestling_g23_c04.avi,SumoWrestling,16:21:09,16:22:37
v_SumoWrestling_g24_c01.avi,SumoWrestling,06:39:59,06:40:33
v_SumoWrestling_g24_c03.avi,SumoWrestling,10:25:12,10:26:24
v_SumoWrestling_g24_c04.avi,SumoWrestling,06:48:50,06:50:12
v_SumoWrestling_g25_c01.avi,SumoWrestling,09:29:54,09:30:52
v_SumoWrestling_g25_c03.avi,SumoWrestling,17:16:00,17:17:44
v_SumoWrestling_g25_c04.avi,SumoWrestling,06:23:29,06:24:48
v_Surfing_g01_c01.avi,Surfing,11:24:27,11:25:46
v_Surfing_g01_c02.avi,Surfing,16:14:17,16:15:00
v_Surfing_g01_c04.avi,Surfing,15:26:38,15:28:13
v_Surfing_g01_c05.avi,Surfing,16:10:42,16:12:03
v_Surfing_g01_c07.avi,Surfing,20:38:43,20:40:41
v_Surfing_g02_c01.avi,Surfing,14:49:00,14:50:06
v_Surfing_g02_c02.avi,Surfing,11:27:27,11:29:19
v_Surfing_g02_c03.avi,Surfing,08:19:32,08:21:01
v_Surfing_g02_c04.avi,Surfing,09:33:01,09:34:49
v_Surfing_g02_c06.avi,Surfing,21:33:56,21:34:39
v_Surfing_g03_c01.avi,Surfing,10:37:15,10:38:32
v_Surfing_g03_c02.avi,Surfing,10:22:00,10:22:50
v_Surfing_g03_c04.avi,Surfing,22:03:30,22:04:18
v_Surfing_g04_c01.avi,Surfing,20:41:42,20:43:28
v_Surfing_g04_c02.avi,Surfing,07:05:12,07:06:46
v_Surfing_g04_c03.avi,Surfing,10:43:47,10:45:06
v_Surfing_g05_c01.avi,Surfing,17:57:50,17:58:07
v_Surfing_g05_c02.avi,Surfing,06:00:33,06:00:54
v_Surfing_g05_c03.avi,Surfing,06:01:47,06:02:38
v_Surfing_g05_c04.avi,Surfing,15:59:03,15:59:22
v_Surfing_g06_c02.avi,Surfing,09:50:10,09:50:47
v_Surfing_g06_c03.avi,Surfing,14:44:54,14:45:56
v_Surfing_g06_c04.avi,Surfing,10:12:29,10:13:04
v_Surfing_g07_c02.avi,Surfing,11:52:51,11:53:57
v_Surfing_g07_c03.avi,Surfing,14:31:20,14:32:28
v_Surfing_g07_c04.avi,Surfing,10:04:50,10:05:55
v_Surfing_g08_c01.avi,Surfing,17:24:12,17:25:41
v_Surfing_g08_c02.avi,Surfing,19:03:40,19:04:22
v_Surfing_g08_c04.avi,Surfing,15:52:24,15:54:06
v_Surfing_g08_c05.avi,Surfing,07:38:01,07:39:37
v_Surfing_g08_c07.avi,Surfing,12:26:52,12:28:02
v_Surfing_g09_c01.avi,Surfing,12:55:37,12:55:56
v_Surfing_g09_c02.avi,Surfing,14:52:01,14:52:27
v_Surfing_g09_c03.avi,Surfing,07:25:08,07:25:48
v_Surfing_g09_c04.avi,Surfing,19:31:31,19:33:16
v_Surfing_g09_c05.avi,Surfing,14:01:00,14:01:21
v_Surfing_g10_c02.avi,Surfing,14:00:13,14:00:41
v_Surfing_g10_c04.avi,Surfing,08:32:49,08:33:25
v_Surfing_g10_c05.avi,Surfing,08:08:56,08:10:54
v_Surfing_g10_c06.avi,Surfing,09:37:32,09:38:35
v_Surfing_g11_c01.avi,Surfing,18:11:00,18:11:45
v_Surfing_g11_c02.avi,Surfing,10:08:22,10:10:10
v_Surfing_g11_c03.avi,Surfing,14:40:13,14:41:24
v_Surfing_g11_c04.avi,Surfing,21:34:38,21:36:09
v_Surfing_g12_c03.avi,Surfing,07:23:58,07:25:36
v_Surfing_g12_c04.avi,Surfing,18:26:03,18:27:53
v_Surfing_g12_c05.avi,Surfing,13:21:29,13:23:18
v_Surfing_g12_c06.avi,Surfing,11:32:22,11:33:30
v_Surfing_g12_c07.avi,Surfing,16:41:22,16:42:48
v_Surfing_g13_c01.avi,Surfing,18:59:58,19:01:24
v_Surfing_g13_c02.avi,Surfing,20:10:22,20:10:58
v_Surfing_g13_c03.avi,Surfing,16:41:12,16:42:22
v_Surfing_g14_c01.avi,Surfing,19:55:38,19:56:23
v_Surfing_g14_c02.avi,Surfing,22:28:14,22:28:41
v_Surfing_g14_c03.avi,Surfing,11:16:27,11:17:21
v_Surfing_g14_c04.avi,Surfing,22:29:20,22:30:33
v_Surfing_g15_c01.avi,Surfing,06:36:36,06:37:39
v_Surfing_g15_c02.avi,Surfing,21:33:27,21:35:24
v_Surfing_g15_c03.avi,Surfing,20:34:12,20:36:07
v_Surfing_g15_c05.avi,Surfing,11:54:58,11:56:45
v_Surfing_g15_c07.avi,Surfing,21:05:53,21:06:29
v_Surfing_g16_c01.avi,Surfing,14:30:30,14:31:21
v_Surfing_g16_c02.avi,Surfing,11:32:50,11:33:48
v_Surfing_g16_c03.avi,Surfing,19:52:54,19:54:32
v_Surfing_g16_c04.avi,Surfing,09:39:37,09:40:21
v_Surfing_g16_c05.avi,Surfing,08:05:19,08:06:37
v_Surfing_g16_c07.avi,Surfing,13:26:07,13:27:00
v_Surfing_g17_c01.avi,Surfing,21:44:20,21:46:14
v_Surfing_g17_c03.avi,Surfing,14:24:56,14:25:59
v_Surfing_g17_c04.avi,Surfing,18:20:09,18:20:40
v_Surfing_g17_c05.avi,Surfing,10:54:24,10:55:56
v_Surfing_g17_c06.avi,Surfing,15:32:17,15:33:04
v_Surfing_g17_c07.avi,Surfing,21:22:32,21:24:14
v_Surfing_g18_c02.avi,Surfing,17:03:43,17:05:18
v_Surfing_g18_c03.avi,Surfing,09:30:40,09:31:14
v_Surfing_g18_c04.avi,Surfing,11:54:37,11:54:48
v_Surfing_g19_c02.avi,Surfing,22:19:01,22:20:27
v_Surfing_g19_c03.avi,Surfing,19:35:55,19:37:20
v_Surfing_g19_c04.avi,Surfing,12:21:01,12:21:40
v_Surfing_g20_c01.avi,Surfing,18:36:20,18:37:01
v_Surfing_g20_c03.avi,Surfing,15:08:17,15:10:15
v_Surfing_g20_c04.avi,Surfing,08:50:37,08:51:11
v_Surfing_g20_c05.avi,Surfing,12:58:54,13:00:42
v_Surfing_g20_c06.avi,Surfing,15:20:11,15:21:11
v_Surfing_g21_c02.avi,Surfing,17:45:04,17:46:14
v_Surfing_g21_c03.avi,Surfing,13:44:21,13:46:09
v_Surfing_g21_c04.avi,Surfing,10:32:02,10:33:13
v_Surfing_g22_c02.avi,Surfing,14:03:59,14:05:44
v_Surfing_g22_c03.avi,Surfing,15:28:13,15:29:02
v_Surfing_g22_c04.avi,Surfing,22:47:24,22:47:47
v_Surfing_g23_c01.avi,Surfing,06:21:04,06:22:38
v_Surfing_g23_c02.avi,Surfing,10:07:09,10:07:38
v_Surfing_g23_c04.avi,Surfing,18:36:35,18:36:56
v_Surfing_g24_c01.avi,Surfing,10:44:01,10:44:29
v_Surfing_g24_c03.avi,Surfing,16:50:28,16:52:03
v_Surfing_g24_c04.avi,Surfing,18:49:40,18:51:29
v_Surfing_g25_c01.avi,Surfing,16:27:07,16:27:54
v_Surfing_g25_c02.avi,Surfing,06:17:51,06:19:36
v_Surfing_g25_c03.avi,Surfing,18:23:24,18:24:28
v_Surfing_g25_c04.avi,Surfing,19:45:30,19:47:08
v_Swing_g01_c01.avi,Swing,10:11:08,10:11:27
v_Swing_g01_c02.avi,Swing,10:41:52,10:42:28
v_Swing_g01_c03.avi,Swing,16:39:01,16:40:09
v_Swing_g02_c01.avi,Swing,06:10:30,06:11:44
v_Swing_g02_c02.avi,Swing,20:13:34,20:14:29
v_Swing_g02_c03.avi,Swing,10:32:39,10:33:01
v_Swing_g02_c04.avi,Swing,12:41:37,12:43:23
v_Swing_g02_c05.avi,Swing,11:33:55,11:34:58
v_Swing_g03_c01.avi,Swing,07:58:38,07:59:26
v_Swing_g03_c02.avi,Swing,20:49:28,20:49:49
v_Swing_g03_c04.avi,Swing,15:23:13,15:24:25
v_Swing_g04_c02.avi,Swing,16:52:17,16:53:57
v_Swing_g04_c03.avi,Swing,20:09:53,20:11:10
v_Swing_g04_c04.avi,Swing,14:07:34,14:08:21
v_Swing_g04_c05.avi,Swing,21:29:35,21:31:02
v_Swing_g04_c06.avi,Swing,22:02:56,22:04:55
v_Swing_g04_c07.avi,Swing,14:32:36,14:34:24
v_Swing_g05_c02.avi,Swing,12:25:20,12:26:06
v_Swing_g05_c03.avi,Swing,21:27:22,21:28:54
v_Swing_g05_c05.avi,Swing,14:51:44,14:51:57
v_Swing_g05_c06.avi,Swing,17:49:38,17:50:19
v_Swing_g05_c07.avi,Swing,17:32:10,17:33:08
v_Swing_g06_c01.avi,Swing,21:56:02,21:56:24
v_Swing_g06_c02.avi,Swing,13:02:37,13:03:54
v_Swing_g06_c04.avi,Swing,06:21:25,06:22:14
v_Swing_g06_c05.avi,Swing,22:32:14,22:33:12
v_Swing_g06_c06.avi,Swing,22:35:48,22:36:32
v_Swing_g07_c01.avi,Swing,19:36:43,19:37:55
v_Swing_g07_c02.avi,Swing,12:13:20,12:14:27
v_Swing_g07_c03.avi,Swing,14:54:50,14:56:09
v_Swing_g07_c04.avi,Swing,19:37:32,19:37:44
v_Swing_g07_c06.avi,Swing,07:19:44,07:20:20
v_Swing_g07_c07.avi,Swing,17:07:33,17:09:05
v_Swing_g08_c01.avi,Swing,09:23:43,09:24:40
v_Swing_g08_c02.avi,Swing,16:39:01,16:39:32
v_Swing_g08_c04.avi,Swing,10:57:01,10:58:47
v_Swing_g08_c05.avi,Swing,17:40:00,17:41:50
v_Swing_g09_c01.avi,Swing,13:06:51,13:08:50
v_Swing_g09_c03.avi,Swing,19:55:06,19:56:15
v_Swing_g09_c04.avi,Swing,08:57:33,08:58:01
v_Swing_g09_c05.avi,Swing,10:51:06,10:52:57
v_Swing_g09_c06.avi,Swing,14:02:32,14:03:27
v_Swing_g10_c01.avi,Swing,11:46:01,11:47:53
v_Swing_g10_c03.avi,Swing,13:28:30,13:30:26
v_Swing_g10_c04.avi,Swing,18:47:12,18:48:07
v_Swing_g11_c02.avi,Swing,07:53:25,07:54:33
v_Swing_g11_c03.avi,Swing,17:03:56,17:04:41
v_Swing_g11_c04.avi,Swing,09:20:41,09:22:15
v_Swing_g11_c05.avi,Swing,11:24:24,11:25:32
v_Swing_g11_c06.avi,Swing,08:57:18,08:57:31
v_Swing_g12_c01.avi,Swing,13:10:19,13:12:04
v_Swing_g12_c03.avi,Swing,11:02:57,11:04:51
v_Swing_g13_c01.avi,Swing,21:58:44,21:59:35
v_Swing_g13_c02.avi,Swing,10:04:11,10:06:06
v_Swing_g13_c03.avi,Swing,11:10:57,11:12:37
v_Swing_g13_c04.avi,Swing,13:29:26,13:30:27
v_Swing_g14_c01.avi,Swing,14:20:49,14:22:24
v_Swing_g14_c02.avi,Swing,20:57:01,20:57:28
v_Swing_g14_c03.avi,Swing,17:27:07,17:29:03
v_Swing_g15_c01.avi,Swing,20:52:50,20:54:10
v_Swing_g15_c02.avi,Swing,20:51:41,20:52:20
v_Swing_g15_c03.avi,Swing,19:19:20,19:21:06
v_Swing_g15_c04.avi,Swing,06:28:31,06:29:24
v_Swing_g15_c05.avi,Swing,17:23:13,17:23:30
v_Swing_g15_c06.avi,Swing,11:39:25,11:41:19
v_Swing_g15_c07.avi,Swing,20:46:24,20:47:35
v_Swing_g16_c01.avi,Swing,20:30:50,20:32:29
v_Swing_g16_c04.avi,Swing,18:06:10,18:07:26
v_Swing_g16_c05.avi,Swing,13:07:51,13:09:43
v_Swing_g17_c01.avi,Swing,20:01:00,20:02:34
v_Swing_g17_c02.avi,Swing,21:32:35,21:33:25
v_Swing_g17_c03.avi,Swing,18:44:05,18:44:19
v_Swing_g17_c04.avi,Swing,16:39:58,16:40:11
v_Swing_g18_c01.avi,Swing,19:22:43,19:24:03
v_Swing_g18_c03.avi,Swing,07:37:19,07:37:54
v_Swing_g19_c02.avi,Swing,06:56:20,06:56:30
v_Swing_g19_c03.avi,Swing,12:09:47,12:10:57
v_Swing_g19_c04.avi,Swing,16:57:21,16:58:54
v_Swing_g20_c01.avi,Swing,19:57:11,19:58:22
v_Swing_g20_c02.avi,Swing,13:41:30,13:43:22
v_Swing_g20_c04.avi,Swing,13:02:28,13:02:57
v_Swing_g20_c05.avi,Swing,13:05:11,13:06:55
v_Swing_g20_c06.avi,Swing,16:58:29,17:00:23
v_Swing_g21_c03.avi,Swing,11:55:33,11:57:00
v_Swing_g21_c04.avi,Swing,22:15:31,22:17:01
v_Swing_g21_c05.avi,Swing,08:43:57,08:45:00
v_Swing_g22_c01.avi,Swing,17:29:45,17:31:30
v_Swing_g22_c02.avi,Swing,13:17:36,13:19:15
v_Swing_g22_c03.avi,Swing,10:55:18,10:56:20
v_Swing_g22_c04.avi,Swing,19:59:49,20:00:20
v_Swing_g23_c01.avi,Swing,14:20:50,14:21:01
v_Swing_g23_c03.avi,Swing,12:23:13,12:24:38
v_Swing_g23_c05.avi,Swing,22:20:37,22:21:02
v_Swing_g24_c01.avi,Swing,12:58:58,12:59:40
v_Swing_g24_c02.avi,Swing,18:11:57,18:12:19
v_Swing_g24_c03.avi,Swing,22:53:27,22:54:42
v_Swing_g24_c04.avi,Swing,20:29:56,20:30:58
v_Swing_g25_c01.avi,Swing,09:31:46,09:32:22
v_Swing_g25_c02.avi,Swing,15:24:39,15:26:30
v_Swing_g25_c04.avi,Swing,12:05:31,12:07:11
v_TableTennisShot_g01_c01.avi,TableTennisShot,08:18:06,08:19:47
v_TableTennisShot_g01_c03.avi,TableTennisShot,19:55:17,19:56:04
v_TableTennisShot_g01_c04.avi,TableTennisShot,16:00:51,16:02:15
v_TableTennisShot_g01_c05.avi,TableTennisShot,20:50:49,20:51:58
v_TableTennisShot_g01_c06.avi,TableTennisShot,13:18:55,13:19:29
v_TableTennisShot_g02_c02.avi,TableTennisShot,17:13:34,17:14:17
v_TableTennisShot_g02_c03.avi,TableTennisShot,18:57:48,18:59:21
v_TableTennisShot_g02_c04.avi,TableTennisShot,09:12:19,09:14:02
v_TableTennisShot_g03_c02.avi,TableTennisShot,12:09:45,12:10:44
v_TableTennisShot_g03_c03.avi,TableTennisShot,20:03:23,20:05:21
v_TableTennisShot_g03_c04.avi,TableTennisShot,06:20:15,06:21:10
v_TableTennisShot_g04_c01.avi,TableTennisShot,17:40:23,17:41:16
v_TableTennisShot_g04_c03.avi,TableTennisShot,07:23:49,07:25:16
v_TableTennisShot_g04_c04.avi,TableTennisShot,15:54:04,15:55:57
v_TableTennisShot_g04_c06.avi,TableTennisShot,22:59:47,23:00:23
v_TableTennisShot_g04_c07.avi,TableTennisShot,16:48:05,16:49:38
v_TableTennisShot_g05_c01.avi,TableTennisShot,18:43:57,18:44:31
v_TableTennisShot_g05_c02.avi,TableTennisShot,16:20:06,16:21:19
v_TableTennisShot_g05_c03.avi,TableTennisShot,12:20:30,12:22:17
v_TableTennisShot_g05_c04.avi,TableTennisShot,08:19:32,08:21:05
v_TableTennisShot_g06_c01.avi,TableTennisShot,22:20:09,22:21:39
v_TableTennisShot_g06_c02.avi,TableTennisShot,08:19:59,08:21:06
v_TableTennisShot_g06_c03.avi,TableTennisShot,09:34:07,09:34:59
v_TableTennisShot_g06_c04.avi,TableTennisShot,15:11:23,15:13:12
v_TableTennisShot_g06_c05.avi,TableTennisShot,12:12:37,12:13:00
v_TableTennisShot_g06_c06.avi,TableTennisShot,21:35:57,21:36:41
v_TableTennisShot_g07_c01.avi,TableTennisShot,22:03:22,22:05:12
v_TableTennisShot_g07_c04.avi,TableTennisShot,14:56:26,14:57:58
v_TableTennisShot_g08_c01.avi,TableTennisShot,15:53:02,15:53:52
v_TableTennisShot_g08_c02.avi,TableTennisShot,17:13:24,17:13:56
v_TableTennisShot_g08_c03.avi,TableTennisShot,06:18:59,06:20:32
v_TableTennisShot_g08_c04.avi,TableTennisShot,10:54:32,10:55:35
v_TableTennisShot_g09_c01.avi,TableTennisShot,15:11:27,15:12:30
v_TableTennisShot_g09_c02.avi,TableTennisShot,22:52:43,22:53:43
v_TableTennisShot_g09_c03.avi,TableTennisShot,18:33:20,18:34:32
v_TableTennisShot_g09_c06.avi,TableTennisShot,07:58:30,07:58:51
v_TableTennisShot_g09_c07.avi,TableTennisShot,21:40:19,21:41:11
v_TableTennisShot_g10_c01.avi,TableTennisShot,10:21:59,10:23:05
v_TableTennisShot_g10_c02.avi,TableTennisShot,07:54:09,07:54:26
v_TableTennisShot_g10_c03.avi,TableTennisShot,13:30:05,13:31:13
v_TableTennisShot_g10_c04.avi,TableTennisShot,09:32:02,09:32:48
v_TableTennisShot_g11_c01.avi,TableTennisShot,16:34:20,16:36:13
v_TableTennisShot_g11_c03.avi,TableTennisShot,22:59:25,22:59:59
v_TableTennisShot_g11_c05.avi,TableTennisShot,09:20:25,09:21:05
v_TableTennisShot_g12_c01.avi,TableTennisShot,08:00:28,08:01:36
v_TableTennisShot_g12_c02.avi,TableTennisShot,19:13:18,19:14:40
v_TableTennisShot_g12_c03.avi,TableTennisShot,07:55:52,07:57:01
v_TableTennisShot_g12_c04.avi,TableTennisShot,14:32:07,14:33:51
v_TableTennisShot_g13_c01.avi,TableTennisShot,12:31:29,12:31:46
v_TableTennisShot_g13_c03.avi,TableTennisShot,15:50:07,15:50:27
v_TableTennisShot_g13_c04.avi,TableTennisShot,10:00:08,10:01:32
v_TableTennisShot_g14_c02.avi,TableTennisShot,08:21:05,08:23:04
v_TableTennisShot_g14_c03.avi,TableTennisShot,07:23:10,07:24:25
v_TableTennisShot_g14_c04.avi,TableTennisShot,07:07:23,07:09:12
v_TableTennisShot_g14_c05.avi,TableTennisShot,06:19:59,06:21:08
v_TableTennisShot_g15_c01.avi,TableTennisShot,14:31:06,14:32:29
v_TableTennisShot_g15_c03.avi,TableTennisShot,10:30:05,10:30:37
v_TableTennisShot_g15_c04.avi,TableTennisShot,12:37:12,12:39:08
v_TableTennisShot_g15_c05.avi,TableTennisShot,19:27:54,19:28:24
v_TableTennisShot_g15_c07.avi,TableTennisShot,08:47:40,08:48:56
v_TableTennisShot_g16_c01.avi,TableTennisShot,17:56:07,17:57:30
v_TableTennisShot_g16_c02.avi,TableTennisShot,17:38:34,17:38:55
v_TableTennisShot_g16_c03.avi,TableTennisShot,14:57:00,14:58:41
v_TableTennisShot_g16_c05.avi,TableTennisShot,12:23:02,12:24:11
v_TableTennisShot_g16_c06.avi,TableTennisShot,08:18:16,08:20:00
v_TableTennisShot_g16_c07.avi,TableTennisShot,18:55:03,18:55:59
v_TableTennisShot_g17_c01.avi,TableTennisShot,20:20:54,20:21:42
v_TableTennisShot_g17_c03.avi,TableTennisShot,16:46:17,16:47:01
v_TableTennisShot_g17_c04.avi,TableTennisShot,11:49:25,11:50:56
v_TableTennisShot_g18_c01.avi,TableTennisShot,13:30:57,13:32:26
v_TableTennisShot_g18_c03.avi,TableTennisShot,21:15:33,21:17:29
v_TableTennisShot_g18_c04.avi,TableTennisShot,16:01:11,16:02:10
v_TableTennisShot_g19_c01.avi,TableTennisShot,16:41:27,16:41:41
v_TableTennisShot_g19_c02.avi,TableTennisShot,19:34:59,19:35:59
v_TableTennisShot_g19_c03.avi,TableTennisShot,21:31:59,21:33:16
v_TableTennisShot_g19_c05.avi,TableTennisShot,21:03:32,21:03:52
v_TableTennisShot_g19_c06.avi,TableTennisShot,06:19:18,06:20:05
v_TableTennisShot_g20_c01.avi,TableTennisShot,06:56:25,06:58:06
v_TableTennisShot_g20_c02.avi,TableTennisShot,22:42:23,22:44:14
v_TableTennisShot_g20_c03.avi,TableTennisShot,19:55:04,19:56:41
v_TableTennisShot_g20_c07.avi,TableTennisShot,09:56:20,09:58:02
v_TableTennisShot_g21_c01.avi,TableTennisShot,09:24:47,09:25:17
v_TableTennisShot_g21_c03.avi,TableTennisShot,20:46:31,20:47:11
v_TableTennisShot_g22_c01.avi,TableTennisShot,14:00:07,14:01:57
v_TableTennisShot_g22_c02.avi,TableTennisShot,11:29:39,11:31:37
v_TableTennisShot_g23_c01.avi,TableTennisShot,15:07:43,15:07:56
v_TableTennisShot_g23_c02.avi,TableTennisShot,19:39:26,19:39:38
v_TableTennisShot_g23_c03.avi,TableTennisShot,06:55:15,06:55:37
v_TableTennisShot_g23_c04.avi,TableTennisShot,16:52:49,16:54:26
v_TableTennisShot_g23_c05.avi,TableTennisShot,20:35:58,20:37:19
v_TableTennisShot_g23_c06.avi,TableTennisShot,13:18:38,13:19:30
v_TableTennisShot_g24_c03.avi,TableTennisShot,08:17:50,08:19:10
v_TableTennisShot_g24_c04.avi,TableTennisShot,21:30:39,21:30:54
v_TableTennisShot_g24_c05.avi,TableTennisShot,19:36:34,19:37:55
v_TableTennisShot_g24_c06.avi,TableTennisShot,10:41:46,10:43:45
v_TableTennisShot_g24_c07.avi,TableTennisShot,20:06:01,20:07:12
v_TableTennisShot_g25_c01.avi,TableTennisShot,21:43:49,21:44:41
v_TableTennisShot_g25_c02.avi,TableTennisShot,09:58:20,09:59:17
v_TableTennisShot_g25_c03.avi,TableTennisShot,13:05:11,13:06:16
v_TableTennisShot_g25_c07.avi,TableTennisShot,19:46:50,19:48:17
v_TaiChi_g01_c01.avi,TaiChi,07:24:16,07:26:16
v_TaiChi_g01_c02.avi,TaiChi,21:24:44,21:25:20
v_TaiChi_g01_c03.avi,TaiChi,17:38:12,17:39:13
v_TaiChi_g01_c04.avi,TaiChi,19:27:18,19:28:12
v_TaiChi_g02_c01.avi,TaiChi,13:16:09,13:17:10
v_TaiChi_g02_c02.avi,TaiChi,11:33:15,11:35:10
v_TaiChi_g02_c03.avi,TaiChi,15:17:57,15:19:00
v_TaiChi_g02_c04.avi,TaiChi,16:55:41,16:55:58
v_TaiChi_g03_c01.avi,TaiChi,12:49:26,12:50:40
v_TaiChi_g03_c02.avi,TaiChi,12:33:59,12:34:26
v_TaiChi_g03_c03.avi,TaiChi,16:28:06,16:29:58
v_TaiChi_g03_c04.avi,TaiChi,21:30:49,21:31:05
v_TaiChi_g04_c01.avi,TaiChi,16:45:49,16:46:19
v_TaiChi_g04_c02.avi,TaiChi,15:41:17,15:42:05
v_TaiChi_g04_c03.avi,TaiChi,21:40:52,21:42:02
v_TaiChi_g04_c04.avi,TaiChi,15:17:06,15:18:35
v_TaiChi_g05_c01.avi,TaiChi,11:52:24,11:53:24
v_TaiChi_g05_c02.avi,TaiChi,17:20:52,17:21:08
v_TaiChi_g05_c03.avi,TaiChi,14:20:27,14:20:39
v_TaiChi_g05_c04.avi,TaiChi,12:28:53,12:29:53
v_TaiChi_g06_c01.avi,TaiChi,17:34:19,17:35:39
v_TaiChi_g06_c02.avi,TaiChi,19:53:10,19:54:59
v_TaiChi_g06_c03.avi,TaiChi,06:12:53,06:14:51
v_TaiChi_g06_c04.avi,TaiChi,19:31:59,19:32:40
v_TaiChi_g07_c01.avi,TaiChi,16:07:11,16:08:17
v_TaiChi_g07_c02.avi,TaiChi,11:44:48,11:46:32
v_TaiChi_g07_c03.avi,TaiChi,13:16:01,13:16:27
v_TaiChi_g07_c04.avi,TaiChi,07:00:17,07:01:32
v_TaiChi_g08_c01.avi,TaiChi,08:24:36,08:26:20
v_TaiChi_g08_c02.avi,TaiChi,22:17:55,22:19:53
v_TaiChi_g08_c03.avi,TaiChi,07:08:21,07:10:02
v_TaiChi_g08_c04.avi,TaiChi,21:31:41,21:32:32
v_TaiChi_g09_c01.avi,TaiChi,10:52:16,10:53:07
v_TaiChi_g09_c02.avi,TaiChi,07:14:23,07:16:09
v_TaiChi_g09_c03.avi,TaiChi,08:31:37,08:33:33
v_TaiChi_g09_c04.avi,TaiChi,20:04:53,20:06:21
v_TaiChi_g10_c01.avi,TaiChi,16:34:59,16:36:11
v_TaiChi_g10_c02.avi,TaiChi,14:39:57,14:40:29
v_TaiChi_g10_c03.avi,TaiChi,16:44:38,16:45:31
v_TaiChi_g10_c04.avi,TaiChi,18:42:53,18:44:16
v_TaiChi_g11_c01.avi,TaiChi,19:20:51,19:21:46
v_TaiChi_g11_c02.avi,TaiChi,19:41:26,19:43:19
v_TaiChi_g11_c03.avi,TaiChi,12:08:24,12:09:19
v_TaiChi_g11_c04.avi,TaiChi,19:31:06,19:33:06
v_TaiChi_g12_c01.avi,TaiChi,18:57:42,18:59:33
v_TaiChi_g12_c02.avi,TaiChi,15:11:21,15:12:35
v_TaiChi_g12_c03.avi,TaiChi,21:37:53,21:39:10
v_TaiChi_g12_c04.avi,TaiChi,22:25:56,22:26:53
v_TaiChi_g13_c01.avi,TaiChi,17:36:09,17:37:38
v_TaiChi_g13_c02.avi,TaiChi,10:35:39,10:37:24
v_TaiChi_g13_c03.avi,TaiChi,17:52:19,17:52:55
v_TaiChi_g13_c04.avi,TaiChi,21:08:10,21:10:03
v_TaiChi_g14_c01.avi,TaiChi,11:44:47,11:46:10
v_TaiChi_g14_c02.avi,TaiChi,13:02:31,13:03:36
v_TaiChi_g14_c03.avi,TaiChi,10:53:59,10:54:21
v_TaiChi_g14_c04.avi,TaiChi,17:32:28,17:33:18
v_TaiChi_g15_c01.avi,TaiChi,22:09:54,22:11:47
v_TaiChi_g15_c02.avi,TaiChi,20:21:21,20:22:00
v_TaiChi_g15_c03.avi,TaiChi,06:35:14,06:35:41
v_TaiChi_g15_c04.avi,TaiChi,11:57:14,11:58:24
v_TaiChi_g16_c01.avi,TaiChi,11:23:18,11:24:26
v_TaiChi_g16_c02.avi,TaiChi,06:26:40,06:27:21
v_TaiChi_g16_c03.avi,TaiChi,06:20:22,06:21:57
v_TaiChi_g16_c04.avi,TaiChi,10:04:47,10:05:21
v_TaiChi_g17_c01.avi,TaiChi,21:42:04,21:43:11
v_TaiChi_g17_c02.avi,TaiChi,21:58:07,21:59:36
v_TaiChi_g17_c03.avi,TaiChi,20:42:17,20:42:30
v_TaiChi_g17_c04.avi,TaiChi,16:57:46,16:58:27
v_TaiChi_g18_c01.avi,TaiChi,16:15:11,16:15:41
v_TaiChi_g18_c02.avi,TaiChi,18:56:40,18:58:21
v_TaiChi_g18_c03.avi,TaiChi,19:07:43,19:09:29
v_TaiChi_g18_c04.avi,TaiChi,12:34:43,12:35:10
v_TaiChi_g19_c01.avi,TaiChi,09:25:30,09:26:27
v_TaiChi_g19_c02.avi,TaiChi,09:29:27,09:31:20
v_TaiChi_g19_c03.avi,TaiChi,13:32:11,13:32:36
v_TaiChi_g19_c04.avi,TaiChi,21:41:55,21:42:25
v_TaiChi_g20_c01.avi,TaiChi,16:21:40,16:23:00
v_TaiChi_g20_c02.avi,TaiChi,16:36:25,16:36:58
v_TaiChi_g20_c03.avi,TaiChi,12:32:58,12:34:05
v_TaiChi_g20_c04.avi,TaiChi,22:24:03,22:24:18
v_TaiChi_g21_c01.avi,TaiChi,12:09:03,12:10:55
v_TaiChi_g21_c02.avi,TaiChi,21:33:20,21:33:48
v_TaiChi_g21_c03.avi,TaiChi,19:02:26,19:03:55
v_TaiChi_g21_c04.avi,TaiChi,19:08:22,19:08:51
v_TaiChi_g22_c01.avi,TaiChi,08:54:57,08:55:47
v_TaiChi_g22_c02.avi,TaiChi,07:14:13,07:15:20
v_TaiChi_g22_c03.avi,TaiChi,11:12:25,11:12:49
v_TaiChi_g22_c04.avi,TaiChi,12:50:29,12:52:06
v_TaiChi_g23_c01.avi,TaiChi,11:28:50,11:30:42
v_TaiChi_g23_c02.avi,TaiChi,06:33:18,06:34:31
v_TaiChi_g23_c03.avi,TaiChi,13:43:33,13:44:10
v_TaiChi_g23_c04.avi,TaiChi,07:26:39,07:27:35
v_TaiChi_g24_c01.avi,TaiChi,20:05:11,20:05:45
v_TaiChi_g24_c02.avi,TaiChi,16:17:34,16:18:37
v_TaiChi_g24_c03.avi,TaiChi,06:03:06,06:04:50
v_TaiChi_g24_c04.avi,TaiChi,21:47:58,21:49:33
v_TaiChi_g25_c01.avi,TaiChi,16:49:12,16:50:17
v_TaiChi_g25_c02.avi,TaiChi,21:50:57,21:51:42
v_TaiChi_g25_c03.avi,TaiChi,18:44:58,18:46:34
v_TaiChi_g25_c04.avi,TaiChi,22:47:13,22:49:12
v_TennisSwing_g01_c01.avi,TennisSwing,16:14:32,16:16:23
v_TennisSwing_g01_c04.avi,TennisSwing,15:02:52,15:03:39
v_TennisSwing_g01_c06.avi,TennisSwing,22:26:24,22:27:08
v_TennisSwing_g01_c07.avi,TennisSwing,19:58:11,19:58:41
v_TennisSwing_g02_c02.avi,TennisSwing,18:49:53,18:51:37
v_TennisSwing_g02_c03.avi,TennisSwing,12:22:13,12:22:35
v_TennisSwing_g02_c04.avi,TennisSwing,17:36:28,17:37:31
v_TennisSwing_g02_c06.avi,TennisSwing,17:50:01,17:50:47
v_TennisSwing_g02_c07.avi,TennisSwing,21:18:07,21:18:41
v_TennisSwing_g03_c03.avi,TennisSwing,18:50:58,18:52:01
v_TennisSwing_g03_c06.avi,TennisSwing,14:08:16,14:09:36
v_TennisSwing_g04_c01.avi,TennisSwing,14:11:26,14:12:39
v_TennisSwing_g04_c02.avi,TennisSwing,21:46:24,21:48:15
v_TennisSwing_g04_c04.avi,TennisSwing,06:06:23,06:08:11
v_TennisSwing_g04_c05.avi,TennisSwing,14:06:12,14:07:24
v_TennisSwing_g05_c03.avi,TennisSwing,07:03:16,07:05:12
v_TennisSwing_g05_c04.avi,TennisSwing,09:11:41,09:13:29
v_TennisSwing_g05_c05.avi,TennisSwing,21:10:24,21:12:14
v_TennisSwing_g05_c06.avi,TennisSwing,21:43:53,21:45:47
v_TennisSwing_g05_c07.avi,TennisSwing,20:26:01,20:26:19
v_TennisSwing_g06_c01.avi,TennisSwing,14:59:14,15:00:43
v_TennisSwing_g06_c06.avi,TennisSwing,16:47:16,16:48:06
v_TennisSwing_g07_c01.avi,TennisSwing,10:12:53,10:13:45
v_TennisSwing_g07_c02.avi,TennisSwing,10:15:54,10:17:14
v_TennisSwing_g07_c03.avi,TennisSwing,16:08:39,16:09:05
v_TennisSwing_g07_c04.avi,TennisSwing,08:16:44,08:16:57
v_TennisSwing_g07_c05.avi,TennisSwing,07:45:27,07:46:05
v_TennisSwing_g08_c01.avi,TennisSwing,08:53:43,08:55:29
v_TennisSwing_g08_c03.avi,TennisSwing,19:32:35,19:33:37
v_TennisSwing_g08_c04.avi,TennisSwing,10:35:04,10:36:13
v_TennisSwing_g08_c06.avi,TennisSwing,07:00:34,07:01:55
v_TennisSwing_g09_c01.avi,TennisSwing,08:07:08,08:08:48
v_TennisSwing_g09_c03.avi,TennisSwing,09:07:52,09:08:12
v_TennisSwing_g09_c05.avi,TennisSwing,12:42:35,12:43:45
v_TennisSwing_g09_c06.avi,TennisSwing,08:02:51,08:04:00
v_TennisSwing_g10_c01.avi,TennisSwing,21:23:21,21:25:15
v_TennisSwing_g10_c02.avi,TennisSwing,06:14:47,06:15:20
v_TennisSwing_g10_c03.avi,TennisSwing,18:48:26,18:49:49
v_TennisSwing_g10_c06.avi,TennisSwing,09:00:58,09:02:15
v_TennisSwing_g11_c01.avi,TennisSwing,08:50:14,08:51:51
v_TennisSwing_g11_c02.avi,TennisSwing,15:18:52,15:20:31
v_TennisSwing_g11_c03.avi,TennisSwing,21:32:55,21:34:30
v_TennisSwing_g11_c05.avi,TennisSwing,10:34:57,10:35:43
v_TennisSwing_g11_c07.avi,TennisSwing,06:12:35,06:14:20
v_TennisSwing_g12_c01.avi,TennisSwing,22:17:52,22:18:57
v_TennisSwing_g12_c02.avi,TennisSwing,09:35:50,09:36:30
v_TennisSwing_g12_c05.avi,TennisSwing,22:26:35,22:27:44
v_TennisSwing_g12_c06.avi,TennisSwing,11:07:35,11:08:06
v_TennisSwing_g12_c07.avi,TennisSwing,06:19:46,06:20:31
v_TennisSwing_g13_c03.avi,TennisSwing,12:21:10,12:22:09
v_TennisSwing_g13_c04.avi,TennisSwing,20:45:39,20:47:38
v_TennisSwing_g13_c05.avi,TennisSwing,14:08:38,14:08:48
v_TennisSwing_g13_c07.avi,TennisSwing,20:03:04,20:04:29
v_TennisSwing_g14_c01.avi,TennisSwing,20:57:29,20:58:57
v_TennisSwing_g14_c04.avi,TennisSwing,07:50:14,07:50:53
v_TennisSwing_g14_c05.avi,TennisSwing,09:32:31,09:32:52
v_TennisSwing_g14_c07.avi,TennisSwing,21:43:14,21:45:04
v_TennisSwing_g15_c01.avi,TennisSwing,13:24:01,13:25:27
v_TennisSwing_g15_c03.avi,TennisSwing,19:13:53,19:15:13
v_TennisSwing_g15_c04.avi,TennisSwing,14:58:26,15:00:03
v_TennisSwing_g15_c06.avi,TennisSwing,07:37:51,07:39:06
v_TennisSwing_g15_c07.avi,TennisSwing,08:25:21,08:27:12
v_TennisSwing_g16_c02.avi,TennisSwing,12:51:09,12:53:07
v_TennisSwing_g16_c04.avi,TennisSwing,10:21:47,10:22:11
v_TennisSwing_g16_c06.avi,TennisSwing,10:38:40,10:40:04
v_TennisSwing_g17_c01.avi,TennisSwing,16:44:52,16:45:25
v_TennisSwing_g17_c02.avi,TennisSwing,06:44:07,06:44:59
v_TennisSwing_g17_c03.avi,TennisSwing,15:45:32,15:45:55
v_TennisSwing_g17_c04.avi,TennisSwing,18:27:35,18:28:44
v_TennisSwing_g17_c05.avi,TennisSwing,06:18:58,06:19:32
v_TennisSwing_g18_c03.avi,TennisSwing,17:11:23,17:13:23
v_TennisSwing_g18_c04.avi,TennisSwing,17:47:51,17:48:18
v_TennisSwing_g18_c05.avi,TennisSwing,18:53:06,18:53:36
v_TennisSwing_g18_c06.avi,TennisSwing,15:03:22,15:03:38
v_TennisSwing_g19_c01.avi,TennisSwing,19:03:46,19:04:27
v_TennisSwing_g19_c02.avi,TennisSwing,06:54:25,06:55:18
v_TennisSwing_g19_c03.avi,TennisSwing,19:26:33,19:28:12
v_TennisSwing_g19_c04.avi,TennisSwing,19:28:57,19:29:10
v_TennisSwing_g20_c03.avi,TennisSwing,09:27:25,09:29:15
v_TennisSwing_g20_c04.avi,TennisSwing,17:11:17,17:13:02
v_TennisSwing_g20_c05.avi,TennisSwing,15:40:03,15:40:55
v_TennisSwing_g20_c06.avi,TennisSwing,13:18:59,13:19:40
v_TennisSwing_g21_c01.avi,TennisSwing,18:17:57,18:19:03
v_TennisSwing_g21_c03.avi,TennisSwing,18:26:57,18:28:34
v_TennisSwing_g21_c05.avi,TennisSwing,08:32:08,08:32:57
v_TennisSwing_g22_c01.avi,TennisSwing,07:19:04,07:19:17
v_TennisSwing_g22_c03.avi,TennisSwing,16:56:35,16:58:18
v_TennisSwing_g22_c04.avi,TennisSwing,19:29:06,19:29:29
v_TennisSwing_g22_c06.avi,TennisSwing,16:43:07,16:44:05
v_TennisSwing_g23_c01.avi,TennisSwing,19:15:41,19:17:11
v_TennisSwing_g23_c03.avi,TennisSwing,06:42:39,06:44:14
v_TennisSwing_g23_c04.avi,TennisSwing,10:45:48,10:47:41
v_TennisSwing_g23_c06.avi,TennisSwing,06:33:07,06:33:27
v_TennisSwing_g24_c01.avi,TennisSwing,10:24:29,10:26:28
v_TennisSwing_g24_c04.avi,TennisSwing,22:11:54,22:13:13
v_TennisSwing_g24_c05.avi,TennisSwing,19:10:38,19:11:51
v_TennisSwing_g25_c01.avi,TennisSwing,13:48:08,13:50:05
v_TennisSwing_g25_c02.avi,TennisSwing,13:33:34,13:34:48
v_TennisSwing_g25_c03.avi,TennisSwing,17:05:11,17:07:05
v_TennisSwing_g25_c06.avi,TennisSwing,17:43:11,17:44:27
v_ThrowDiscus_g01_c01.avi,ThrowDiscus,17:26:59,17:28:54
v_ThrowDiscus_g01_c03.avi,ThrowDiscus,10:04:24,10:05:56
v_ThrowDiscus_g02_c01.avi,ThrowDiscus,20:38:19,20:39:28
v_ThrowDiscus_g02_c02.avi,ThrowDiscus,08:15:42,08:16:38
v_ThrowDiscus_g02_c03.avi,ThrowDiscus,08:55:58,08:57:46
v_ThrowDiscus_g02_c04.avi,ThrowDiscus,12:18:13,12:18:34
v_ThrowDiscus_g02_c05.avi,ThrowDiscus,18:19:01,18:19:33
v_ThrowDiscus_g02_c06.avi,ThrowDiscus,15:01:32,15:01:42
v_ThrowDiscus_g02_c07.avi,ThrowDiscus,11:06:28,11:07:16
v_ThrowDiscus_g03_c03.avi,ThrowDiscus,06:22:31,06:23:56
v_ThrowDiscus_g03_c04.avi,ThrowDiscus,08:45:04,08:45:41
v_ThrowDiscus_g04_c01.avi,ThrowDiscus,16:40:18,16:42:13
v_ThrowDiscus_g04_c02.avi,ThrowDiscus,08:30:00,08:30:56
v_ThrowDiscus_g04_c03.avi,ThrowDiscus,10:39:31,10:40:13
v_ThrowDiscus_g04_c04.avi,ThrowDiscus,07:38:45,07:40:41
v_ThrowDiscus_g05_c01.avi,ThrowDiscus,18:18:18,18:18:35
v_ThrowDiscus_g05_c02.avi,ThrowDiscus,07:51:53,07:53:31
v_ThrowDiscus_g05_c05.avi,ThrowDiscus,16:49:42,16:51:16
v_ThrowDiscus_g06_c01.avi,ThrowDiscus,07:43:14,07:44:58
v_ThrowDiscus_g06_c02.avi,ThrowDiscus,22:28:30,22:29:26
v_ThrowDiscus_g06_c03.avi,ThrowDiscus,12:47:10,12:48:47
v_ThrowDiscus_g06_c04.avi,ThrowDiscus,13:24:58,13:25:14
v_ThrowDiscus_g06_c05.avi,ThrowDiscus,11:01:18,11:01:50
v_ThrowDiscus_g06_c06.avi,ThrowDiscus,08:56:10,08:56:50
v_ThrowDiscus_g07_c01.avi,ThrowDiscus,19:25:14,19:25:36
v_ThrowDiscus_g07_c03.avi,ThrowDiscus,11:27:14,11:28:42
v_ThrowDiscus_g07_c04.avi,ThrowDiscus,22:29:43,22:29:59
v_ThrowDiscus_g07_c05.avi,ThrowDiscus,13:15:10,13:16:24
v_ThrowDiscus_g07_c06.avi,ThrowDiscus,20:01:08,20:02:24
v_ThrowDiscus_g07_c07.avi,ThrowDiscus,14:04:02,14:05:36
v_ThrowDiscus_g08_c01.avi,ThrowDiscus,12:58:08,12:58:52
v_ThrowDiscus_g08_c03.avi,ThrowDiscus,20:51:03,20:52:29
v_ThrowDiscus_g08_c04.avi,ThrowDiscus,19:13:56,19:15:52
v_ThrowDiscus_g09_c02.avi,ThrowDiscus,17:25:21,17:26:59
v_ThrowDiscus_g09_c03.avi,ThrowDiscus,17:37:50,17:39:31
v_ThrowDiscus_g09_c04.avi,ThrowDiscus,12:16:39,12:18:00
v_ThrowDiscus_g09_c05.avi,ThrowDiscus,06:46:01,06:47:26
v_ThrowDiscus_g09_c06.avi,ThrowDiscus,12:50:42,12:52:18
v_ThrowDiscus_g10_c02.avi,ThrowDiscus,21:35:26,21:36:52
v_ThrowDiscus_g10_c03.avi,ThrowDiscus,07:30:30,07:31:48
v_ThrowDiscus_g10_c04.avi,ThrowDiscus,12:59:08,13:00:58
v_ThrowDiscus_g10_c05.avi,ThrowDiscus,19:42:46,19:44:14
v_ThrowDiscus_g11_c01.avi,ThrowDiscus,13:00:31,13:01:06
v_ThrowDiscus_g11_c02.avi,ThrowDiscus,11:13:43,11:14:20
v_ThrowDiscus_g11_c03.avi,ThrowDiscus,18:11:31,18:13:19
v_ThrowDiscus_g11_c04.avi,ThrowDiscus,10:48:54,10:49:28
v_ThrowDiscus_g11_c06.avi,ThrowDiscus,08:07:22,08:08:51
v_ThrowDiscus_g11_c07.avi,ThrowDiscus,12:16:38,12:17:27
v_ThrowDiscus_g12_c01.avi,ThrowDiscus,12:49:04,12:50:37
v_ThrowDiscus_g12_c02.avi,ThrowDiscus,11:06:25,11:07:57
v_ThrowDiscus_g12_c03.avi,ThrowDiscus,20:21:16,20:22:33
v_ThrowDiscus_g12_c04.avi,ThrowDiscus,19:38:23,19:39:09
v_ThrowDiscus_g12_c05.avi,ThrowDiscus,06:15:18,06:16:37
v_ThrowDiscus_g12_c06.avi,ThrowDiscus,16:58:41,16:59:30
v_ThrowDiscus_g13_c02.avi,ThrowDiscus,12:40:31,12:40:41
v_ThrowDiscus_g13_c03.avi,ThrowDiscus,19:17:07,19:17:40
v_ThrowDiscus_g13_c04.avi,ThrowDiscus,12:02:58,12:04:45
v_ThrowDiscus_g13_c05.avi,ThrowDiscus,18:50:05,18:50:49
v_ThrowDiscus_g14_c01.avi,ThrowDiscus,14:38:25,14:39:09
v_ThrowDiscus_g14_c02.avi,ThrowDiscus,10:52:14,10:52:45
v_ThrowDiscus_g14_c03.avi,ThrowDiscus,18:12:21,18:13:23
v_ThrowDiscus_g14_c04.avi,ThrowDiscus,11:14:45,11:15:53
v_ThrowDiscus_g15_c02.avi,ThrowDiscus,22:12:58,22:14:05
v_ThrowDiscus_g15_c03.avi,ThrowDiscus,13:58:29,14:00:04
v_ThrowDiscus_g15_c04.avi,ThrowDiscus,11:59:05,11:59:19
v_ThrowDiscus_g15_c05.avi,ThrowDiscus,20:32:31,20:32:47
v_ThrowDiscus_g16_c01.avi,ThrowDiscus,18:44:30,18:44:51
v_ThrowDiscus_g16_c02.avi,ThrowDiscus,18:08:48,18:09:54
v_ThrowDiscus_g16_c03.avi,ThrowDiscus,20:40:30,20:42:04
v_ThrowDiscus_g16_c04.avi,ThrowDiscus,17:14:40,17:15:01
v_ThrowDiscus_g17_c02.avi,ThrowDiscus,16:43:48,16:44:38
v_ThrowDiscus_g17_c03.avi,ThrowDiscus,17:47:19,17:48:52
v_ThrowDiscus_g17_c04.avi,ThrowDiscus,22:53:12,22:53:30
v_ThrowDiscus_g17_c05.avi,ThrowDiscus,14:48:14,14:49:41
v_ThrowDiscus_g18_c01.avi,ThrowDiscus,12:09:37,12:11:01
v_ThrowDiscus_g18_c02.avi,ThrowDiscus,14:54:34,14:55:19
v_ThrowDiscus_g18_c03.avi,ThrowDiscus,15:13:31,15:15:18
v_ThrowDiscus_g18_c04.avi,ThrowDiscus,16:44:05,16:46:03
v_ThrowDiscus_g18_c07.avi,ThrowDiscus,14:19:42,14:21:25
v_ThrowDiscus_g19_c01.avi,ThrowDiscus,22:53:39,22:54:17
v_ThrowDiscus_g19_c02.avi,ThrowDiscus,18:59:01,19:00:14
v_ThrowDiscus_g19_c03.avi,ThrowDiscus,11:57:43,11:58:24
v_ThrowDiscus_g19_c04.avi,ThrowDiscus,07:33:18,07:34:44
v_ThrowDiscus_g20_c01.avi,ThrowDiscus,19:10:46,19:11:50
v_ThrowDiscus_g20_c02.avi,ThrowDiscus,17:45:38,17:45:49
v_ThrowDiscus_g20_c04.avi,ThrowDiscus,14:10:17,14:10:27
v_ThrowDiscus_g21_c03.avi,ThrowDiscus,20:58:45,20:59:47
v_ThrowDiscus_g21_c05.avi,ThrowDiscus,06:53:39,06:54:47
v_ThrowDiscus_g21_c06.avi,ThrowDiscus,13:10:32,13:11:07
v_ThrowDiscus_g21_c07.avi,ThrowDiscus,07:02:41,07:03:21
v_ThrowDiscus_g22_c02.avi,ThrowDiscus,14:19:34,14:19:55
v_ThrowDiscus_g22_c03.avi,ThrowDiscus,22:30:00,22:31:09
v_ThrowDiscus_g22_c04.avi,ThrowDiscus,08:52:52,08:54:46
v_ThrowDiscus_g23_c04.avi,ThrowDiscus,13:48:14,13:48:45
v_ThrowDiscus_g23_c05.avi,ThrowDiscus,20:33:27,20:35:19
v_ThrowDiscus_g24_c02.avi,ThrowDiscus,13:25:00,13:26:28
v_ThrowDiscus_g24_c03.avi,ThrowDiscus,15:26:47,15:26:58
v_ThrowDiscus_g24_c04.avi,ThrowDiscus,08:39:31,08:41:30
v_ThrowDiscus_g24_c05.avi,ThrowDiscus,11:48:44,11:50:16
v_ThrowDiscus_g25_c01.avi,ThrowDiscus,14:46:44,14:48:35
v_TrampolineJumping_g01_c02.avi,TrampolineJumping,09:47:42,09:48:59
v_TrampolineJumping_g01_c03.avi,TrampolineJumping,19:33:29,19:34:22
v_TrampolineJumping_g01_c04.avi,TrampolineJumping,10:06:08,10:07:41
v_TrampolineJumping_g02_c01.avi,TrampolineJumping,11:26:43,11:27:37
v_TrampolineJumping_g02_c02.avi,TrampolineJumping,22:49:18,22:50:27
v_TrampolineJumping_g02_c03.avi,TrampolineJumping,11:59:06,12:00:02
v_TrampolineJumping_g02_c04.avi,TrampolineJumping,10:19:33,10:20:05
v_TrampolineJumping_g02_c05.avi,TrampolineJumping,17:56:18,17:56:36
v_TrampolineJumping_g03_c01.avi,TrampolineJumping,19:53:52,19:55:19
v_TrampolineJumping_g03_c02.avi,TrampolineJumping,18:04:33,18:05:26
v_TrampolineJumping_g03_c03.avi,TrampolineJumping,15:14:59,15:15:41
v_TrampolineJumping_g03_c04.avi,TrampolineJumping,09:39:20,09:41:07
v_TrampolineJumping_g04_c01.avi,TrampolineJumping,19:49:02,19:49:51
v_TrampolineJumping_g04_c02.avi,TrampolineJumping,06:11:21,06:12:29
v_TrampolineJumping_g04_c03.avi,TrampolineJumping,07:29:29,07:30:07
v_TrampolineJumping_g04_c04.avi,TrampolineJumping,20:23:16,20:23:36
v_TrampolineJumping_g05_c01.avi,TrampolineJumping,16:03:30,16:04:09
v_TrampolineJumping_g05_c02.avi,TrampolineJumping,10:04:36,10:05:48
v_TrampolineJumping_g05_c03.avi,TrampolineJumping,16:07:47,16:09:05
v_TrampolineJumping_g05_c04.avi,TrampolineJumping,19:01:54,19:03:11
v_TrampolineJumping_g06_c01.avi,TrampolineJumping,17:55:22,17:56:46
v_TrampolineJumping_g06_c02.avi,TrampolineJumping,12:21:21,12:22:14
v_TrampolineJumping_g06_c03.avi,TrampolineJumping,13:32:53,13:34:32
v_TrampolineJumping_g06_c04.avi,TrampolineJumping,14:46:19,14:47:53
v_TrampolineJumping_g07_c02.avi,TrampolineJumping,17:21:19,17:22:25
v_TrampolineJumping_g07_c03.avi,TrampolineJumping,11:27:01,11:28:08
v_TrampolineJumping_g07_c04.avi,TrampolineJumping,20:39:57,20:40:25
v_TrampolineJumping_g07_c05.avi,TrampolineJumping,06:10:35,06:11:08
v_TrampolineJumping_g08_c01.avi,TrampolineJumping,17:55:56,17:57:49
v_TrampolineJumping_g08_c02.avi,TrampolineJumping,08:53:01,08:53:46
v_TrampolineJumping_g08_c03.avi,TrampolineJumping,12:18:58,12:20:52
v_TrampolineJumping_g08_c04.avi,TrampolineJumping,22:16:46,22:17:51
v_TrampolineJumping_g09_c02.avi,TrampolineJumping,08:15:20,08:16:00
v_TrampolineJumping_g09_c03.avi,TrampolineJumping,18:59:34,19:01:29
v_TrampolineJumping_g09_c04.avi,TrampolineJumping,18:33:26,18:34:12
v_TrampolineJumping_g09_c05.avi,TrampolineJumping,06:01:42,06:03:09
v_TrampolineJumping_g09_c06.avi,TrampolineJumping,22:09:48,22:11:29
v_TrampolineJumping_g10_c01.avi,TrampolineJumping,16:01:55,16:03:03
v_TrampolineJumping_g10_c02.avi,TrampolineJumping,15:42:44,15:43:11
v_TrampolineJumping_g10_c03.avi,TrampolineJumping,14:32:24,14:34:11
v_TrampolineJumping_g10_c05.avi,TrampolineJumping,10:22:16,10:23:05
v_TrampolineJumping_g10_c06.avi,TrampolineJumping,12:41:07,12:42:49
v_TrampolineJumping_g11_c01.avi,TrampolineJumping,16:13:41,16:14:56
v_TrampolineJumping_g11_c02.avi,TrampolineJumping,06:23:57,06:24:14
v_TrampolineJumping_g11_c03.avi,TrampolineJumping,06:15:51,06:16:45
v_TrampolineJumping_g11_c04.avi,TrampolineJumping,15:41:49,15:43:33
v_TrampolineJumping_g11_c05.avi,TrampolineJumping,10:42:43,10:43:55
v_TrampolineJumping_g11_c06.avi,TrampolineJumping,21:05:57,21:07:25
v_TrampolineJumping_g12_c02.avi,TrampolineJumping,16:44:31,16:46:25
v_TrampolineJumping_g12_c03.avi,TrampolineJumping,17:58:37,17:59:07
v_TrampolineJumping_g12_c04.avi,TrampolineJumping,08:52:55,08:53:10
v_TrampolineJumping_g12_c05.avi,TrampolineJumping,19:24:23,19:25:48
v_TrampolineJumping_g13_c01.avi,TrampolineJumping,10:38:25,10:39:38
v_TrampolineJumping_g13_c02.avi,TrampolineJumping,20:02:52,20:04:23
v_TrampolineJumping_g13_c03.avi,TrampolineJumping,07:43:22,07:43:32
v_TrampolineJumping_g13_c04.avi,TrampolineJumping,20:28:22,20:29:18
v_TrampolineJumping_g14_c02.avi,TrampolineJumping,19:36:31,19:38:15
v_TrampolineJumping_g14_c03.avi,TrampolineJumping,22:11:05,22:12:25
v_TrampolineJumping_g14_c04.avi,TrampolineJumping,15:49:56,15:50:49
v_TrampolineJumping_g15_c01.avi,TrampolineJumping,06:03:09,06:03:36
v_TrampolineJumping_g15_c02.avi,TrampolineJumping,15:15:37,15:16:38
v_TrampolineJumping_g15_c03.avi,TrampolineJumping,13:11:42,13:12:31
v_TrampolineJumping_g15_c04.avi,TrampolineJumping,16:42:11,16:42:38
v_TrampolineJumping_g15_c05.avi,TrampolineJumping,11:48:15,11:49:55
v_TrampolineJumping_g16_c02.avi,TrampolineJumping,08:30:13,08:30:47
v_TrampolineJumping_g16_c03.avi,TrampolineJumping,12:14:28,12:14:49
v_TrampolineJumping_g16_c04.avi,TrampolineJumping,09:07:28,09:09:05
v_TrampolineJumping_g16_c05.avi,TrampolineJumping,13:24:08,13:25:26
v_TrampolineJumping_g16_c06.avi,TrampolineJumping,16:01:06,16:01:47
v_TrampolineJumping_g17_c01.avi,TrampolineJumping,06:40:14,06:41:15
v_TrampolineJumping_g17_c02.avi,TrampolineJumping,18:42:11,18:43:34
v_TrampolineJumping_g17_c03.avi,TrampolineJumping,07:55:23,07:55:52
v_TrampolineJumping_g18_c01.avi,TrampolineJumping,14:40:05,14:41:51
v_TrampolineJumping_g18_c02.avi,TrampolineJumping,22:51:56,22:52:29
v_TrampolineJumping_g18_c03.avi,TrampolineJumping,06:30:24,06:31:32
v_TrampolineJumping_g18_c04.avi,TrampolineJumping,12:32:02,12:32:43
v_TrampolineJumping_g19_c01.avi,TrampolineJumping,19:17:57,19:18:41
v_TrampolineJumping_g19_c02.avi,TrampolineJumping,21:30:44,21:31:33
v_TrampolineJumping_g19_c03.avi,TrampolineJumping,20:29:23,20:29:49
v_TrampolineJumping_g19_c04.avi,TrampolineJumping,07:08:59,07:09:39
v_TrampolineJumping_g19_c06.avi,TrampolineJumping,22:02:03,22:03:11
v_TrampolineJumping_g20_c01.avi,TrampolineJumping,17:20:24,17:20:50
v_TrampolineJumping_g20_c02.avi,TrampolineJumping,18:20:42,18:21:06
v_TrampolineJumping_g20_c03.avi,TrampolineJumping,19:24:49,19:26:26
v_TrampolineJumping_g21_c01.avi,TrampolineJumping,06:34:21,06:35:31
v_TrampolineJumping_g21_c02.avi,TrampolineJumping,10:18:20,10:19:59
v_TrampolineJumping_g21_c04.avi,TrampolineJumping,19:37:29,19:37:42
v_TrampolineJumping_g22_c01.avi,TrampolineJumping,16:00:37,16:01:35
v_TrampolineJumping_g22_c02.avi,TrampolineJumping,18:23:50,18:24:56
v_TrampolineJumping_g22_c03.avi,TrampolineJumping,11:27:59,11:29:31
v_TrampolineJumping_g22_c04.avi,TrampolineJumping,11:34:05,11:34:49
v_TrampolineJumping_g23_c01.avi,TrampolineJumping,11:46:06,11:47:42
v_TrampolineJumping_g23_c03.avi,TrampolineJumping,12:34:10,12:34:26
v_TrampolineJumping_g23_c04.avi,TrampolineJumping,13:59:33,14:00:45
v_TrampolineJumping_g24_c01.avi,TrampolineJumping,11:23:29,11:23:47
v_TrampolineJumping_g24_c02.avi,TrampolineJumping,08:06:31,08:07:25
v_TrampolineJumping_g24_c03.avi,TrampolineJumping,16:18:50,16:19:09
v_TrampolineJumping_g24_c04.avi,TrampolineJumping,18:08:55,18:10:07
v_TrampolineJumping_g25_c01.avi,TrampolineJumping,08:20:49,08:21:19
v_TrampolineJumping_g25_c02.avi,TrampolineJumping,17:55:08,17:56:46
v_Typing_g01_c01.avi,Typing,16:02:10,16:03:32
v_Typing_g01_c02.avi,Typing,15:37:38,15:37:50
v_Typing_g01_c06.avi,Typing,14:51:53,14:52:31
v_Typing_g02_c01.avi,Typing,08:07:38,08:07:55
v_Typing_g02_c02.avi,Typing,10:43:47,10:45:15
v_Typing_g02_c03.avi,Typing,07:21:19,07:23:01
v_Typing_g02_c04.avi,Typing,07:00:59,07:01:20
v_Typing_g02_c05.avi,Typing,14:57:53,14:59:44
v_Typing_g03_c01.avi,Typing,14:23:00,14:24:54
v_Typing_g03_c04.avi,Typing,17:47:47,17:48:06
v_Typing_g03_c05.avi,Typing,18:27:08,18:27:57
v_Typing_g04_c01.avi,Typing,16:42:54,16:43:55
v_Typing_g04_c03.avi,Typing,12:57:04,12:57:48
v_Typing_g04_c04.avi,Typing,17:46:55,17:47:06
v_Typing_g05_c02.avi,Typing,06:42:07,06:42:48
v_Typing_g05_c04.avi,Typing,18:41:30,18:42:11
v_Typing_g05_c05.avi,Typing,11:17:25,11:19:00
v_Typing_g05_c06.avi,Typing,15:27:05,15:27:54
v_Typing_g06_c03.avi,Typing,15:28:18,15:28:28
v_Typing_g06_c04.avi,Typing,17:12:37,17:14:35
v_Typing_g06_c06.avi,Typing,17:04:32,17:05:30
v_Typing_g06_c07.avi,Typing,12:27:18,12:28:22
v_Typing_g07_c01.avi,Typing,15:45:44,15:47:32
v_Typing_g07_c02.avi,Typing,17:57:59,17:58:24
v_Typing_g07_c04.avi,Typing,13:14:18,13:16:18
v_Typing_g07_c05.avi,Typing,15:15:57,15:17:45
v_Typing_g07_c06.avi,Typing,13:41:23,13:42:45
v_Typing_g08_c01.avi,Typing,11:13:38,11:15:36
v_Typing_g08_c03.avi,Typing,12:04:46,12:05:26
v_Typing_g08_c04.avi,Typing,15:44:50,15:45:07
v_Typing_g08_c05.avi,Typing,18:07:41,18:08:30
v_Typing_g08_c07.avi,Typing,06:01:18,06:02:07
v_Typing_g09_c01.avi,Typing,20:20:02,20:21:29
v_Typing_g09_c02.avi,Typing,07:18:53,07:20:14
v_Typing_g09_c03.avi,Typing,17:11:00,17:12:14
v_Typing_g09_c04.avi,Typing,10:45:44,10:46:10
v_Typing_g09_c06.avi,Typing,14:58:00,14:58:26
v_Typing_g09_c07.avi,Typing,16:19:13,16:20:21
v_Typing_g10_c02.avi,Typing,21:45:03,21:45:17
v_Typing_g10_c03.avi,Typing,17:21:18,17:21:59
v_Typing_g10_c04.avi,Typing,22:24:20,22:25:34
v_Typing_g10_c05.avi,Typing,20:04:24,20:05:59
v_Typing_g10_c06.avi,Typing,20:47:20,20:48:30
v_Typing_g10_c07.avi,Typing,06:30:28,06:32:26
v_Typing_g11_c02.avi,Typing,11:25:08,11:26:46
v_Typing_g11_c04.avi,Typing,19:57:36,19:57:58
v_Typing_g11_c05.avi,Typing,19:03:12,19:03:48
v_Typing_g11_c06.avi,Typing,22:17:56,22:18:51
v_Typing_g11_c07.avi,Typing,09:10:39,09:10:59
v_Typing_g12_c01.avi,Typing,21:58:14,21:59:55
v_Typing_g12_c02.avi,Typing,10:13:11,10:13:38
v_Typing_g12_c03.avi,Typing,20:52:17,20:54:13
v_Typing_g12_c06.avi,Typing,14:21:16,14:21:48
v_Typing_g12_c07.avi,Typing,11:18:07,11:18:21
v_Typing_g13_c01.avi,Typing,20:03:48,20:05:30
v_Typing_g13_c02.avi,Typing,20:17:04,20:18:26
v_Typing_g13_c03.avi,Typing,20:44:52,20:46:03
v_Typing_g13_c04.avi,Typing,17:32:04,17:32:45
v_Typing_g14_c01.avi,Typing,13:38:56,13:40:52
v_Typing_g14_c02.avi,Typing,13:24:47,13:25:00
v_Typing_g14_c05.avi,Typing,12:24:38,12:25:24
v_Typing_g14_c06.avi,Typing,14:37:28,14:39:28
v_Typing_g14_c07.avi,Typing,19:56:16,19:56:40
v_Typing_g15_c01.avi,Typing,07:19:48,07:21:14
v_Typing_g15_c02.avi,Typing,16:38:20,16:39:58
v_Typing_g15_c03.avi,Typing,19:58:40,19:59:24
v_Typing_g15_c04.avi,Typing,10:32:19,10:33:18
v_Typing_g16_c02.avi,Typing,15:51:45,15:52:22
v_Typing_g16_c04.avi,Typing,16:39:23,16:39:37
v_Typing_g17_c01.avi,Typing,16:45:00,16:46:26
v_Typing_g17_c02.avi,Typing,06:19:14,06:20:37
v_Typing_g17_c03.avi,Typing,19:21:49,19:22:41
v_Typing_g17_c04.avi,Typing,16:36:42,16:37:51
v_Typing_g18_c01.avi,Typing,20:06:01,20:07:32
v_Typing_g18_c03.avi,Typing,14:02:18,14:02:45
v_Typing_g18_c04.avi,Typing,22:31:09,22:31:46
v_Typing_g19_c02.avi,Typing,22:04:44,22:05:49
v_Typing_g19_c03.avi,Typing,18:40:28,18:41:28
v_Typing_g19_c04.avi,Typing,10:33:02,10:33:39
v_Typing_g20_c01.avi,Typing,16:03:43,16:04:56
v_Typing_g20_c02.avi,Typing,09:43:37,09:44:59
v_Typing_g20_c04.avi,Typing,13:50:03,13:50:22
v_Typing_g20_c05.avi,Typing,20:30:09,20:30:39
v_Typing_g20_c06.avi,Typing,06:34:16,06:35:09
v_Typing_g21_c01.avi,Typing,22:04:11,22:05:21
v_Typing_g21_c02.avi,Typing,21:26:17,21:27:45
v_Typing_g21_c03.avi,Typing,18:39:46,18:40:03
v_Typing_g21_c04.avi,Typing,07:12:26,07:13:18
v_Typing_g22_c02.avi,Typing,09:18:20,09:19:59
v_Typing_g22_c03.avi,Typing,10:00:46,10:01:03
v_Typing_g22_c04.avi,Typing,17:07:25,17:08:24
v_Typing_g23_c01.avi,Typing,11:55:28,11:56:58
v_Typing_g23_c03.avi,Typing,21:58:18,21:59:45
v_Typing_g23_c04.avi,Typing,10:54:16,10:55:33
v_Typing_g24_c01.avi,Typing,10:21:54,10:22:14
v_Typing_g24_c03.avi,Typing,18:35:40,18:37:34
v_Typing_g24_c04.avi,Typing,09:22:37,09:23:33
v_Typing_g25_c01.avi,Typing,13:21:51,13:23:08
v_Typing_g25_c02.avi,Typing,21:23:33,21:24:41
v_Typing_g25_c03.avi,Typing,07:40:39,07:42:25
v_VolleyballSpiking_g01_c01.avi,VolleyballSpiking,18:17:33,18:17:50
v_VolleyballSpiking_g01_c03.avi,VolleyballSpiking,17:32:00,17:34:00
v_VolleyballSpiking_g01_c04.avi,VolleyballSpiking,18:30:44,18:32:08
v_VolleyballSpiking_g02_c01.avi,VolleyballSpiking,12:11:13,12:11:59
v_VolleyballSpiking_g02_c02.avi,VolleyballSpiking,09:57:25,09:57:42
v_VolleyballSpiking_g02_c03.avi,VolleyballSpiking,13:44:40,13:46:25
v_VolleyballSpiking_g02_c04.avi,VolleyballSpiking,07:00:49,07:02:13
v_VolleyballSpiking_g03_c01.avi,VolleyballSpiking,08:28:02,08:29:32
v_VolleyballSpiking_g03_c02.avi,VolleyballSpiking,14:36:29,14:37:59
v_VolleyballSpiking_g03_c04.avi,VolleyballSpiking,16:53:27,16:53:49
v_VolleyballSpiking_g04_c01.avi,VolleyballSpiking,10:36:32,10:38:25
v_VolleyballSpiking_g04_c02.avi,VolleyballSpiking,08:02:21,08:03:22
v_VolleyballSpiking_g04_c03.avi,VolleyballSpiking,22:01:00,22:02:51
v_VolleyballSpiking_g04_c04.avi,VolleyballSpiking,12:00:30,12:01:23
v_VolleyballSpiking_g04_c05.avi,VolleyballSpiking,13:37:49,13:38:53
v_VolleyballSpiking_g04_c06.avi,VolleyballSpiking,12:36:51,12:38:47
v_VolleyballSpiking_g04_c07.avi,VolleyballSpiking,06:41:33,06:42:14
v_VolleyballSpiking_g05_c02.avi,VolleyballSpiking,19:25:44,19:26:12
v_VolleyballSpiking_g05_c03.avi,VolleyballSpiking,10:42:43,10:44:30
v_VolleyballSpiking_g05_c04.avi,VolleyballSpiking,07:35:14,07:36:43
v_VolleyballSpiking_g05_c05.avi,VolleyballSpiking,20:04:26,20:05:12
v_VolleyballSpiking_g06_c01.avi,VolleyballSpiking,13:46:55,13:48:08
v_VolleyballSpiking_g06_c02.avi,VolleyballSpiking,12:00:07,12:01:33
v_VolleyballSpiking_g06_c03.avi,VolleyballSpiking,13:44:11,13:45:53
v_VolleyballSpiking_g06_c04.avi,VolleyballSpiking,13:31:58,13:33:42
v_VolleyballSpiking_g07_c02.avi,VolleyballSpiking,20:17:21,20:19:21
v_VolleyballSpiking_g07_c03.avi,VolleyballSpiking,08:42:11,08:43:34
v_VolleyballSpiking_g07_c04.avi,VolleyballSpiking,22:12:26,22:13:08
v_VolleyballSpiking_g07_c05.avi,VolleyballSpiking,07:20:21,07:21:36
v_VolleyballSpiking_g07_c06.avi,VolleyballSpiking,17:14:12,17:15:06
v_VolleyballSpiking_g07_c07.avi,VolleyballSpiking,16:47:52,16:49:32
v_VolleyballSpiking_g08_c01.avi,VolleyballSpiking,15:04:22,15:05:14
v_VolleyballSpiking_g08_c02.avi,VolleyballSpiking,11:35:04,11:36:41
v_VolleyballSpiking_g08_c04.avi,VolleyballSpiking,21:00:42,21:01:27
v_VolleyballSpiking_g08_c05.avi,VolleyballSpiking,08:31:07,08:32:37
v_VolleyballSpiking_g08_c06.avi,VolleyballSpiking,19:54:35,19:56:20
v_VolleyballSpiking_g09_c01.avi,VolleyballSpiking,14:12:33,14:13:10
v_VolleyballSpiking_g09_c02.avi,VolleyballSpiking,19:41:54,19:42:19
v_VolleyballSpiking_g09_c03.avi,VolleyballSpiking,11:25:18,11:26:47
v_VolleyballSpiking_g09_c04.avi,VolleyballSpiking,13:57:00,13:57:39
v_VolleyballSpiking_g09_c05.avi,VolleyballSpiking,13:19:54,13:21:16
v_VolleyballSpiking_g10_c01.avi,VolleyballSpiking,19:39:47,19:41:12
v_VolleyballSpiking_g10_c02.avi,VolleyballSpiking,16:40:11,16:40:38
v_VolleyballSpiking_g10_c03.avi,VolleyballSpiking,18:02:52,18:03:48
v_VolleyballSpiking_g10_c04.avi,VolleyballSpiking,10:31:13,10:32:44
v_VolleyballSpiking_g11_c01.avi,VolleyballSpiking,13:45:33,13:46:31
v_VolleyballSpiking_g11_c02.avi,VolleyballSpiking,11:58:50,12:00:07
v_VolleyballSpiking_g11_c03.avi,VolleyballSpiking,14:14:34,14:15:53
v_VolleyballSpiking_g11_c04.avi,VolleyballSpiking,13:29:44,13:30:15
v_VolleyballSpiking_g11_c06.avi,VolleyballSpiking,17:41:00,17:42:12
v_VolleyballSpiking_g12_c01.avi,VolleyballSpiking,13:43:03,13:44:09
v_VolleyballSpiking_g12_c02.avi,VolleyballSpiking,22:16:11,22:16:59
v_VolleyballSpiking_g12_c03.avi,VolleyballSpiking,11:27:20,11:27:56
v_VolleyballSpiking_g12_c04.avi,VolleyballSpiking,20:40:00,20:41:07
v_VolleyballSpiking_g13_c01.avi,VolleyballSpiking,16:12:24,16:13:39
v_VolleyballSpiking_g13_c02.avi,VolleyballSpiking,15:02:15,15:04:02
v_VolleyballSpiking_g13_c03.avi,VolleyballSpiking,17:31:46,17:32:48
v_VolleyballSpiking_g13_c05.avi,VolleyballSpiking,11:59:31,11:59:49
v_VolleyballSpiking_g13_c06.avi,VolleyballSpiking,22:01:27,22:02:21
v_VolleyballSpiking_g13_c07.avi,VolleyballSpiking,07:55:15,07:55:52
v_VolleyballSpiking_g14_c01.avi,VolleyballSpiking,21:38:28,21:40:17
v_VolleyballSpiking_g14_c02.avi,VolleyballSpiking,15:32:17,15:32:43
v_VolleyballSpiking_g14_c03.avi,VolleyballSpiking,07:31:45,07:33:05
v_VolleyballSpiking_g14_c04.avi,VolleyballSpiking,06:07:14,06:07:24
v_VolleyballSpiking_g15_c01.avi,VolleyballSpiking,21:42:10,21:44:08
v_VolleyballSpiking_g15_c03.avi,VolleyballSpiking,07:22:38,07:23:54
v_VolleyballSpiking_g15_c04.avi,VolleyballSpiking,17:10:40,17:12:00
v_VolleyballSpiking_g16_c01.avi,VolleyballSpiking,11:48:59,11:50:32
v_VolleyballSpiking_g16_c02.avi,VolleyballSpiking,14:51:23,14:53:02
v_VolleyballSpiking_g16_c03.avi,VolleyballSpiking,10:12:47,10:13:12
v_VolleyballSpiking_g16_c04.avi,VolleyballSpiking,07:34:09,07:36:08
v_VolleyballSpiking_g17_c01.avi,VolleyballSpiking,15:18:16,15:19:58
v_VolleyballSpiking_g17_c02.avi,VolleyballSpiking,19:46:20,19:46:54
v_VolleyballSpiking_g17_c04.avi,VolleyballSpiking,22:02:49,22:04:46
v_VolleyballSpiking_g18_c01.avi,VolleyballSpiking,20:40:57,20:41:43
v_VolleyballSpiking_g18_c02.avi,VolleyballSpiking,16:38:48,16:40:20
v_VolleyballSpiking_g18_c03.avi,VolleyballSpiking,18:15:36,18:16:18
v_VolleyballSpiking_g18_c04.avi,VolleyballSpiking,21:34:21,21:35:25
v_VolleyballSpiking_g19_c01.avi,VolleyballSpiking,21:15:16,21:17:15
v_VolleyballSpiking_g19_c02.avi,VolleyballSpiking,18:36:36,18:37:25
v_VolleyballSpiking_g19_c03.avi,VolleyballSpiking,19:42:21,19:42:31
v_VolleyballSpiking_g20_c01.avi,VolleyballSpiking,12:55:25,12:55:46
v_VolleyballSpiking_g20_c02.avi,VolleyballSpiking,14:59:22,15:00:18
v_VolleyballSpiking_g20_c04.avi,VolleyballSpiking,08:21:15,08:22:19
v_VolleyballSpiking_g21_c01.avi,VolleyballSpiking,18:05:28,18:07:02
v_VolleyballSpiking_g21_c02.avi,VolleyballSpiking,06:43:33,06:44:40
v_VolleyballSpiking_g21_c03.avi,VolleyballSpiking,16:56:05,16:56:40
v_VolleyballSpiking_g21_c04.avi,VolleyballSpiking,16:57:21,16:58:11
v_VolleyballSpiking_g22_c02.avi,VolleyballSpiking,07:25:08,07:25:42
v_VolleyballSpiking_g22_c03.avi,VolleyballSpiking,13:39:06,13:40:15
v_VolleyballSpiking_g23_c01.avi,VolleyballSpiking,18:50:40,18:52:39
v_VolleyballSpiking_g23_c02.avi,VolleyballSpiking,14:08:15,14:09:10
v_VolleyballSpiking_g23_c03.avi,VolleyballSpiking,16:10:12,16:10:24
v_VolleyballSpiking_g23_c04.avi,VolleyballSpiking,12:56:05,12:56:19
v_VolleyballSpiking_g24_c01.avi,VolleyballSpiking,19:41:52,19:42:04
v_VolleyballSpiking_g24_c03.avi,VolleyballSpiking,08:15:19,08:16:49
v_VolleyballSpiking_g24_c04.avi,VolleyballSpiking,10:45:48,10:46:38
v_VolleyballSpiking_g25_c01.avi,VolleyballSpiking,09:18:15,09:19:27
v_VolleyballSpiking_g25_c03.avi,VolleyballSpiking,17:18:54,17:20:53
v_VolleyballSpiking_g25_c04.avi,VolleyballSpiking,14:20:04,14:21:51
v_WalkingWithDog_g01_c01.avi,WalkingWithDog,19:15:30,19:16:35
v_WalkingWithDog_g01_c02.avi,WalkingWithDog,20:47:17,20:47:29
v_WalkingWithDog_g01_c04.avi,WalkingWithDog,09:57:27,09:59:22
v_WalkingWithDog_g02_c01.avi,WalkingWithDog,12:21:58,12:22:20
v_WalkingWithDog_g02_c02.avi,WalkingWithDog,18:32:21,18:34:19
v_WalkingWithDog_g02_c03.avi,WalkingWithDog,19:34:36,19:34:52
v_WalkingWithDog_g02_c04.avi,WalkingWithDog,17:45:50,17:46:41
v_WalkingWithDog_g02_c05.avi,WalkingWithDog,08:51:17,08:51:29
v_WalkingWithDog_g02_c06.avi,WalkingWithDog,13:49:47,13:50:37
v_WalkingWithDog_g03_c01.avi,WalkingWithDog,06:47:56,06:48:52
v_WalkingWithDog_g03_c03.avi,WalkingWithDog,14:55:14,14:55:41
v_WalkingWithDog_g03_c04.avi,WalkingWithDog,21:30:35,21:32:08
v_WalkingWithDog_g03_c05.avi,WalkingWithDog,20:01:42,20:01:59
v_WalkingWithDog_g04_c01.avi,WalkingWithDog,19:39:54,19:41:21
v_WalkingWithDog_g04_c02.avi,WalkingWithDog,20:34:24,20:36:17
v_WalkingWithDog_g04_c03.avi,WalkingWithDog,21:45:00,21:46:42
v_WalkingWithDog_g04_c04.avi,WalkingWithDog,10:00:46,10:01:18
v_WalkingWithDog_g04_c05.avi,WalkingWithDog,19:01:53,19:03:50
v_WalkingWithDog_g05_c02.avi,WalkingWithDog,19:55:56,19:57:27
v_WalkingWithDog_g05_c03.avi,WalkingWithDog,13:11:04,13:12:43
v_WalkingWithDog_g05_c04.avi,WalkingWithDog,14:46:17,14:47:52
v_WalkingWithDog_g05_c05.avi,WalkingWithDog,10:35:07,10:35:53
v_WalkingWithDog_g06_c01.avi,WalkingWithDog,07:09:37,07:10:17
v_WalkingWithDog_g06_c02.avi,WalkingWithDog,16:08:24,16:09:45
v_WalkingWithDog_g06_c03.avi,WalkingWithDog,12:54:39,12:55:52
v_WalkingWithDog_g06_c04.avi,WalkingWithDog,19:32:19,19:32:56
v_WalkingWithDog_g07_c01.avi,WalkingWithDog,22:58:48,23:00:06
v_WalkingWithDog_g07_c02.avi,WalkingWithDog,21:32:11,21:33:23
v_WalkingWithDog_g07_c03.avi,WalkingWithDog,17:46:01,17:46:38
v_WalkingWithDog_g07_c04.avi,WalkingWithDog,12:20:37,12:22:15
v_WalkingWithDog_g07_c05.avi,WalkingWithDog,12:01:15,12:01:56
v_WalkingWithDog_g07_c06.avi,WalkingWithDog,20:55:01,20:56:57
v_WalkingWithDog_g08_c01.avi,WalkingWithDog,09:40:42,09:41:27
v_WalkingWithDog_g08_c02.avi,WalkingWithDog,11:10:18,11:10:48
v_WalkingWithDog_g08_c04.avi,WalkingWithDog,19:44:05,19:45:58
v_WalkingWithDog_g08_c05.avi,WalkingWithDog,21:06:55,21:07:54
v_WalkingWithDog_g09_c01.avi,WalkingWithDog,06:45:00,06:46:29
v_WalkingWithDog_g09_c02.avi,WalkingWithDog,12:11:50,12:12:32
v_WalkingWithDog_g09_c03.avi,WalkingWithDog,07:04:14,07:05:09
v_WalkingWithDog_g09_c04.avi,WalkingWithDog,15:14:34,15:16:12
v_WalkingWithDog_g09_c05.avi,WalkingWithDog,10:48:57,10:49:48
v_WalkingWithDog_g09_c06.avi,WalkingWithDog,09:50:38,09:51:19
v_WalkingWithDog_g10_c02.avi,WalkingWithDog,12:30:48,12:32:23
v_WalkingWithDog_g10_c03.avi,WalkingWithDog,20:47:33,20:47:57
v_WalkingWithDog_g10_c04.avi,WalkingWithDog,22:37:03,22:37:21
v_WalkingWithDog_g10_c05.avi,WalkingWithDog,07:22:26,07:23:21
v_WalkingWithDog_g11_c01.avi,WalkingWithDog,06:24:18,06:25:02
v_WalkingWithDog_g11_c02.avi,WalkingWithDog,22:55:12,22:56:54
v_WalkingWithDog_g11_c03.avi,WalkingWithDog,08:54:36,08:55:32
v_WalkingWithDog_g11_c04.avi,WalkingWithDog,14:56:20,14:56:36
v_WalkingWithDog_g12_c01.avi,WalkingWithDog,14:36:53,14:38:43
v_WalkingWithDog_g12_c02.avi,WalkingWithDog,07:02:47,07:03:04
v_WalkingWithDog_g12_c03.avi,WalkingWithDog,19:29:27,19:30:19
v_WalkingWithDog_g12_c04.avi,WalkingWithDog,06:01:58,06:03:03
v_WalkingWithDog_g12_c05.avi,WalkingWithDog,16:43:52,16:45:41
v_WalkingWithDog_g13_c01.avi,WalkingWithDog,22:14:03,22:15:37
v_WalkingWithDog_g13_c02.avi,WalkingWithDog,13:20:25,13:21:23
v_WalkingWithDog_g13_c03.avi,WalkingWithDog,07:31:48,07:32:06
v_WalkingWithDog_g13_c05.avi,WalkingWithDog,09:37:09,09:38:02
v_WalkingWithDog_g14_c01.avi,WalkingWithDog,06:05:16,06:06:16
v_WalkingWithDog_g14_c02.avi,WalkingWithDog,13:29:42,13:30:20
v_WalkingWithDog_g14_c03.avi,WalkingWithDog,15:13:25,15:14:39
v_WalkingWithDog_g14_c04.avi,WalkingWithDog,13:46:33,13:46:58
v_WalkingWithDog_g15_c01.avi,WalkingWithDog,08:18:18,08:18:53
v_WalkingWithDog_g15_c02.avi,WalkingWithDog,11:31:58,11:32:57
v_WalkingWithDog_g15_c03.avi,WalkingWithDog,21:12:10,21:12:39
v_WalkingWithDog_g16_c01.avi,WalkingWithDog,20:41:52,20:43:29
v_WalkingWithDog_g16_c02.avi,WalkingWithDog,13:45:09,13:45:34
v_WalkingWithDog_g16_c03.avi,WalkingWithDog,13:42:17,13:42:56
v_WalkingWithDog_g16_c04.avi,WalkingWithDog,18:14:06,18:15:42
v_WalkingWithDog_g16_c05.avi,WalkingWithDog,09:02:44,09:04:16
v_WalkingWithDog_g17_c01.avi,WalkingWithDog,18:12:29,18:14:15
v_WalkingWithDog_g17_c02.avi,WalkingWithDog,18:51:08,18:52:46
v_WalkingWithDog_g17_c03.avi,WalkingWithDog,22:08:06,22:10:02
v_WalkingWithDog_g17_c05.avi,WalkingWithDog,21:04:14,21:06:00
v_WalkingWithDog_g18_c01.avi,WalkingWithDog,10:02:28,10:03:20
v_WalkingWithDog_g18_c02.avi,WalkingWithDog,07:14:50,07:15:23
v_WalkingWithDog_g18_c03.avi,WalkingWithDog,10:53:25,10:55:10
v_WalkingWithDog_g18_c04.avi,WalkingWithDog,06:18:15,06:18:48
v_WalkingWithDog_g19_c01.avi,WalkingWithDog,08:56:43,08:58:10
v_WalkingWithDog_g19_c02.avi,WalkingWithDog,16:09:16,16:11:04
v_WalkingWithDog_g19_c03.avi,WalkingWithDog,13:52:40,13:54:31
v_WalkingWithDog_g20_c01.avi,WalkingWithDog,15:28:45,15:29:09
v_WalkingWithDog_g20_c02.avi,WalkingWithDog,17:25:20,17:25:43
v_WalkingWithDog_g20_c03.avi,WalkingWithDog,17:51:07,17:52:52
v_WalkingWithDog_g20_c04.avi,WalkingWithDog,21:22:40,21:24:26
v_WalkingWithDog_g20_c05.avi,WalkingWithDog,21:52:29,21:54:19
v_WalkingWithDog_g20_c06.avi,WalkingWithDog,17:07:10,17:07:25
v_WalkingWithDog_g20_c07.avi,WalkingWithDog,21:07:23,21:08:33
v_WalkingWithDog_g21_c02.avi,WalkingWithDog,12:35:16,12:36:42
v_WalkingWithDog_g22_c01.avi,WalkingWithDog,09:17:03,09:18:04
v_WalkingWithDog_g22_c03.avi,WalkingWithDog,21:48:49,21:49:21
v_WalkingWithDog_g22_c04.avi,WalkingWithDog,22:17:38,22:18:40
v_WalkingWithDog_g23_c01.avi,WalkingWithDog,16:09:13,16:10:08
v_WalkingWithDog_g23_c03.avi,WalkingWithDog,10:39:51,10:41:29
v_WalkingWithDog_g23_c04.avi,WalkingWithDog,12:37:08,12:38:14
v_WalkingWithDog_g24_c06.avi,WalkingWithDog,15:40:18,15:41:44
v_WalkingWithDog_g25_c02.avi,WalkingWithDog,17:06:14,17:07:44
v_WalkingWithDog_g25_c03.avi,WalkingWithDog,10:17:06,10:17:46
v_WalkingWithDog_g25_c04.avi,WalkingWithDog,06:23:31,06:25:27
v_WallPushups_g01_c01.avi,WallPushups,21:32:37,21:33:23
v_WallPushups_g01_c02.avi,WallPushups,06:03:01,06:03:37
v_WallPushups_g02_c01.avi,WallPushups,21:55:35,21:56:10
v_WallPushups_g02_c02.avi,WallPushups,07:15:43,07:17:15
v_WallPushups_g02_c03.avi,WallPushups,12:02:16,12:03:36
v_WallPushups_g02_c04.avi,WallPushups,14:47:00,14:47:51
v_WallPushups_g03_c01.avi,WallPushups,14:39:02,14:39:48
v_WallPushups_g03_c02.avi,WallPushups,15:14:58,15:15:29
v_WallPushups_g03_c03.avi,WallPushups,07:53:19,07:55:04
v_WallPushups_g03_c04.avi,WallPushups,14:08:04,14:08:16
v_WallPushups_g04_c02.avi,WallPushups,19:05:38,19:07:15
v_WallPushups_g04_c03.avi,WallPushups,13:14:31,13:14:43
v_WallPushups_g04_c04.avi,WallPushups,06:22:39,06:23:28
v_WallPushups_g05_c01.avi,WallPushups,16:36:32,16:37:43
v_WallPushups_g05_c02.avi,WallPushups,20:04:42,20:05:59
v_WallPushups_g05_c03.avi,WallPushups,18:10:47,18:11:56
v_WallPushups_g05_c04.avi,WallPushups,12:27:34,12:28:24
v_WallPushups_g06_c01.avi,WallPushups,12:49:43,12:50:27
v_WallPushups_g06_c03.avi,WallPushups,08:25:49,08:27:46
v_WallPushups_g06_c05.avi,WallPushups,18:39:25,18:40:39
v_WallPushups_g06_c07.avi,WallPushups,15:25:28,15:26:14
v_WallPushups_g07_c01.avi,WallPushups,12:18:50,12:19:07
v_WallPushups_g07_c03.avi,WallPushups,14:35:47,14:37:09
v_WallPushups_g07_c04.avi,WallPushups,06:03:19,06:03:35
v_WallPushups_g07_c06.avi,WallPushups,11:07:09,11:07:31
v_WallPushups_g08_c01.avi,WallPushups,13:08:25,13:09:00
v_WallPushups_g08_c02.avi,WallPushups,19:36:31,19:37:09
v_WallPushups_g08_c03.avi,WallPushups,12:27:55,12:29:27
v_WallPushups_g08_c04.avi,WallPushups,08:38:04,08:38:18
v_WallPushups_g09_c01.avi,WallPushups,06:32:29,06:33:47
v_WallPushups_g09_c02.avi,WallPushups,18:21:47,18:22:45
v_WallPushups_g09_c03.avi,WallPushups,13:35:56,13:36:30
v_WallPushups_g09_c05.avi,WallPushups,22:44:46,22:46:04
v_WallPushups_g10_c01.avi,WallPushups,22:46:19,22:47:24
v_WallPushups_g10_c02.avi,WallPushups,18:11:57,18:13:12
v_WallPushups_g10_c03.avi,WallPushups,15:48:48,15:50:43
v_WallPushups_g10_c05.avi,WallPushups,06:45:11,06:46:49
v_WallPushups_g11_c01.avi,WallPushups,11:24:28,11:26:04
v_WallPushups_g11_c02.avi,WallPushups,10:16:36,10:18:33
v_WallPushups_g11_c03.avi,WallPushups,11:12:48,11:14:18
v_WallPushups_g11_c05.avi,WallPushups,14:11:07,14:12:11
v_WallPushups_g11_c06.avi,WallPushups,06:57:21,06:58:16
v_WallPushups_g12_c01.avi,WallPushups,22:04:24,22:05:33
v_WallPushups_g12_c03.avi,WallPushups,08:50:08,08:51:55
v_WallPushups_g12_c04.avi,WallPushups,12:58:52,12:59:38
v_WallPushups_g12_c05.avi,WallPushups,08:06:00,08:07:14
v_WallPushups_g13_c01.avi,WallPushups,15:32:53,15:33:58
v_WallPushups_g13_c02.avi,WallPushups,17:13:40,17:14:52
v_WallPushups_g13_c04.avi,WallPushups,14:31:39,14:31:50
v_WallPushups_g13_c05.avi,WallPushups,22:21:25,22:21:54
v_WallPushups_g14_c02.avi,WallPushups,12:30:16,12:31:47
v_WallPushups_g14_c03.avi,WallPushups,12:26:29,12:27:55
v_WallPushups_g14_c04.avi,WallPushups,16:34:01,16:34:27
v_WallPushups_g14_c05.avi,WallPushups,13:00:48,13:02:11
v_WallPushups_g15_c01.avi,WallPushups,16:19:40,16:20:37
v_WallPushups_g15_c02.avi,WallPushups,07:16:36,07:18:10
v_WallPushups_g15_c04.avi,WallPushups,08:48:59,08:50:32
v_WallPushups_g16_c01.avi,WallPushups,06:50:51,06:52:08
v_WallPushups_g16_c02.avi,WallPushups,11:49:33,11:51:02
v_WallPushups_g16_c03.avi,WallPushups,14:40:05,14:41:13
v_WallPushups_g16_c04.avi,WallPushups,09:29:47,09:31:25
v_WallPushups_g16_c05.avi,WallPushups,08:05:37,08:06:38
v_WallPushups_g16_c06.avi,WallPushups,21:13:29,21:14:26
v_WallPushups_g16_c07.avi,WallPushups,20:05:14,20:05:40
v_WallPushups_g17_c03.avi,WallPushups,06:50:01,06:50:50
v_WallPushups_g17_c04.avi,WallPushups,10:16:20,10:17:17
v_WallPushups_g17_c05.avi,WallPushups,22:08:29,22:09:08
v_WallPushups_g17_c06.avi,WallPushups,09:11:46,09:12:00
v_WallPushups_g17_c07.avi,WallPushups,20:20:41,20:21:46
v_WallPushups_g18_c01.avi,WallPushups,17:55:03,17:55:52
v_WallPushups_g18_c02.avi,WallPushups,21:11:12,21:12:43
v_WallPushups_g18_c03.avi,WallPushups,12:55:59,12:57:52
v_WallPushups_g19_c01.avi,WallPushups,08:44:22,08:45:13
v_WallPushups_g19_c02.avi,WallPushups,10:59:03,10:59:54
v_WallPushups_g19_c03.avi,WallPushups,21:55:13,21:55:39
v_WallPushups_g19_c04.avi,WallPushups,16:29:08,16:30:59
v_WallPushups_g19_c05.avi,WallPushups,12:12:21,12:14:13
v_WallPushups_g20_c01.avi,WallPushups,16:29:05,16:29:59
v_WallPushups_g20_c02.avi,WallPushups,18:00:50,18:01:23
v_WallPushups_g20_c04.avi,WallPushups,20:36:53,20:37:54
v_WallPushups_g20_c06.avi,WallPushups,15:16:15,15:16:55
v_WallPushups_g21_c01.avi,WallPushups,19:01:20,19:02:10
v_WallPushups_g21_c02.avi,WallPushups,18:02:04,18:02:55
v_WallPushups_g21_c03.avi,WallPushups,13:17:33,13:19:28
v_WallPushups_g21_c04.avi,WallPushups,18:52:59,18:53:12
v_WallPushups_g21_c05.avi,WallPushups,22:56:36,22:57:26
v_WallPushups_g21_c07.avi,WallPushups,19:35:05,19:35:24
v_WallPushups_g22_c01.avi,WallPushups,17:59:52,18:01:26
v_WallPushups_g22_c03.avi,WallPushups,15:27:15,15:28:31
v_WallPushups_g22_c04.avi,WallPushups,13:53:40,13:54:54
v_WallPushups_g23_c01.avi,WallPushups,07:41:46,07:43:30
v_WallPushups_g23_c02.avi,WallPushups,16:44:04,16:46:03
v_WallPushups_g23_c03.avi,WallPushups,06:34:58,06:36:37
v_WallPushups_g24_c01.avi,WallPushups,16:15:43,16:16:56
v_WallPushups_g24_c02.avi,WallPushups,15:50:00,15:50:27
v_WallPushups_g24_c03.avi,WallPushups,18:10:11,18:11:44
v_WallPushups_g25_c01.avi,WallPushups,17:04:36,17:06:12
v_WallPushups_g25_c02.avi,WallPushups,18:36:25,18:37:32
v_WallPushups_g25_c03.avi,WallPushups,11:43:09,11:45:01
v_WallPushups_g25_c04.avi,WallPushups,11:51:05,11:52:21
v_WritingOnBoard_g01_c01.avi,WritingOnBoard,10:57:27,10:57:54
v_WritingOnBoard_g01_c03.avi,WritingOnBoard,14:27:59,14:28:41
v_WritingOnBoard_g01_c05.avi,WritingOnBoard,07:35:47,07:36:05
v_WritingOnBoard_g01_c07.avi,WritingOnBoard,06:31:17,06:31:59
v_WritingOnBoard_g02_c01.avi,WritingOnBoard,15:13:49,15:14:24
v_WritingOnBoard_g02_c02.avi,WritingOnBoard,15:01:51,15:02:10
v_WritingOnBoard_g02_c03.avi,WritingOnBoard,19:30:24,19:32:23
v_WritingOnBoard_g02_c05.avi,WritingOnBoard,17:43:07,17:44:18
v_WritingOnBoard_g02_c06.avi,WritingOnBoard,11:07:23,11:07:56
v_WritingOnBoard_g02_c07.avi,WritingOnBoard,11:38:24,11:39:38
v_WritingOnBoard_g03_c05.avi,WritingOnBoard,12:05:18,12:06:23
v_WritingOnBoard_g03_c07.avi,WritingOnBoard,14:35:12,14:36:04
v_WritingOnBoard_g04_c01.avi,WritingOnBoard,09:13:12,09:13:27
v_WritingOnBoard_g04_c02.avi,WritingOnBoard,17:02:16,17:02:32
v_WritingOnBoard_g04_c03.avi,WritingOnBoard,08:44:06,08:44:18
v_WritingOnBoard_g04_c04.avi,WritingOnBoard,12:59:00,13:00:20
v_WritingOnBoard_g05_c03.avi,WritingOnBoard,06:35:52,06:36:03
v_WritingOnBoard_g06_c01.avi,WritingOnBoard,11:20:48,11:21:09
v_WritingOnBoard_g06_c02.avi,WritingOnBoard,16:21:01,16:22:35
v_WritingOnBoard_g06_c03.avi,WritingOnBoard,10:19:10,10:20:12
v_WritingOnBoard_g06_c04.avi,WritingOnBoard,14:14:32,14:15:41
v_WritingOnBoard_g06_c06.avi,WritingOnBoard,09:31:31,09:32:14
v_WritingOnBoard_g07_c02.avi,WritingOnBoard,16:10:18,16:10:49
v_WritingOnBoard_g07_c05.avi,WritingOnBoard,15:06:18,15:07:33
v_WritingOnBoard_g07_c06.avi,WritingOnBoard,15:15:30,15:17:00
v_WritingOnBoard_g07_c07.avi,WritingOnBoard,16:03:51,16:05:12
v_WritingOnBoard_g08_c03.avi,WritingOnBoard,15:42:50,15:43:07
v_WritingOnBoard_g08_c04.avi,WritingOnBoard,17:44:57,17:45:56
v_WritingOnBoard_g09_c02.avi,WritingOnBoard,16:42:42,16:43:17
v_WritingOnBoard_g09_c03.avi,WritingOnBoard,22:03:47,22:04:40
v_WritingOnBoard_g09_c04.avi,WritingOnBoard,22:33:40,22:34:07
v_WritingOnBoard_g09_c05.avi,WritingOnBoard,10:13:07,10:14:55
v_WritingOnBoard_g09_c06.avi,WritingOnBoard,11:55:05,11:56:48
v_WritingOnBoard_g10_c03.avi,WritingOnBoard,09:14:19,09:15:58
v_WritingOnBoard_g10_c04.avi,WritingOnBoard,07:27:05,07:28:57
v_WritingOnBoard_g10_c05.avi,WritingOnBoard,14:32:51,14:33:35
v_WritingOnBoard_g10_c07.avi,WritingOnBoard,19:44:21,19:45:16
v_WritingOnBoard_g11_c01.avi,WritingOnBoard,20:04:37,20:06:04
v_WritingOnBoard_g11_c02.avi,WritingOnBoard,10:30:14,10:31:30
v_WritingOnBoard_g11_c04.avi,WritingOnBoard,12:03:27,12:05:07
v_WritingOnBoard_g11_c06.avi,WritingOnBoard,10:15:18,10:15:29
v_WritingOnBoard_g12_c01.avi,WritingOnBoard,17:04:22,17:04:54
v_WritingOnBoard_g12_c02.avi,WritingOnBoard,10:35:58,10:37:57
v_WritingOnBoard_g12_c03.avi,WritingOnBoard,07:36:52,07:37:43
v_WritingOnBoard_g13_c01.avi,WritingOnBoard,12:40:43,12:41:34
v_WritingOnBoard_g13_c03.avi,WritingOnBoard,08:38:16,08:38:42
v_WritingOnBoard_g13_c04.avi,WritingOnBoard,08:42:01,08:43:33
v_WritingOnBoard_g13_c06.avi,WritingOnBoard,15:53:32,15:55:30
v_WritingOnBoard_g14_c01.avi,WritingOnBoard,15:05:09,15:05:37
v_WritingOnBoard_g14_c02.avi,WritingOnBoard,13:48:28,13:49:41
v_WritingOnBoard_g14_c03.avi,WritingOnBoard,12:46:57,12:47:34
v_WritingOnBoard_g14_c04.avi,WritingOnBoard,22:28:09,22:28:24
v_WritingOnBoard_g15_c03.avi,WritingOnBoard,12:52:38,12:53:40
v_WritingOnBoard_g15_c04.avi,WritingOnBoard,19:06:37,19:08:32
v_WritingOnBoard_g16_c01.avi,WritingOnBoard,19:04:40,19:06:06
v_WritingOnBoard_g16_c02.avi,WritingOnBoard,20:00:50,20:01:28
v_WritingOnBoard_g16_c03.avi,WritingOnBoard,11:16:21,11:16:39
v_WritingOnBoard_g16_c04.avi,WritingOnBoard,07:37:55,07:39:21
v_WritingOnBoard_g16_c06.avi,WritingOnBoard,07:05:13,07:05:48
v_WritingOnBoard_g16_c07.avi,WritingOnBoard,13:46:02,13:47:11
v_WritingOnBoard_g17_c02.avi,WritingOnBoard,12:30:17,12:31:19
v_WritingOnBoard_g17_c04.avi,WritingOnBoard,21:22:16,21:24:04
v_WritingOnBoard_g17_c05.avi,WritingOnBoard,22:59:57,23:01:05
v_WritingOnBoard_g18_c01.avi,WritingOnBoard,17:08:46,17:09:28
v_WritingOnBoard_g18_c03.avi,WritingOnBoard,16:57:01,16:58:36
v_WritingOnBoard_g18_c04.avi,WritingOnBoard,17:53:49,17:54:24
v_WritingOnBoard_g18_c05.avi,WritingOnBoard,22:03:22,22:04:44
v_WritingOnBoard_g18_c06.avi,WritingOnBoard,14:47:02,14:48:53
v_WritingOnBoard_g19_c02.avi,WritingOnBoard,19:58:48,19:59:31
v_WritingOnBoard_g19_c03.avi,WritingOnBoard,22:05:17,22:06:46
v_WritingOnBoard_g20_c01.avi,WritingOnBoard,06:10:04,06:10:29
v_WritingOnBoard_g20_c02.avi,WritingOnBoard,15:58:04,15:58:50
v_WritingOnBoard_g20_c03.avi,WritingOnBoard,19:48:18,19:48:53
v_WritingOnBoard_g20_c04.avi,WritingOnBoard,12:05:09,12:05:50
v_WritingOnBoard_g20_c05.avi,WritingOnBoard,21:09:54,21:11:45
v_WritingOnBoard_g20_c06.avi,WritingOnBoard,20:39:28,20:41:22
v_WritingOnBoard_g21_c03.avi,WritingOnBoard,11:20:04,11:21:46
v_WritingOnBoard_g21_c04.avi,WritingOnBoard,12:12:06,12:13:56
v_WritingOnBoard_g21_c05.avi,WritingOnBoard,13:20:17,13:20:53
v_WritingOnBoard_g21_c06.avi,WritingOnBoard,20:51:29,20:53:06
v_WritingOnBoard_g21_c07.avi,WritingOnBoard,11:10:03,11:11:26
v_WritingOnBoard_g22_c01.avi,WritingOnBoard,18:49:17,18:50:40
v_WritingOnBoard_g22_c02.avi,WritingOnBoard,14:04:11,14:05:17
v_WritingOnBoard_g22_c05.avi,WritingOnBoard,09:03:31,09:04:29
v_WritingOnBoard_g22_c07.avi,WritingOnBoard,20:37:42,20:39:14
v_WritingOnBoard_g23_c01.avi,WritingOnBoard,18:30:29,18:31:13
v_WritingOnBoard_g23_c02.avi,WritingOnBoard,06:32:42,06:33:34
v_WritingOnBoard_g23_c03.avi,WritingOnBoard,17:34:21,17:34:57
v_WritingOnBoard_g23_c04.avi,WritingOnBoard,19:34:08,19:35:21
v_WritingOnBoard_g23_c05.avi,WritingOnBoard,10:00:23,10:00:34
v_WritingOnBoard_g24_c01.avi,WritingOnBoard,18:24:28,18:25:13
v_WritingOnBoard_g24_c02.avi,WritingOnBoard,12:04:45,12:05:26
v_WritingOnBoard_g24_c04.avi,WritingOnBoard,20:03:26,20:03:50
v_WritingOnBoard_g24_c05.avi,WritingOnBoard,10:32:01,10:32:46
v_WritingOnBoard_g24_c06.avi,WritingOnBoard,13:36:24,13:38:09
v_WritingOnBoard_g24_c07.avi,WritingOnBoard,12:15:35,12:16:40
v_WritingOnBoard_g25_c02.avi,WritingOnBoard,13:25:44,13:27:29
v_WritingOnBoard_g25_c04.avi,WritingOnBoard,06:49:03,06:50:09
v_WritingOnBoard_g25_c05.avi,WritingOnBoard,12:42:45,12:43:22
v_WritingOnBoard_g25_c06.avi,WritingOnBoard,18:25:28,18:27:14
v_YoYo_g01_c01.avi,YoYo,16:30:10,16:30:57
v_YoYo_g01_c03.avi,YoYo,13:15:28,13:15:54
v_YoYo_g01_c04.avi,YoYo,09:51:28,09:52:47
v_YoYo_g01_c05.avi,YoYo,10:42:40,10:43:20
v_YoYo_g01_c06.avi,YoYo,13:29:53,13:31:24
v_YoYo_g01_c07.avi,YoYo,17:46:43,17:47:48
v_YoYo_g02_c01.avi,YoYo,10:47:12,10:48:01
v_YoYo_g02_c02.avi,YoYo,11:50:30,11:50:58
v_YoYo_g02_c03.avi,YoYo,13:58:32,13:59:19
v_YoYo_g02_c05.avi,YoYo,07:19:41,07:20:26
v_YoYo_g03_c01.avi,YoYo,17:05:43,17:06:00
v_YoYo_g03_c02.avi,YoYo,09:43:40,09:44:08
v_YoYo_g03_c04.avi,YoYo,12:44:57,12:45:36
v_YoYo_g03_c05.avi,YoYo,15:00:46,15:02:44
v_YoYo_g03_c06.avi,YoYo,21:45:04,21:45:36
v_YoYo_g04_c01.avi,YoYo,12:21:26,12:23:01
v_YoYo_g04_c03.avi,YoYo,09:59:54,10:00:24
v_YoYo_g04_c04.avi,YoYo,20:32:13,20:33:50
v_YoYo_g04_c05.avi,YoYo,06:36:45,06:37:54
v_YoYo_g05_c01.avi,YoYo,22:31:55,22:32:33
v_YoYo_g05_c03.avi,YoYo,16:03:08,16:04:06
v_YoYo_g05_c04.avi,YoYo,20:50:13,20:51:47
v_YoYo_g05_c05.avi,YoYo,08:58:52,08:59:37
v_YoYo_g06_c02.avi,YoYo,17:16:52,17:18:51
v_YoYo_g06_c03.avi,YoYo,07:14:55,07:16:31
v_YoYo_g06_c04.avi,YoYo,20:29:23,20:30:49
v_YoYo_g07_c01.avi,YoYo,07:05:43,07:06:27
v_YoYo_g07_c02.avi,YoYo,06:24:13,06:25:26
v_YoYo_g07_c04.avi,YoYo,10:24:59,10:25:11
v_YoYo_g08_c01.avi,YoYo,21:36:20,21:36:33
v_YoYo_g08_c03.avi,YoYo,08:47:38,08:49:15
v_YoYo_g08_c04.avi,YoYo,13:10:25,13:11:03
v_YoYo_g08_c05.avi,YoYo,19:19:56,19:20:24
v_YoYo_g09_c01.avi,YoYo,18:44:23,18:45:03
v_YoYo_g09_c02.avi,YoYo,13:15:50,13:16:22
v_YoYo_g09_c03.avi,YoYo,20:09:43,20:10:35
v_YoYo_g09_c05.avi,YoYo,06:39:04,06:40:06
v_YoYo_g10_c01.avi,YoYo,20:11:07,20:12:48
v_YoYo_g10_c02.avi,YoYo,15:27:13,15:27:28
v_YoYo_g10_c03.avi,YoYo,07:55:39,07:56:44
v_YoYo_g10_c04.avi,YoYo,08:16:48,08:18:08
v_YoYo_g10_c05.avi,YoYo,12:10:44,12:11:12
v_YoYo_g11_c01.avi,YoYo,07:43:35,07:44:15
v_YoYo_g11_c02.avi,YoYo,14:16:09,14:17:24
v_YoYo_g11_c05.avi,YoYo,10:08:19,10:09:24
v_YoYo_g11_c06.avi,YoYo,19:34:14,19:35:01
v_YoYo_g12_c01.avi,YoYo,21:53:18,21:53:45
v_YoYo_g12_c02.avi,YoYo,07:10:07,07:11:42
v_YoYo_g12_c03.avi,YoYo,12:49:03,12:50:25
v_YoYo_g12_c04.avi,YoYo,19:36:09,19:37:30
v_YoYo_g13_c01.avi,YoYo,22:50:54,22:52:49
v_YoYo_g13_c02.avi,YoYo,17:09:36,17:10:12
v_YoYo_g13_c05.avi,YoYo,18:10:52,18:12:39
v_YoYo_g14_c01.avi,YoYo,15:23:14,15:23:56
v_YoYo_g14_c02.avi,YoYo,18:59:42,19:01:07
v_YoYo_g14_c03.avi,YoYo,19:47:01,19:48:13
v_YoYo_g14_c04.avi,YoYo,10:41:56,10:43:41
v_YoYo_g15_c01.avi,YoYo,09:15:44,09:16:28
v_YoYo_g15_c02.avi,YoYo,15:41:27,15:43:07
v_YoYo_g15_c04.avi,YoYo,20:50:41,20:51:18
v_YoYo_g16_c02.avi,YoYo,09:16:56,09:17:06
v_YoYo_g16_c03.avi,YoYo,06:05:57,06:06:34
v_YoYo_g16_c04.avi,YoYo,16:27:01,16:27:28
v_YoYo_g16_c05.avi,YoYo,19:47:07,19:47:39
v_YoYo_g16_c06.avi,YoYo,22:12:02,22:13:23
v_YoYo_g17_c01.avi,YoYo,13:07:44,13:08:12
v_YoYo_g17_c03.avi,YoYo,15:45:56,15:47:31
v_YoYo_g17_c04.avi,YoYo,09:17:16,09:18:33
v_YoYo_g17_c06.avi,YoYo,16:45:21,16:45:36
v_YoYo_g18_c01.avi,YoYo,06:13:52,06:14:06
v_YoYo_g18_c02.avi,YoYo,21:16:05,21:16:23
v_YoYo_g18_c03.avi,YoYo,10:42:29,10:42:52
v_YoYo_g18_c04.avi,YoYo,22:32:23,22:33:19
v_YoYo_g19_c02.avi,YoYo,06:55:58,06:57:29
v_YoYo_g19_c03.avi,YoYo,21:18:00,21:19:48
v_YoYo_g19_c04.avi,YoYo,22:26:35,22:27:29
v_YoYo_g19_c06.avi,YoYo,08:06:40,08:06:51
v_YoYo_g20_c01.avi,YoYo,07:52:04,07:52:47
v_YoYo_g20_c02.avi,YoYo,08:35:45,08:37:10
v_YoYo_g20_c03.avi,YoYo,19:32:14,19:32:30
v_YoYo_g21_c01.avi,YoYo,08:14:44,08:15:03
v_YoYo_g21_c02.avi,YoYo,13:23:01,13:23:34
v_YoYo_g21_c03.avi,YoYo,07:37:42,07:39:16
v_YoYo_g21_c04.avi,YoYo,17:44:33,17:46:06
v_YoYo_g21_c06.avi,YoYo,14:23:45,14:25:35
v_YoYo_g22_c01.avi,YoYo,13:03:36,13:04:38
v_YoYo_g22_c02.avi,YoYo,15:07:26,15:07:37
v_YoYo_g22_c04.avi,YoYo,17:58:15,17:59:25
v_YoYo_g22_c05.avi,YoYo,10:22:53,10:23:40
v_YoYo_g22_c06.avi,YoYo,08:54:03,08:55:05
v_YoYo_g23_c01.avi,YoYo,19:21:08,19:23:02
v_YoYo_g23_c02.avi,YoYo,15:34:37,15:35:03
v_YoYo_g23_c05.avi,YoYo,13:52:39,13:53:28
v_YoYo_g24_c01.avi,YoYo,20:02:16,20:04:12
v_YoYo_g24_c02.avi,YoYo,18:35:55,18:37:40
v_YoYo_g24_c03.avi,YoYo,07:25:30,07:25:56
v_YoYo_g24_c04.avi,YoYo,18:51:38,18:52:52
v_YoYo_g25_c01.avi,YoYo,08:41:25,08:42:58
v_YoYo_g25_c02.avi,YoYo,16:08:58,16:10:15
v_YoYo_g25_c04.avi,YoYo,10:00:20,10:01:08
